UNIQUE_ID_CODE,CTD_cast_file_name
FP_CC_20171113_1,CC1735003_20171113_200917
FP_NH_20171114_1,CC1735003_20171114_122938
FP_CC_20171119_1,CC1531002_20171119_183927
FP_CI_20171122_1,CC1735003_20171122_151728
FP_NH_20171123_1,CC1735003_20171123_194735
FP_NH_20171123_1,CC1735003_20171123_195555
FP_WH_20171125_1,CC1735003_20171125_130840
FP_CI_20171202_1,CC1735003_20171202_131344
FP_NH_20171209_1,CC1531002_20171209_114918
FP_NH_20171209_1,CC1531002_20171209_115653
FP_NH_20171209_1,CC1531002_20171209_120201
FP_CC_20171213_1,CC1735003_20171213_192334
FP_PH_20171214_1,CC1735003_20171214_193503
FP_CI_20171214_1,CC1735003_20171214_124927
FP_WH_20171215_1,CC1735003_20171215_192545
FP_NH_20171216_1,CC1531002_20171216_132916
FP_NH_20171216_1,CC1531002_20171216_133717
FP_NH_20171216_1,CC1531002_20171216_134205
FP_DI_20171216_1,CC1531002_20171216_185917
FP_DI_20171216_1,CC1531002_20171216_190740
FP_DI_20171216_1,CC1531002_20171216_191258
FP_PH_20171218_1,CC1531002_20171218_193454
FP_PH_20171218_1,CC1531002_20171218_194208
FP_PH_20171218_1,CC1531002_20171218_194932
FP_CC_20171218_1,CC1735003_20171218_133326
FP_DI_20171219_1,CC1735003_20171219_122146
FP_CI_20171220_1,CC1735003_20171220_185438
FP_PH_20171225_1,CC1531002_20171225_193225
FP_PH_20171225_1,CC1531002_20171225_193644
FP_PH_20171225_1,CC1531002_20171225_193959
FP_OH_20171225_1,CC1735003_20171225_191229
FP_DI_20171225_1,CC1531002_20171225_135210
FP_DI_20171225_1,CC1531002_20171225_135834
FP_PT_20171226_1,CC1531002_20171226_181556
FP_PT_20171226_1,CC1531002_20171226_182046
FP_NH_20171228_1,CC1531002_20171228_191930
FP_NH_20171228_1,CC1531002_20171228_192347
FP_CI_20171228_1,CC1735003_20171228_122118
FP_BB_20171230_1,CC1531002_20171230_185310
FP_BB_20171230_1,CC1531002_20171230_190014
FP_BB_20171230_1,CC1531002_20171230_190257
FP_OH_20171230_1,CC1735003_20171230_132657
FP_NH_20171230_1,CC1735003_20171230_192814
FP_BG_20171230_1,CC1735003_20171230_205236
FP_AB_20171230_1,CC1735003_20171230_183927
FP_EC_20171230_1,CC1735003_20171230_175432
FP_UI_20171230_1,CC1735003_20171230_171934
FP_CC_20180102_1,CC1735003_20180102_130512
FP_PH_20180105_1,CC1735004_20180105_205438
FP_CI_20180105_1,CC1735004_20180105_133625
FP_PH_20180106_1,CC1531002_20180106_192955
FP_PH_20180106_1,CC1531002_20180106_193306
FP_PH_20180106_1,CC1531002_20180106_193756
FP_PH_20180106_1,
FP_CI_20180106_1,CC1531002_20180106_124720
FP_CI_20180106_1,CC1531002_20180106_125247
FP_CI_20180106_1,CC1531002_20180106_125605
FP_WH_20180107_1,CC1735004_20180107_171801
FP_PT_20180107_1,CC1531002_20180107_192048
FP_PT_20180107_1,CC1531002_20180107_192501
FP_PT_20180107_1,CC1531002_20180107_192757
FP_WH_20180109_1,CC1735004_20180109_172952
FP_WH_20180118_1,CC1735004_20180118_125708
FP_WH_20180119_1,CC1735004_20180119_164446
FP_CI_20180119_1,CC1735004_20180119_202259
FP_DI_20180120_1,CC1735004_20180120_172025
FP_BB_20180130_1,CC1518002_20180130_192200
FP_DI_20180203_1,CC1531002_20180203_122156
FP_DI_20180203_1,CC1531002_20180203_122847
FP_CC_20180203_1,CC1518002_20180203_193326
FP_PH_20180205_1,CC1531002_20180205_121639
FP_DI_20180206_1,CC1518002_20180206_170531
FP_DI_20180206_1,CC1518002_20180206_170935
FP_DI_20180212_1,CC1531002_20180212_122644
FP_DI_20180212_1,CC1531002_20180212_180234
FP_ST_20180215_1,CC1531002_20180215_173527
FP_WH_20180215_1,CC1735004_20180215_205527
FP_NH_20180216_1,CC1735003_20180216_111430
FP_NH_20180216_1,CC1735003_20180216_130445
FP_WH_20180217_1,CC1735004_20180217_142846
FP_PH_20180218_1,CC1735004_20180218_222355
FP_DI_20180218_1,CC1735004_20180218_153347
FP_ST_20180219_1,CC1735003_20180219_144348
FP_ST_20180228_1,CC1531002_20180228_120945
FP_PT_20180301_1,CC1531002_20180301_185748
FP_CI_20180302_1,CC1735003_20180302_123027
FP_PH_20180303_1,CC1735003_20180303_122738
FP_PT_20180309_1,CC1531002_20180309_180627
FP_NH_20180310_1,CC1531002_20180310_172657
FP_PH_20180310_1,CC1531002_20180310_122936
FP_CI_20180311_1,CC1531002_20180311_121757
FP_CI_20180317_1,CC1531002_20180317_172919
FP_NH_20180317_1,CC1531002_20180317_121954
FP_PT_20180318_1,CC1531002_20180318_174833
FP_CI_20181112_1,CC1627007_20181112_190431
FP_HI_20181118_1,CC1735003_20181118_142426
FP_CI_20181122_1,CC1627007_20181122_141035
FP_CI_20181128_1,CC1735003_20181128_123658
FP_CI_20181205_1,CC1627007_20181205_201342
FP_CC_20181208_2,CC1735003_20181208_191931
FP_CC_20181208_1,CC1531002_20181208_114452
FP_CC_20181208_1,CC1531002_20181208_115102
FP_PH_20181209_1,CC1531002_20181209_183441
FP_PH_20181209_1,CC1531002_20181209_184044
FP_NH_20181209_1,CC1531002_20181209_114836
FP_NH_20181209_1,CC1531002_20181209_115644
FP_OH_20181210_1,CC1735003_20181210_182625
FP_CI_20181210_1,CC1735003_20181210_133601
FP_DI_20181213_1,CC1735003_20181213_184814
FP_OH_20181215_1,CC1735003_20181215_185837
FP_NH_20181215_1,CC1735003_20181215_121511
FP_NH_20181215_1,CC1735003_20181215_122354
FP_NH_20181216_1,CC1531002_20181216_173427
FP_NH_20181216_1,CC1531002_20181216_174358
FP_DI_20181216_1,CC1531002_20181216_115730
FP_DI_20181216_1,CC1531002_20181216_120231
FP_PH_20181218_1,CC1531002_20181218_191657
FP_PH_20181218_1,CC1531002_20181218_191856
FP_MX_20181219_1,CC1735004_20181219_194923
FP_PH_20181220_1,CC1735003_20181220_125435
FP_CI_20181224_1,CC1735003_20181224_194857
FP_PH_20181225_1,CC1531002_20181225_181607
FP_PH_20181225_1,CC1531002_20181225_182410
FP_OH_20181225_1,CC1735003_20181225_184058
FP_CI_20181225_1,CC1531002_20181225_114931
FP_CI_20181225_1,CC1531002_20181225_115543
FP_PH_20181226_1,CC1735004_20181226_150004
FP_NH_20181228_1,CC1531002_20181228_174439
FP_NH_20181228_1,CC1531002_20181228_175125
FP_WH_20181231_1,CC1627007_20181231_183846
FP_WH_20190106_1,CC1531002_20190106_181702
FP_WH_20190106_1,CC1531002_20190106_183239
FP_WH_20190106_1,CC1735004_20190106_212826
FP_WH_20190112_1,CC1735004_20190112_124859
FP_CC_20190115_1,CC1735003_20190115_181003
FP_WH_20190118_1,CC1627007_20190118_150840
FP_CI_20190119_1,CC1735004_20190119_215444
FP_WH_20190121_1,CC1838012_20190121_203125
FP_NH_20190121_1,CC1838012_20190121_123905
FP_PT_20190122_1,CC1735004_20190122_215407
FP_FB_20190124_1,CC1838012_20190124_172000
FP_PB_20190126_1,CC1838012_20190126_125603
FP_DI_20190126_1,CC1531002_20190126_124021
FP_DI_20190126_1,CC1531002_20190126_124936
FP_DI_20190126_1,CC1838012_20190126_125603
FP_CI_20190126_1,CC1531002_20190126_175834
FP_CI_20190126_1,CC1531002_20190126_180900
FP_CI_20190126_1,CC1531002_20190126_181644
FP_CI_20190126_1,CC1838012_20190126_205551
FP_PH_20190127_1,CC1838012_20190127_144152
FP_NH_20190127_2,CC1838012_20190127_175837
FP_NH_20190127_2,CC1838012_20190127_183057
FP_NH_20190127_1,CC1531002_20190127_122055
FP_NH_20190127_1,CC1531002_20190127_123633
FP_BB_20190128_1,CC1627007_20190128_143555
FP_WH_20190128_1,CC1838012_20190128_194301
FP_ER_20190201_1,CC1838012_20190201_132258
FP_WH_20190201_1,CC1735004_20190201_161716
FP_CI_20190202_1,CC1735004_20190202_174247
FP_CI_20190202_1,CC1735004_20190202_174759
FP_PT_20190203_1,CC1735004_20190203_175235
FP_PT_20190203_1,CC1735004_20190203_175551
FP_HM_20190203_1,CC1838012_20190203_190744
FP_NH_20190203_1,CC1531002_20190203_181456
FP_NH_20190203_1,CC1531002_20190203_182432
FP_NH_20190203_1,CC1735003_20190203_184705
FP_CI_20190203_1,CC1531002_20190203_121209
FP_CI_20190203_1,CC1531002_20190203_121926
FP_PH_20190205_1,CC1735003_20190205_135703
FP_CC_20190208_1,CC1735003_20190208_195458
FP_OH_20190210_1,CC1735003_20190210_125457
FP_PH_20190211_1,CC1627007_20190211_200433
FP_NH_20190212_1,CC1531002_20190212_182609
FP_NH_20190212_1,CC1531002_20190212_184258
FP_DI_20190212_1,CC1531002_20190212_122301
FP_DI_20190212_1,CC1531002_20190212_123111
FP_NH_20190215_2,CC1735003_20190215_133625
FP_PT_20190217_1,CC1531002_20190217_174712
FP_PT_20190217_1,CC1531002_20190217_175307
FP_PT_20190217_1,CC1531002_20190217_175957
FP_CC_20190218_1,CC1735003_20190218_193116
FP_DI_20190219_1,CC1627007_20190219_195011
FP_MH_20190220_1,CC1838012_20190220_134605
FP_NH_20190220_2,CC1735003_20190220_191811
FP_CC_20190220_1,CC1838012_20190220_215201
FP_WH_20190221_1,CC1838012_20190221_125653
FP_CI_20190221_1,CC1838012_20190221_191411
FP_OH_20190222_1,CC1838012_20190222_115045
FP_MS_20190223_1,CC1838012_20190223_194243
FP_OH_20190223_1,CC1735003_20190223_125251
FP_PH_20190224_1,CC1838012_20190224_205903
FP_CC_20190224_1,CC1531002_20190224_114909
FP_CC_20190224_1,CC1531002_20190224_120323
FP_WH_20190225_1,CC1838012_20190225_174927
FP_DI_20190226_1,CC1838012_20190226_210258
FP_CC_20190227_1,CC1735004_20190227_185319
FP_PT_20190228_1,CC1838012_20190228_132141
FP_CI_20190306_1,CC1735003_20190306_185204
FP_CI_20190306_1,CC1735004_20190306_191303
FP_NH_20190308_1,CC1735004_20190308_194328
FP_NH_20190310_1,CC1531002_20190310_181408
FP_NH_20190310_1,CC1531002_20190310_183005
FP_PT_20190311_1,CC1531002_20190311_181230
FP_PT_20190311_1,CC1531002_20190311_182331
FP_NH_20190319_1,CC1531002_20190319_121918
FP_NH_20190319_1,CC1531002_20190319_123406
FP_PT_20190319_1,CC1531002_20190319_180059
FP_PT_20190319_1,CC1531002_20190319_181215
FP_PT_20190319_1,CC1531002_20190319_182912
FP_PT_20190320_1,CC1531002_20190320_175039
FP_YH_20191106_1,CC1849003_20191106_184456
FP_YH_20191106_2,CC1849003_20191106_215242
FP_WH_20191107_1,CC1849003_20191107_202606
FP_OH_20191108_3,CC1849003_20191108_172048
FP_OH_20191108_2,CC1849003_20191108_133105
FP_HM_20191109_2,CC1849003_20191109_125332
FP_HM_20191109_1,CC1849003_20191109_111245
FP_CI_20191205_1,CC1838012_20191205_185808
FP_CI_20191205_2,CC1838012_20191205_195603
FP_PH_20191210_1,CC1838012_20191210_140325
FP_MX_20191212_1,CC1838012_20191212_123256
FP_MX_20191212_1,CC1838012_20191212_121351
FP_VI_20191213_1,CC1838012_20191213_210609
FP_VI_20191213_1,CC1838012_20191213_210424
FP_NH_20191215_2,CC1838012_20191215_143917
FP_NH_20191215_2,CC1838012_20191215_143551
FP_NH_20191215_2,CC1838012_20191215_142843
FP_NH_20191215_1,CC1838012_20191215_133932
FP_NH_20191215_1,CC1838012_20191215_133518
FP_NH_20191215_1,CC1838012_20191215_125936
FP_AB_20191215_1,CC1838012_20191215_154408
FP_AB_20191215_1,CC1838012_20191215_154036
FP_AB_20191215_1,CC1838012_20191215_153602
FP_EC_20191215_2,CC1838012_20191215_162520
FP_EC_20191215_2,CC1838012_20191215_162445
FP_EC_20191215_2,CC1838012_20191215_162124
FP_EC_20191215_2,CC1838012_20191215_161755
FP_UI_20191215_1,CC1838012_20191215_170942
FP_UI_20191215_1,CC1838012_20191215_170633
FP_UI_20191215_1,CC1838012_20191215_170249
FP_CI_20191215_1,CC1838012_20191215_193313
FP_PT_20191219_1,CC1838012_20191219_131041
FP_OH_20191220_1,CC1838012_20191220_190448
FP_OH_20191220_1,CC1838012_20191220_185606
FP_NH_20191220_1,CC1838012_20191220_130456
FP_NH_20191220_1,CC1838012_20191220_115608
FP_PH_20191225_1,CC1838012_20191225_132629
FP_PH_20191225_1,CC1838012_20191225_130719
FP_PH_20191225_1,CC1627007_20191225_110502
FP_PT_20191226_1,CC1838012_20200122_133034
FP_BB_20191227_1,CC1838012_20200127_000014
FP_KC_20200126_1,CC1838012_20200126_194020
FP_HI_20200127_1,CC1838012_20200127_125753
FP_WH_20200130_1,CC1838012_20200130_201753
FP_WH_20200130_1,CC1838012_20200130_201338
FP_PH_20200131_1,CC1838012_20200131_193644
FP_PT_20200204_1,CC1838012_20200204_115605
FP_PT_20200204_1, CC1838012_20200204_141019
FP_CC_20200206_1,CC1627007_20200206_195805
FP_NH_20200207_1,CC1627007_20200207_202534
FP_NH_20200210_1,CC1838012_20200210_215654
FP_HF_20200219_1,CC1838012_20200219_193918
FP_OH_20200220_1,CC1627007_20200220_210331
FP_FH_20200220_1,CC1838012_20200220_132544
FP_CI_20200309_1,CC1627007_20200309_122213
FP_OH_20200310_1,CC1627007_20200310_111856
FP_HM_20211128_1,208040_20211128_1608
FP_NH_20211208_1,208042_20211208_0928
FP_WP_20211208_1,208040_20211208_1412_01
FP_WP_20211208_1,208040_20211208_1412
FP_WP_20211208_2,208040_20211208_1515
FP_CI_20211209_1,208039_20211209_1612
FP_CI_20211209_1,208039_20211209_1614_01
FP_CI_20211209_1,208039_20211209_1614
FP_NH_20211209_1,208039_20211209_1402_01
FP_NH_20211209_1,208039_20211209_1402
FP_NH_20211214_1,208039_20211214_1039
FP_FB_20211215_1,208039_20211215_1501
FP_FI_20211215_1,208039_20211215_1003
FP_BB_20211216_1,208040_20211216_1133
FP_BB_20211216_1,208040_20211216_1134
FP_NH_20211217_1,208040_20211217_1628
FP_PP_20211218_1,208039_20211218_1651
FP_CI_20211220_1,208039_20211220_1619
FP_CI_20211220_1,208039_20211220_1628
FP_NH_20211220_1,208039_20211220_1017
FP_CR_20211223_1,208040_20211223_1524
FP_OH_20211224_1,208039_20211224_1618
FP_SI_20211224_1,208039_20211224_1038
FP_SI_20211224_1,208040_20211224_1018
FP_SI_20211224_1,208040_20211224_1021
FP_SI_20211224_2,208040_20211224_1346
FP_DI_20211225_1,208039_20211225_0952
FP_BB_20211228_1,208039_20211228_2036
FP_BB_20211228_1,208039_20211228_2039
FP_HI_20211229_1,208039_20211229_1008
FP_KC_20211231_1,208039_20211231_1543
FP_MH_20220102_1,208039_20220102_1546
FP_OH_20220103_1,208039_20220103_1525
FP_DI_20220104_1,208039_20220104_1512
FP_CI_20220104_1,208039_20220104_0955
FP_DT_20220313_1,208042_20220313_1136
FP_DT_20220313_2,208042_20220313_1204
FP_CI_20220315_1,208042_20220315_1458
FP_OH_20220316_1,208042_20220316_1704
FP_DI_20220316_2,208042_20220316_1035
FP_PH_20220322_1,208040_20220322_1436
FP_CI_20220323_1,208040_20220323_1350