Feature.ID,sample.sample_168_GACACCGT,sample.sample_169_ATCGTACG,sample.sample_170_ACTATCTG,sample.sample_171_TAGCGAGT,sample.sample_172_CTGCGTGT,sample.sample_173_TCATCGAG,sample.sample_174_CGTGAGTG,sample.sample_175_GGATATCT,sample.sample_176_GACACCGT,sample.sample_177_ATCGTACG,sample.sample_178_ACTATCTG,sample.sample_179_TAGCGAGT,sample.sample_180_CTGCGTGT,sample.sample_181_TCATCGAG,sample.sample_182_CGTGAGTG,sample.sample_183_GGATATCT,sample.sample_184_GACACCGT,sample.sample_185_ATCGTACG,sample.sample_186_ACTATCTG,sample.sample_187_TAGCGAGT,sample.sample_188_CTGCGTGT,sample.sample_189_TCATCGAG,sample.sample_190_CGTGAGTG,sample.sample_191_GGATATCT,sample.sample_192_GACACCGT,sample.sample_193_ATCGTACG,sample.sample_194_ACTATCTG,sample.sample_195_TAGCGAGT,sample.sample_196_CTGCGTGT,sample.sample_197_TCATCGAG,sample.sample_198_CGTGAGTG,sample.sample_199_GGATATCT,sample.sample_200_GACACCGT,pr2_Taxon,Confidence
12e1c3ef1cfe8aa14224693866d8d4b6,3815,24869,21164,7120,13746,33315,6240,8284,5006,13,10587,37808,2655,27219,20402,19859,20383,22954,21194,2273,4469,8966,7485,34286,29311,17575,1935,18951,24411,15128,11791,6167,5140,Eukaryota;Stramenopiles;Ochrophyta;Bacillariophyta;Bacillariophyta_X;Polar-centric-Mediophyceae;Porosira,1
2fe97efd5eee31dd1d77710ba2b929c7,795,38,3885,57,11677,7617,1252,1857,561,0,793,697,2444,6990,6708,6883,5874,6627,2891,357,908,1020,1128,5436,9407,1867,1948,27074,24394,4612,1393,12,1866,Eukaryota;Stramenopiles;Ochrophyta;Bacillariophyta;Bacillariophyta_X;Radial-centric-basal-Coscinodiscophyceae;Stellarima;Stellarima_microtrias;,0.999996219
34a0cd56366a2e3075c62544fe987a97,1603,147,4291,205,13780,6305,586,862,268,0,2535,947,663,4750,3876,3748,3859,3913,1811,36,155,220,3250,3010,2467,628,178,380,48,35,111,0,450,Eukaryota;Stramenopiles;Ochrophyta;Bacillariophyta;Bacillariophyta_X;Polar-centric-Mediophyceae;Shionodiscus;Shionodiscus_ritscheri;,0.981364307
60fd3f0ecb1ce59efd4e85a4a5fa7917,35,1906,9654,3351,1191,3433,63,21,10,0,14,52,5,3203,2874,1675,2145,2310,994,193,610,1070,699,3450,1156,683,0,2038,7417,4407,210,203,18,Eukaryota;Stramenopiles;Ochrophyta;Bacillariophyta;Bacillariophyta_X;Polar-centric-Mediophyceae;Chaetoceros,0.999999896
b833085614ef69819226e7183aaf01a1,579,13,102,8,11342,5696,350,585,250,0,143,347,450,4234,3321,2960,3244,2702,1459,215,51,65,1024,2636,2183,230,14,2696,665,297,33,0,149,Eukaryota;Stramenopiles;Ochrophyta;Bacillariophyta;Bacillariophyta_X;Polar-centric-Mediophyceae;Porosira;Porosira_sp.;,0.994251844
5c31a630dda94ea98b4b6bc662b97197,158,42,14,273,1211,437,421,146,0,0,26,107,28911,408,324,670,284,415,39,295,22,41,115,406,84,935,0,116,76,114,60,5,121,Eukaryota;Hacrobia;Haptophyta;Prymnesiophyceae;Phaeocystales;Phaeocystaceae;Phaeocystis,1
600022e3781e0b5f69299eccf33477b7,12588,7,547,327,16,178,18,12,7,0,1252,53,13492,108,58,20,162,44,82,6,16,38,103,35,191,22,13,2,7,5,0,20,8,Eukaryota;Stramenopiles;Ochrophyta;Bacillariophyta;Bacillariophyta_X;Polar-centric-Mediophyceae;Chaetoceros;Chaetoceros_socialis;,0.999995699
cc0335962120a0045b7ef7aee8ee5cec,51,0,59,0,444,831,0,65,0,0,27,69,918,1138,1642,6039,1192,6325,145,3012,31,119,63,1437,334,73,0,152,0,0,82,0,57,Eukaryota;Alveolata;Dinoflagellata;Dinophyceae,0.999405996
040cc0477a7904e41a3b997d28921901,1391,3,0,884,0,0,2612,0,0,0,625,0,0,0,0,0,0,0,0,0,0,0,28,0,0,18305,0,2,0,0,0,91,0,Eukaryota;Opisthokonta;Metazoa;Arthropoda;Crustacea;Maxillopoda;Metridia,0.993191339
b5b37740b7177b5fd5b9d4aea8d9a52a,311,2540,0,0,0,0,0,0,0,0,0,317,0,0,0,0,0,0,2,20464,0,0,9,0,0,0,0,0,0,0,2,0,0,Eukaryota;Opisthokonta;Metazoa;Arthropoda;Crustacea;Malacostraca;Thysanoessa,0.99511131
c2b2c3688d626a493125aa494d429b91,6882,0,136,20,351,773,155,55,102,0,1209,179,4050,485,501,556,789,745,340,82,112,117,240,374,252,45,37,94,63,25,51,7,151,Eukaryota;Stramenopiles;Ochrophyta;Bacillariophyta;Bacillariophyta_X;Polar-centric-Mediophyceae;Odontella;Odontella_sinensis;,0.993028449
3bf54e65e207dbe451f8cd9c17c39c1e,806,16,1508,207,493,1028,394,283,161,0,2189,260,459,937,941,986,789,1199,759,11,28,24,199,1262,710,217,0,394,128,53,20,0,137,Eukaryota;Stramenopiles;Ochrophyta;Bacillariophyta;Bacillariophyta_X;Radial-centric-basal-Coscinodiscophyceae;Proboscia;Proboscia_alata;,0.999999962
6d7192a47a8f7d8707323485812f270d,954,16,1420,33,717,1702,124,103,79,0,143,131,276,1061,943,1287,1268,1518,320,198,385,449,923,331,334,73,11,122,155,29,101,0,147,Eukaryota;Stramenopiles;Ochrophyta;Bacillariophyta;Bacillariophyta_X;Polar-centric-Mediophyceae;Eucampia,0.999862345
7ea9112a0ae1fe52bcef0837275f72f4,207,582,7,1087,11,16,1066,0,3,0,65,27,0,5,0,5,0,7,8,583,0,19,8,112,16,2130,31,6,89,486,36,410,7,Eukaryota;Hacrobia;Telonemia;Telonemia_X;Telonemia_XX;Telonemia-Group-1;Telonemia-Group-1_X;Telonemia-Group-1_X_sp.;,1
391727626948265b78c7bbfd87a35065,1370,0,360,0,62,653,77,8,0,0,35,0,658,348,351,342,516,308,192,20,23,92,94,224,162,18,5,5,4,0,6,0,5,Eukaryota;Stramenopiles;Ochrophyta;Bacillariophyta;Bacillariophyta_X;Polar-centric-Mediophyceae;Chaetoceros;Chaetoceros_debilis_2;,1
decbecdeda8cf7e6f45875542fe5ee70,1368,98,26,45,16,17,193,158,25,0,469,257,0,30,17,0,6,4,3,432,141,147,389,218,4,101,4,16,319,273,399,10,6,Eukaryota;Stramenopiles;Ochrophyta;Bacillariophyta;Bacillariophyta_X,0.999973712
53b5f92fe82bf5266133b2fc0ddaa353,41,465,9,881,63,15,668,13,0,0,11,0,4,20,9,7,11,6,0,839,11,58,47,77,0,486,32,61,21,239,211,623,0,Eukaryota;Hacrobia;Telonemia;Telonemia_X;Telonemia_XX;Telonemia-Group-1;Telonemia-Group-1_X;Telonemia-Group-1_X_sp.;,0.999999424
c985ca65563c82592ab657c420c0f129,159,338,11,43,76,112,1654,6,5,0,42,595,7,128,12,4,38,15,0,360,3,45,189,10,63,221,2,0,79,123,30,8,0,Eukaryota;Hacrobia;Cryptophyta;Cryptophyceae;Cryptomonadales;Cryptomonadales_X;Geminigera;Geminigera_cryophila;,0.997146912
c289890f373294db35ccb3338c7ba464,387,0,0,0,106,128,0,18,15,0,616,60,391,365,452,174,184,157,431,164,0,0,31,113,299,0,81,0,89,0,26,0,0,Eukaryota;Stramenopiles;Ochrophyta;Bacillariophyta;Bacillariophyta_X;Raphid-pennate,0.998842038
fc75d0b73ac27e0c421a7059d2d69be5,24,923,7,562,14,11,346,0,0,0,10,0,0,8,0,0,0,5,0,202,8,26,17,106,0,681,8,66,250,225,40,370,0,Eukaryota;Stramenopiles;Pseudofungi;MAST-1;MAST-1C;MAST-1C_X;MAST-1C_XX;MAST-1C_XX_sp.;,1
b7100a405b7e1a7d2d5eaa433ab0d7ff,0,0,0,0,0,0,0,40,0,0,0,0,560,0,0,0,0,0,0,1261,0,0,0,0,0,0,0,365,274,0,0,0,0,Eukaryota;Alveolata;Dinoflagellata;Dinophyceae,0.999984617
cd5ff000f18f4a730c294e8472a18ba7,108,203,125,20,39,58,599,0,0,0,22,86,0,50,12,0,0,0,0,706,0,24,31,26,0,124,0,0,63,96,0,0,0,Eukaryota;Alveolata;Dinoflagellata;Dinophyceae,0.999690742
f4d5d894383f800aaf7955f10f1c0a56,53,31,16,0,11,10,33,11,0,0,66,92,10,8,13,0,8,0,7,171,41,28,31,16,0,29,87,540,113,10,669,0,32,Eukaryota;Stramenopiles;Ochrophyta;Bacillariophyta;Bacillariophyta_X;Raphid-pennate,0.977436308
641045505118bdfe01d6add91bcc032c,3,16,6,55,0,4,116,0,0,0,0,65,0,9,8,19,8,8,6,0,0,0,0,11,177,917,0,3,440,75,0,0,2,Eukaryota;Hacrobia;Telonemia;Telonemia_X;Telonemia_XX;Telonemia-Group-2;Telonema-Group-2;Telonema_antarcticum;,0.999999982
867f0cd03a8843de6e3a1c5387b3fcce,0,0,0,0,34,165,32,28,0,0,0,33,0,198,189,113,116,87,128,20,0,0,46,75,208,25,0,74,12,10,0,0,0,Eukaryota;Stramenopiles;Ochrophyta;Bacillariophyta;Bacillariophyta_X;Raphid-pennate;Pleurosigma;Pleurosigma_intermedium;,0.996509575
2f6c7c75c3cf71b207e1a15b79db0ce8,152,10,12,44,17,0,418,0,0,0,45,12,30,2,0,0,5,0,0,169,22,20,30,3,0,452,8,0,18,16,85,0,4,Eukaryota;Stramenopiles;Ochrophyta;Pelagophyceae;Pelagomonadales;Pelagomonadaceae;Aureococcus;Aureococcus_anophagefferens;,0.999999938
6c1b0238f80f9f02f4a2a7397f874d58,618,0,62,82,0,42,33,52,0,0,398,0,93,0,0,24,41,0,21,0,0,0,0,0,0,0,0,31,6,0,0,25,45,Eukaryota;Stramenopiles;Ochrophyta;Bacillariophyta;Bacillariophyta_X;Polar-centric-Mediophyceae;Chaetoceros;Chaetoceros_rostratus;,0.999851237
0b04a0e165deb280d84b621de918a4c4,8,0,0,151,7,0,416,0,0,0,0,3,73,0,2,0,0,0,0,82,0,6,13,0,0,614,6,30,34,34,18,4,4,Eukaryota;Stramenopiles;Pseudofungi;MAST-1;MAST-1A;MAST-1A_X;MAST-1A_XX;MAST-1A_XX_sp.;,1
1268b623bbde942ea9df85d5cc592fb3,136,0,8,0,0,33,0,190,130,0,15,0,679,23,19,0,20,9,0,0,0,0,59,0,118,0,4,0,12,0,0,0,0,Eukaryota;Alveolata;Dinoflagellata;Dinophyceae;Gymnodiniales;Gymnodiniaceae;Gyrodinium;Gyrodinium_fusiforme;,0.975965829
9a875d04aa7a45a4f14a2b0a7a696666,57,89,0,14,17,41,12,0,0,0,22,29,0,0,0,0,0,0,0,0,0,18,42,0,4,111,36,595,188,16,130,0,0,Eukaryota;Stramenopiles;Ochrophyta;Bacillariophyta;Bacillariophyta_X;Araphid-pennate,0.992886221
20fbf523b8d76525303498c76eaffb69,359,0,16,0,388,64,0,25,0,0,54,0,159,42,31,30,42,25,10,0,0,11,91,43,16,0,0,0,4,0,0,0,0,Eukaryota;Stramenopiles;Ochrophyta;Bacillariophyta;Bacillariophyta_X;Polar-centric-Mediophyceae;Chaetoceros;Chaetoceros_peruvianus;,0.999980546
3a831bb4267198dd3ad15f208ae1c21c,8,9,13,8,60,138,40,0,0,0,6,0,10,182,171,91,60,83,76,0,0,0,9,139,123,40,0,28,73,0,0,0,0,Eukaryota;Stramenopiles;Ochrophyta;Bacillariophyta;Bacillariophyta_X;Raphid-pennate;Pseudo-nitzschia;Pseudo-nitzschia_seriata;,0.999432028
c44b09db4dfd2a1cc72f65456683d8f6,34,211,12,55,7,6,16,12,11,0,4,23,0,9,10,5,4,2,5,317,9,20,18,35,8,152,8,2,48,9,167,24,0,Eukaryota;Stramenopiles;Opalozoa;MAST-3;MAST-3B;MAST-3B_X;MAST-3B_XX;MAST-3B_XX_sp.;,0.996689852
fe6762eaa1e979a056fe7543f8def2e1,0,0,0,0,0,0,11,0,0,0,0,7,1082,6,0,0,0,7,0,40,0,3,7,0,0,0,0,0,0,0,0,0,0,Eukaryota;Rhizaria;Cercozoa;Filosa-Thecofilosea;Cryomonadida;Protaspa-lineage;Protaspa,0.987782164
bf9e79fd45cc5fa77bc861053ef67ae1,45,0,29,0,23,102,166,0,15,0,24,44,16,50,73,101,82,112,36,14,0,0,68,76,20,29,0,0,0,0,0,0,11,Eukaryota;Stramenopiles;Ochrophyta;Bacillariophyta;Bacillariophyta_X;Radial-centric-basal-Coscinodiscophyceae;Actinocyclus;Actinocyclus_curvatulus;,0.996596474
1069814de7c508dbe1458459fbdfb4ee,403,0,0,0,0,0,0,0,0,0,74,0,565,0,0,0,0,0,0,0,0,0,0,0,0,0,0,0,0,0,0,0,0,Eukaryota;Alveolata;Dinoflagellata;Dinophyceae;Gymnodiniales;Gymnodiniaceae;Gyrodinium;Gyrodinium_rubrum;,0.99858693
cab7a398516c474ff411c2a1b0548704,27,8,17,38,8,28,58,4,0,0,8,199,0,41,59,82,28,49,69,123,0,0,24,33,78,29,0,0,0,0,9,0,0,Eukaryota;Stramenopiles;Ochrophyta;Bacillariophyta;Bacillariophyta_X;Raphid-pennate;Pseudo-nitzschia,0.999713645
07d91b765ec9ac7ceed1f02762894d02,0,70,3,108,0,0,256,0,0,0,0,0,0,0,0,0,0,0,0,0,0,0,0,8,0,296,0,0,231,42,0,4,0,Eukaryota;Stramenopiles;Sagenista;MAST-8;MAST-8D;MAST-8D_X;MAST-8D_XX;MAST-8D_XX_sp.;,0.999998139
2c19b3627a268b01780affe200fc9680,38,66,3,112,11,0,119,0,2,0,4,3,0,0,0,0,0,0,0,48,0,4,16,6,0,216,0,15,146,128,27,16,0,Eukaryota;Hacrobia;Picozoa;Picozoa_X;Picozoa_XX;Picozoa_XXX;Picozoa_XXXX;Picozoa_XXXX_sp.;,0.999988762
1ca104ef20950a6562d1e19081112b48,0,0,0,0,0,0,63,0,0,0,38,0,789,0,0,0,0,0,0,0,0,0,0,0,0,0,0,28,0,0,0,0,0,Eukaryota;Alveolata;Dinoflagellata;Dinophyceae;Gymnodiniales;Gymnodiniaceae,0.990107036
fbe54b2bd12c4fcd6ec6691f72b1a3d2,28,0,0,0,0,23,16,37,0,0,0,77,30,19,45,102,137,32,14,15,0,0,0,12,279,0,0,0,0,0,0,0,7,Eukaryota;Alveolata;Dinoflagellata;Dinophyceae,0.999952877
c01f148b76de4951f5c0d99b9550c827,340,0,0,0,17,0,20,7,0,0,46,0,354,0,0,0,0,0,0,0,0,0,15,0,0,0,0,13,0,0,13,0,0,Eukaryota;Alveolata;Dinoflagellata;Dinophyceae;Peridiniales;Heterocapsaceae;Heterocapsa;Heterocapsa_nei/rotundata;,0.987653787
e54c3d5218fabfd55928f2cdaa6fda65,0,0,0,122,0,0,154,0,0,0,0,0,0,0,0,0,0,0,0,210,0,0,0,81,0,81,33,0,113,0,0,0,0,Eukaryota;Stramenopiles;Ochrophyta;Bacillariophyta;Bacillariophyta_X;Polar-centric-Mediophyceae;Chaetoceros;Chaetoceros_neogracilis;,0.985862074
4f506fe17331e5c1007d4dba9a2ddde9,38,85,0,182,0,0,66,0,0,0,11,0,0,0,0,0,0,0,0,12,0,0,0,0,0,164,0,15,120,62,0,9,0,Eukaryota;Hacrobia;Picozoa;Picozoa_X;Picozoa_XX;Picozoa_XXX;Picozoa_XXXX;Picozoa_XXXX_sp.;,0.999993731
8401362d818fb0bdf37275c6f04abb49,7,17,0,148,0,0,142,0,0,0,8,0,0,0,0,0,0,0,0,14,0,0,0,0,0,239,0,0,31,78,0,55,0,Eukaryota;Stramenopiles;Pseudofungi;MAST-1;MAST-1C;MAST-1C_X;MAST-1C_XX;MAST-1C_XX_sp.;,0.999999848
a90bfba87fdb6c6c751ec7f87b2a8ce4,31,17,0,7,0,52,21,0,0,0,0,338,0,0,0,9,17,19,0,52,0,0,13,56,42,0,17,0,0,0,0,0,0,Eukaryota;Alveolata;Ciliophora;Spirotrichea,0.999999696
98bf2d7041cf2f5eea8d42dafff639c6,80,158,0,0,16,0,0,0,0,0,0,0,0,0,0,0,0,0,0,0,0,0,155,0,45,0,0,216,4,0,0,0,0,Eukaryota;Opisthokonta;Metazoa;Arthropoda;Crustacea;Maxillopoda,0.999999514
f9f5e0e43f8b745a3b15422d4fe38e09,0,0,0,0,0,0,0,0,0,0,664,0,0,0,0,0,0,0,0,0,0,0,3,0,0,0,0,0,0,0,0,0,0,Eukaryota;Opisthokonta;Metazoa;Annelida;Annelida_X;Annelida_XX;Nephtys,0.999978684
c23ea0891ea40c452ce647afd1490c43,0,0,0,0,0,0,0,0,52,0,0,0,578,0,0,0,0,0,0,0,0,0,0,0,25,0,0,0,0,0,0,0,0,Eukaryota;Opisthokonta;Metazoa;Arthropoda;Crustacea;Malacostraca;Thysanoessa,0.996093115
a6b47be442febb3ca7e887b8aeb79ea3,0,0,0,0,152,0,0,0,0,0,0,0,0,0,0,0,0,0,0,0,0,0,0,0,0,0,0,270,215,0,0,0,0,Eukaryota;Stramenopiles;Ochrophyta;Bacillariophyta;Bacillariophyta_X;Radial-centric-basal-Coscinodiscophyceae;Stellarima;Stellarima_microtrias;,0.999997905
07f7cc8561745d8495a37bd2afe6035c,5,28,3,28,22,2,154,0,0,0,0,9,0,6,2,0,5,4,0,104,5,19,56,0,0,78,0,0,19,45,34,0,3,Eukaryota;Opisthokonta;Fungi;Chytridiomycota;Chytridiomycotina;Chytridiomycetes;Spizellomycetales-and-Rhizophlyctidales;Spizellomycetales-and-Rhizophlyctidales_sp.;,0.999998587
73addf2cb4385f9ed8f758a78b6f66ca,0,125,16,33,9,4,69,16,3,0,0,0,6,0,6,0,4,0,0,17,0,0,13,32,0,216,0,0,13,18,11,17,0,Eukaryota;Hacrobia;Haptophyta;Prymnesiophyceae;Phaeocystales;Phaeocystaceae;Phaeocystis;Phaeocystis_sp.;,0.978008504
a0d9fcd9c6670b79a95025952c793560,0,614,0,0,0,0,0,0,0,0,0,0,0,0,0,0,0,0,0,0,0,0,0,0,0,0,0,0,0,0,0,0,0,Eukaryota;Opisthokonta;Metazoa;Arthropoda;Crustacea;Maxillopoda,0.999722023
9832ed142c35be208092b2621ad04ed8,0,102,0,86,0,0,70,0,0,0,0,0,0,0,0,0,0,0,0,135,0,0,0,6,0,38,0,0,0,60,0,110,0,Eukaryota;Stramenopiles;Pseudofungi;MAST-1;MAST-1C;MAST-1C_X;MAST-1C_XX;MAST-1C_XX_sp.;,1
7b103d31d93ea33b381d741855acb04d,11,0,0,0,130,73,0,0,0,0,0,0,10,106,66,31,40,27,22,0,0,0,31,17,27,0,0,0,6,0,0,0,0,Eukaryota;Stramenopiles;Ochrophyta;Bacillariophyta;Bacillariophyta_X;Raphid-pennate,0.997136739
eaf01cc37c5e35f10e0fcae38fab4420,0,40,2,65,7,0,33,2,0,0,0,0,0,2,0,0,0,0,0,43,4,5,13,3,0,100,0,0,21,35,29,188,0,Eukaryota;Hacrobia;Haptophyta;Prymnesiophyceae;Prymnesiales;Chrysochromulinaceae;Chrysochromulina;Chrysochromulina_sp.;,0.99999821
169446a7104494f42872a59d92fd2102,0,0,0,8,0,0,63,0,0,0,0,0,0,0,0,0,0,0,0,50,0,0,0,0,0,33,288,20,0,0,0,0,0,Eukaryota;Stramenopiles;Ochrophyta;Bacillariophyta;Bacillariophyta_X;Raphid-pennate,0.999785541
123d91047ddf1cd1c3f3a7ea55d4d948,0,0,0,0,0,0,0,0,0,0,441,0,0,0,0,0,0,0,0,0,0,0,0,0,0,0,0,0,0,0,0,0,0,Eukaryota;Opisthokonta;Metazoa;Annelida;Annelida_X;Annelida_XX;Poecilochaetus;Poecilochaetus_serpens;,0.993996238
d99983487052d0259058f5253efe4ed1,0,0,0,0,0,0,0,0,0,0,0,0,0,0,0,0,0,0,0,0,0,0,0,0,0,0,0,286,70,0,0,0,0,Eukaryota;Stramenopiles;Ochrophyta;Pelagophyceae;Pelagomonadales;Pelagomonadales_clade_A;Pelagomonadales_clade_A1;Pelagomonadales_clade_A1_sp.;,0.999999489
27ca9f14270d49b79c80b6266e8b433d,0,0,0,0,0,0,0,0,0,0,0,0,0,0,0,0,0,0,0,349,0,0,0,0,0,0,0,0,0,0,0,0,0,Eukaryota;Opisthokonta;Fungi;Ascomycota;Pezizomycotina;Eurotiomycetes;Aspergillus;Aspergillus_versicolor;,0.997100067
546d2bdd3677c2fc3cec7baccede1498,38,0,0,4,33,15,45,21,40,0,13,5,0,15,10,9,6,0,6,0,0,0,18,0,7,9,0,40,6,0,0,0,4,Eukaryota;Opisthokonta,0.999953076
de92020a690835cc69f593554fb403e3,85,0,0,0,0,31,19,0,13,0,27,0,26,9,53,4,21,11,7,0,0,0,18,0,9,0,0,0,0,0,0,0,0,Eukaryota;Alveolata;Dinoflagellata;Dinophyceae;Peridiniales;Amphidiniopsidaceae;Islandinium;Islandinium_tricingulatum;,0.994750682
b9c8d00b76ae5a43bc202784b22cdd61,0,0,0,0,6,0,140,17,121,0,0,7,0,11,0,0,0,0,0,0,0,0,17,0,0,0,0,0,0,0,0,0,14,Eukaryota;Opisthokonta;Metazoa;Arthropoda;Crustacea;Maxillopoda,0.999999998
d7931b804abe8709304de7ffd0015798,6,2,0,30,0,0,152,0,0,0,5,3,0,0,0,0,0,0,0,21,3,2,3,0,0,60,2,0,0,7,13,5,3,Eukaryota;Stramenopiles;Pseudofungi;MAST-1;MAST-1B;MAST-1B_X;MAST-1B_XX;MAST-1B_XX_sp.;,0.999995864
cc0ffb36f8787d68421043e84cbe07a2,177,0,0,0,0,0,0,0,0,0,24,0,55,0,0,0,0,0,0,0,0,0,0,0,0,0,0,0,0,0,0,0,0,Eukaryota;Stramenopiles;Ochrophyta;Bacillariophyta;Bacillariophyta_X;Araphid-pennate,0.992657389
72eabf7f6664a7b326aa5b891c05a9f4,12,7,2,22,2,0,65,0,0,0,0,6,0,0,0,0,0,0,0,40,4,7,0,0,0,48,6,0,6,0,22,0,0,Eukaryota,1
58aa91996a1dfaae8f0d98c878748475,22,0,0,17,0,0,127,0,0,0,9,3,31,0,0,0,0,0,0,4,0,0,0,0,0,15,0,0,0,0,0,19,0,Eukaryota;Stramenopiles;Sagenista;MAST-7;MAST-7A;MAST-7A_X;MAST-7A_XX;MAST-7A_XX_sp.;,0.999998042
5ddac50f50ed9783ebd9a25c9f4d4fe7,0,0,0,0,0,0,0,55,60,0,0,0,0,0,0,0,0,0,0,0,0,0,0,0,0,0,6,0,0,0,0,0,123,Eukaryota;Hacrobia;Haptophyta;Prymnesiophyceae;Phaeocystales;Phaeocystaceae;Phaeocystis,0.99999998
bb6a392cf8d578a3373bc9ed2c9396b9,56,72,0,17,0,0,15,0,0,0,13,10,0,0,0,0,0,0,0,18,0,0,0,7,0,26,0,0,0,8,0,0,0,Eukaryota;Hacrobia;Cryptophyta;Cryptophyceae;Cryptomonadales;Cryptomonadales_X;Geminigera;Geminigera_cryophila;,0.975993312
597ab0bf45db48083c3bb9620498766e,7,64,6,17,0,0,16,0,0,0,0,0,0,7,0,6,3,3,0,16,0,0,0,15,5,33,0,0,9,16,14,5,0,Eukaryota;Stramenopiles;Sagenista;MAST-8;MAST-8A;MAST-8A_X;MAST-8A_XX;MAST-8A_XX_sp.;,0.999708835
7eac0bbb25473d232f425706a2846222,2,23,0,20,0,0,39,0,0,0,0,0,0,0,0,0,0,0,0,0,0,0,8,0,0,66,0,0,6,12,31,34,0,Eukaryota;Stramenopiles;Ochrophyta;Dictyochophyceae;Dictyochophyceae_X,0.98741737
1f4615e457328d6fd31eb7737aa8205c,6,0,0,5,0,0,43,0,0,0,0,0,0,0,0,0,0,0,0,0,0,0,0,0,0,180,5,0,0,0,0,0,0,Eukaryota;Archaeplastida;Rhodophyta;Florideophyceae;Colaconematales;Colaconematales_X,0.999998961
00097b46a6cd535d67ddbf9b853def2b,0,0,0,0,0,0,0,0,0,0,0,0,0,0,0,0,0,0,0,0,0,0,0,0,0,0,0,0,0,0,211,0,19,Eukaryota;Stramenopiles;Ochrophyta;Bacillariophyta;Bacillariophyta_X,0.999999164
ed798de3129c4daea824bef2a4c884fa,0,0,0,0,0,0,0,0,0,0,0,0,0,0,0,0,0,0,0,0,0,0,0,0,0,0,0,37,190,0,0,0,0,Eukaryota;Alveolata;Dinoflagellata;Dinophyceae;Gymnodiniales;Gymnodiniaceae;Spiniferodinium;Spiniferodinium_galeiforme;,0.979652334
073a98a6743f05f42597ac86cd536906,0,17,0,62,0,0,41,0,0,0,0,0,0,0,0,0,0,0,0,0,0,0,0,0,0,57,4,0,9,9,0,23,0,Eukaryota;Stramenopiles;Sagenista;MAST-7;MAST-7A;MAST-7A_X;MAST-7A_XX;MAST-7A_XX_sp.;,0.999999781
80f6c81582b3c25855a7edd7f8b25ebc,0,0,0,0,0,0,0,0,0,0,217,0,0,0,0,0,0,0,0,0,0,0,0,0,0,2,0,0,0,0,0,0,0,Eukaryota;Alveolata;Ciliophora;Spirotrichea;Tintinnida;Ptychocylididae;Cymatocylis,0.994079458
3787a1e6294466afbfb39eaa6e94e530,0,0,13,0,0,0,11,0,0,0,0,13,0,0,0,0,0,0,0,89,30,21,28,0,0,0,0,0,0,0,0,0,0,Eukaryota;Stramenopiles;Ochrophyta;Bacillariophyta;Bacillariophyta_X,0.999816736
54ef2b0963ff373f267b063106df62d1,70,0,0,0,0,20,15,0,0,0,43,0,19,0,0,0,0,0,3,0,0,0,14,0,4,0,12,0,0,0,0,3,0,Eukaryota;Opisthokonta;Metazoa;Arthropoda;Crustacea;Maxillopoda;Maxillopoda_X;Maxillopoda_X_sp.;,0.991163613
befce545824fd9a17f92502b9f3a823b,16,10,0,0,3,0,7,0,0,0,0,0,106,0,0,0,0,0,0,15,0,0,0,4,0,9,0,0,8,0,20,0,0,Eukaryota;Stramenopiles;Opalozoa;MAST-3;MAST-3D;MAST-3D_X;MAST-3D_XX;MAST-3D_XX_sp.;,0.999930097
1fd9166056d726b53df89cda049cb8ea,10,24,0,0,0,10,47,0,0,0,0,19,0,6,0,0,2,0,0,41,0,0,7,0,0,15,0,0,0,15,0,0,0,Eukaryota,1
5cdf49639aa987295047e8af2180697a,0,0,0,0,0,0,0,0,0,0,0,0,0,0,0,0,0,0,0,196,0,0,0,0,0,0,0,0,0,0,0,0,0,Eukaryota;Opisthokonta;Metazoa;Arthropoda;Crustacea;Malacostraca;Thysanoessa,0.996093589
9e7a8e3d47eea9cc00bdc6d03d985c9e,34,0,7,0,0,0,0,0,0,0,0,0,94,0,0,0,0,0,0,0,0,0,0,52,0,0,0,0,0,0,0,0,0,Eukaryota;Alveolata;Dinoflagellata;Dinophyceae,0.990533224
bfcde29137bd2f7c3dd16e52fe876dea,9,11,0,4,0,0,0,29,0,0,6,44,0,0,0,0,0,2,0,13,10,4,10,0,0,7,13,0,4,0,17,0,0,Eukaryota;Archaeplastida;Rhodophyta;Florideophyceae;Gigartinales;Gigartinales_X,0.998548058
b6c4fc7b92f192946217c7405ab6ba82,29,0,0,0,0,0,0,0,0,0,0,0,136,0,0,0,0,0,0,0,0,0,7,0,0,0,0,0,0,0,0,0,0,Eukaryota;Rhizaria;Cercozoa;Filosa-Thecofilosea;Cryomonadida;Cryothecomonas-lineage;Cryothecomonas;Cryothecomonas_sp.;,0.999897759
d35a103237ed62ee49b4eb226a645004,12,0,0,0,0,0,0,0,0,0,0,0,143,0,0,0,0,0,0,10,0,0,0,0,0,0,0,0,0,0,0,0,0,Eukaryota;Alveolata;Dinoflagellata;Dinophyceae;Dinophyceae_X;Dinophyceae_XX;Madanidinium;Madanidinium_loirii;,0.976258968
638c0772f165f7095a68bdcd073ec78f,0,0,4,0,0,14,0,69,20,0,0,16,15,8,0,0,15,0,0,0,0,0,0,0,4,0,0,0,0,0,0,0,0,Eukaryota;Alveolata;Ciliophora;Spirotrichea;Strombidiida_B;Strombidiida_B_X;Strombidiida_B_XX;Strombidiida_B_XX_sp.;,0.999206111
9d2399ccdb516399b8317642da5e3d93,0,0,0,0,0,6,0,0,0,0,0,0,0,0,0,3,0,2,25,0,0,0,0,0,124,0,0,0,0,0,0,0,0,Eukaryota;Rhizaria;Cercozoa;Filosa-Thecofilosea;Ventricleftida;CCW10-lineage;CCW10-lineage_X;CCW10-lineage_X_sp.;,1
aad4affe544fd6c46eecb3f3a5be8832,0,0,0,0,0,29,0,0,9,0,0,42,0,0,0,0,10,0,2,0,0,0,46,4,0,0,0,0,0,0,0,0,13,Eukaryota;Opisthokonta;Metazoa;Annelida;Annelida_X;Annelida_XX,0.999999992
14c47605f6de572d62f15affd1c358b5,0,0,0,0,0,0,0,0,0,0,0,0,0,0,0,0,0,0,0,12,0,0,0,4,0,0,0,126,7,0,0,0,0,Eukaryota;Alveolata;Dinoflagellata;Dinophyceae;Suessiales;Suessiaceae;Polarella;Polarella_glacialis;,0.999664393
670b5ab85861846734bbf6a7556d7f19,23,0,6,0,0,10,0,5,6,0,14,0,37,4,8,7,7,8,0,0,4,0,8,0,0,0,0,0,0,0,0,0,0,Eukaryota;Stramenopiles;Ochrophyta;Bacillariophyta;Bacillariophyta_X;Polar-centric-Mediophyceae;Hemiaulus;Hemiaulus_sinensis;,0.999627353
7f82c70ee1a7856698efd4bb1ccc9a44,0,0,0,0,0,6,0,0,0,0,90,0,0,0,0,0,0,0,0,0,0,0,0,0,0,0,48,0,0,0,0,0,0,Eukaryota;Opisthokonta;Metazoa;Arthropoda;Crustacea;Maxillopoda,0.999986388
bb61a2e2a16964121f566cfd1f7d5c8f,0,0,0,0,0,0,0,0,0,0,0,0,0,0,0,0,0,0,0,143,0,0,0,0,0,0,0,0,0,0,0,0,0,Eukaryota;Hacrobia;Centroheliozoa;Centroheliozoa_X;Centroheliozoa_XX;Centroheliozoa_XXX;Centroheliozoa_XXXX;Centroheliozoa_XXXX_sp.;,0.999972227
27fbca6c4fe13ba60162a969fdd80c7c,0,0,0,0,0,0,0,0,0,0,0,107,0,0,0,0,0,0,0,0,0,0,0,0,0,0,0,0,0,0,0,0,34,Eukaryota;Stramenopiles;Ochrophyta;Bacillariophyta;Bacillariophyta_X;Raphid-pennate;Pleurosigma;Pleurosigma_intermedium;,0.99576276
5a44086b50245721a96578d74f89964c,0,29,0,29,0,0,24,0,0,0,0,0,0,0,0,0,0,0,0,18,0,0,0,0,0,11,0,2,0,5,0,22,0,Eukaryota,1
803331db243b173696d04a61b206007d,0,6,0,5,2,0,62,0,0,0,0,7,0,2,0,0,0,0,0,6,0,0,0,0,0,46,0,0,0,0,0,0,0,Eukaryota;Alveolata;Dinoflagellata;Syndiniales;Dino-Group-II;Dino-Group-II-Clade-10-and-11;Dino-Group-II-Clade-10-and-11_X;Dino-Group-II-Clade-10-and-11_X_sp.;,0.989418165
1d6edd03bf480178d929833d45a57f2c,0,8,0,0,9,2,10,14,10,0,0,6,0,0,0,0,0,2,0,51,0,0,17,0,0,0,0,0,0,0,0,3,0,Eukaryota;Archaeplastida;Chlorophyta;Pyramimonadophyceae;Pyramimonadales;Pyramimonadaceae;Pyramimonas;Pyramimonas_gelidicola;,0.997759057
dc104a44b7ab923d1f4ee44e8ac1c95b,0,0,0,0,0,0,0,0,0,0,132,0,0,0,0,0,0,0,0,0,0,0,0,0,0,0,0,0,0,0,0,0,0,Eukaryota;Opisthokonta;Metazoa;Annelida;Annelida_X;Annelida_XX;Nephtys,0.999875578
f78fce9266aa1ef6eee418b0984241bb,128,0,0,0,0,0,0,0,0,0,0,0,0,0,0,0,0,0,0,0,0,0,0,0,0,0,0,0,0,0,0,0,0,Eukaryota;Opisthokonta;Metazoa;Chaetognatha;Aphragmophora;Aphragmophora_X;Eukrohnia;Eukrohnia_bathypelagica;,0.999998212
563d8f19fb3d5306dd8cf987f8fe8fa5,88,0,0,0,0,0,0,0,0,0,10,0,25,0,0,0,0,0,0,0,0,0,0,0,0,0,0,0,0,0,0,0,0,Eukaryota;Opisthokonta;Choanoflagellida;Choanoflagellatea;Acanthoecida;Stephanoecidae_Group_H;Stephanoecidae_Group_H_X;Stephanoecidae_Group_H_X_sp.;,0.999891256
3e83caa0bad18fc38c1774853667a704,41,0,0,0,0,0,0,0,0,0,0,0,77,0,0,0,0,0,0,0,0,0,0,0,4,0,0,0,0,0,0,0,0,Eukaryota;Alveolata;Ciliophora;Cyclotrichium_like_organism;Cyclotrichium_like_organism_X;Cyclotrichium_like_organism_XX;Cyclotrichium,0.99549528
e181c908e9ecf4751b78c95e1342c802,7,0,0,0,0,4,0,9,0,0,0,0,0,11,0,0,0,0,0,2,3,7,9,0,3,0,0,64,0,0,0,3,0,Eukaryota;Opisthokonta;Metazoa;Ctenophora;Ctenophora_X;Ctenophora_XX,0.998205734
c4c3ee9ce12fa2e3c6d0e096f9da0294,16,0,0,0,0,0,0,10,31,0,27,20,0,0,0,0,0,0,0,0,0,0,3,0,5,6,0,0,0,0,0,0,0,Eukaryota;Opisthokonta;Choanoflagellida;Choanoflagellatea;Acanthoecida;Stephanoecidae_Group_D;Stephanoecidae_Group_D_X;Stephanoecidae_Group_D_X_sp.;,0.999999999
7363802588ab6684e292d5663158a629,0,0,0,0,0,0,0,0,0,0,0,0,0,0,0,0,0,0,0,0,0,0,0,0,0,0,0,63,54,0,0,0,0,Eukaryota;Stramenopiles;Pseudofungi;MAST-1;MAST-1C;MAST-1C_X;MAST-1C_XX;MAST-1C_XX_sp.;,0.999999996
9fcae303e30258b8b4749676f9f5f793,22,0,0,0,0,0,5,0,0,0,5,0,0,0,0,0,0,0,0,0,0,0,0,0,0,0,0,0,81,0,0,0,0,Eukaryota;Alveolata;Dinoflagellata;Dinophyceae;Gymnodiniales;Gymnodiniaceae;Gyrodinium;Gyrodinium_dominans;,0.979911441
79566ea3740fbcdff2c6940e206316ed,0,5,0,9,0,0,0,11,18,0,0,0,0,0,0,0,0,0,0,7,0,15,16,0,0,0,0,0,0,0,0,17,14,Eukaryota,1
8237b189738e7184b3c9eb95c8b4cc02,0,0,0,0,0,0,0,0,0,0,0,0,0,0,0,0,0,0,0,0,0,0,0,0,0,0,0,55,55,0,0,0,0,Eukaryota;Stramenopiles;Ochrophyta;Chrysophyceae;Chrysophyceae_X;Chrysophyceae_Clade-F;Chrysophyceae_Clade-F_X;Chrysophyceae_Clade-F_X_sp.;,0.999273572
ea60a16e324ad5b2736276529e31a2a6,2,0,2,0,4,0,11,0,0,0,0,4,0,2,0,2,0,2,2,35,0,0,3,0,0,10,8,0,0,0,7,0,0,Eukaryota;Alveolata;Dinoflagellata;Syndiniales;Dino-Group-I;Dino-Group-I-Clade-1;Dino-Group-I-Clade-1_X;Dino-Group-I-Clade-1_X_sp.;,0.999988328
2519aee9294037e07da9d0059327daea,0,0,0,0,5,0,5,0,0,0,0,0,10,0,0,0,0,0,0,50,2,3,9,0,0,0,0,0,0,0,9,0,0,Eukaryota;Hacrobia;Telonemia;Telonemia_X;Telonemia_XX;Telonemia-Group-1;Telonemia-Group-1_X;Telonemia-Group-1_X_sp.;,0.999997295
5ebbb8c09bafc61da9fc8c685f9c866b,0,0,0,0,0,0,0,0,0,0,0,0,0,0,0,0,0,0,0,91,0,0,0,0,0,0,0,0,0,0,0,0,0,Eukaryota,1
6062ad12e5f0e95cda67f26efaa3de44,13,0,0,0,0,0,0,0,0,0,22,35,0,0,0,0,0,0,0,0,0,0,0,0,0,0,19,0,0,0,0,0,0,Eukaryota;Stramenopiles;Ochrophyta;Bacillariophyta;Bacillariophyta_X;Raphid-pennate;Pleurosigma;Pleurosigma_intermedium;,0.984557836
f48a642a45d73d4a0baa8539020da6d2,12,0,0,0,0,0,23,0,0,0,0,0,0,2,0,0,0,0,0,7,0,0,0,0,0,18,0,0,7,0,19,0,0,Eukaryota;Stramenopiles;Opalozoa;MAST-3;MAST-3D;MAST-3D_X;MAST-3D_XX;MAST-3D_XX_sp.;,0.999999986
c7cc556e6ae770c41fc89292adf13262,0,4,0,0,0,0,0,0,0,0,0,0,0,0,0,0,0,0,0,43,0,0,0,0,0,40,0,0,0,0,0,0,0,Eukaryota;Alveolata;Dinoflagellata;Dinophyceae;Peridiniales;Amphidiniopsidaceae;Islandinium;Islandinium_tricingulatum;,0.99967969
14bf296cfcfcff4eb63042c4af3a0414,0,0,0,0,0,0,0,0,0,0,0,0,0,0,0,0,0,0,0,0,0,0,0,0,0,0,0,0,87,0,0,0,0,Eukaryota;Alveolata;Dinoflagellata;Dinophyceae,0.988906436
7d368f6892e0cfb18880f0b1e7f2262b,0,0,0,0,0,0,0,0,0,0,0,5,0,0,0,0,0,0,0,81,0,0,0,0,0,0,0,0,0,0,0,0,0,Eukaryota;Stramenopiles;Pseudofungi;MAST-1;MAST-1C;MAST-1C_X;MAST-1C_XX;MAST-1C_XX_sp.;,0.999986034
f388cd0011c2c3f4e9d8a33a57511484,0,0,2,0,4,5,0,0,0,0,0,25,0,6,0,0,0,0,5,29,0,0,0,0,4,0,0,0,0,0,0,0,0,Eukaryota;Stramenopiles;Ochrophyta;Dictyochophyceae;Dictyochophyceae_X;Florenciellales;Pseudochattonella;Pseudochattonella_verruculosa;,0.978222092
abf5b85dea7eaa901b4c65b9ae5f7cbd,0,0,0,0,0,0,0,0,0,0,0,0,0,0,0,0,0,0,0,74,0,0,0,0,0,0,0,0,0,0,0,0,0,Eukaryota;Stramenopiles;Ochrophyta;Bacillariophyta;Bacillariophyta_X;Polar-centric-Mediophyceae;Chaetoceros;Chaetoceros_socialis;,0.99964277
0db6be4b8b1079efd4751989837f2ca0,37,0,0,0,0,0,0,0,0,0,30,6,0,0,0,0,0,0,0,0,0,0,0,0,0,0,0,0,0,0,0,0,0,Eukaryota;Stramenopiles;Ochrophyta;Bacillariophyta;Bacillariophyta_X,0.999972667
b77ff394f17aa060dce48f2f3f84aa79,53,0,0,0,0,0,0,0,0,0,17,0,0,0,0,0,0,0,0,0,0,0,0,0,0,0,0,0,0,0,0,0,0,Eukaryota;Alveolata;Dinoflagellata;Dinophyceae,0.999601968
fa28fe215c257a16ab10178e1fbbb8cc,4,0,7,0,0,0,0,0,0,0,10,0,0,0,0,0,0,0,0,33,0,0,0,0,0,0,8,0,0,0,8,0,0,Eukaryota;Stramenopiles;Ochrophyta;Bacillariophyta;Bacillariophyta_X;Raphid-pennate;Pseudogomphonema;Pseudogomphonema_sp.;,0.998978618
7d5ebdc08ee80413f965e9b57df59403,0,0,0,0,0,0,0,0,0,0,0,0,68,0,0,0,0,0,0,0,0,0,0,0,0,0,0,0,0,0,0,0,0,Eukaryota;Alveolata;Dinoflagellata;Dinophyceae,0.995403962
4201cdd72fc2c2e49ff01d241d4c0efc,4,11,0,18,0,0,9,0,0,0,0,0,0,0,0,0,0,0,0,0,0,0,0,0,0,25,0,0,0,0,0,0,0,Eukaryota;Stramenopiles;Opalozoa;MAST-3;MAST-3L;MAST-3L_X;MAST-3L_XX;MAST-3L_XX_sp.;,0.999981262
fa152a15b1b02e26242b9847792c0292,0,0,0,0,0,0,0,0,0,0,0,0,0,0,0,0,0,0,0,0,0,0,65,0,0,0,0,0,0,0,0,0,0,Eukaryota;Opisthokonta;Metazoa;Arthropoda;Crustacea;Maxillopoda,0.999997972
fa0e5dcb7e5c07ed31cf33a57ebaee90,0,0,0,0,5,0,3,5,0,0,0,0,0,0,4,4,5,3,0,22,0,0,0,0,3,0,0,0,0,0,0,0,7,Eukaryota;Stramenopiles;Ochrophyta;Bacillariophyta;Bacillariophyta_X,0.990766051
f335321c4e85802c23f581a5b00cd507,0,0,0,0,0,0,34,0,0,0,0,0,0,0,0,0,0,0,0,0,0,2,0,0,0,9,14,0,0,0,0,0,0,Eukaryota;Archaeplastida;Chlorophyta;Mamiellophyceae;Mamiellales;Bathycoccaceae;Bathycoccus;Bathycoccus_prasinos;,0.999999992
16313c46f1902cbd6f94b3974dc1328a,0,0,0,0,0,0,0,0,0,0,0,0,0,0,0,0,0,0,0,0,0,0,54,0,0,0,0,0,0,0,0,0,0,Eukaryota;Opisthokonta;Metazoa;Arthropoda;Crustacea;Maxillopoda,0.999979942
ca336c2bfda7e22d4ad00a161c9abf15,52,0,0,0,0,0,0,0,0,0,0,0,0,0,0,0,0,0,0,0,0,0,0,0,0,0,0,0,0,0,0,0,0,Eukaryota;Alveolata;Ciliophora;Spirotrichea;Tintinnida;Ptychocylididae;Cymatocylis,0.993280602
3cf6004f564447225ef216d427c7a420,0,0,0,0,0,0,16,0,0,0,0,0,0,0,0,0,0,0,0,9,0,0,0,0,0,19,0,0,0,0,5,3,0,Eukaryota;Stramenopiles;Ochrophyta;Pelagophyceae;Pelagomonadales;Pelagomonadaceae;Pelagomonas;Pelagomonas_calceolata;,0.999998815
54d1c170cff46c810ad3199c69f90877,0,0,0,0,0,0,0,7,0,0,0,43,0,0,0,0,0,0,0,0,0,0,0,0,0,0,0,0,0,0,2,0,0,Eukaryota;Opisthokonta;Metazoa,0.996466538
5c9c5709d972698cc12f668656580391,0,0,0,0,0,0,0,0,0,0,0,0,0,0,0,0,0,0,0,52,0,0,0,0,0,0,0,0,0,0,0,0,0,Eukaryota;Stramenopiles;Sagenista;Labyrinthulomycetes;Labyrinthulales;Labyrinthulaceae;Labyrinthulaceae_X;Labyrinthulaceae_X_sp.;,0.99837718
b35e10d1213a6e22b552166eed78bcd2,5,0,0,0,0,0,10,0,0,0,0,8,0,0,0,0,0,0,3,17,0,0,0,0,4,0,0,0,0,0,0,0,4,Eukaryota;Alveolata;Dinoflagellata;Syndiniales;Dino-Group-I;Dino-Group-I-Clade-1;Dino-Group-I-Clade-1_X;Dino-Group-I-Clade-1_X_sp.;,0.999999865
6bc1c829dd15cf518cbb87ff842a52c3,6,0,0,0,0,0,0,0,0,0,0,0,28,0,0,8,0,0,0,0,0,0,0,0,0,0,0,6,0,0,0,0,0,Eukaryota;Alveolata;Dinoflagellata;Dinophyceae,0.997553061
e76c136f1e06560f28615363f119f686,3,0,11,0,0,0,0,0,0,0,0,0,0,0,0,0,0,0,0,6,3,3,6,4,0,3,9,0,0,0,0,0,0,Eukaryota;Archaeplastida;Rhodophyta;Florideophyceae;Corallinales;Corallinales_X,0.999999883
1450ff2c770888e8863d82f0163f6b53,44,0,0,0,0,0,0,0,0,0,0,0,0,0,0,0,0,0,0,0,0,0,0,0,0,0,0,0,0,0,0,0,0,Eukaryota;Stramenopiles;Ochrophyta;Bacillariophyta;Bacillariophyta_X;Polar-centric-Mediophyceae;Chaetoceros;Chaetoceros_peruvianus;,0.999946994
90011b408639e6a91ce402323e018e51,20,0,0,0,0,0,3,0,0,0,8,0,8,0,0,0,0,0,0,5,0,0,0,0,0,0,0,0,0,0,0,0,0,Eukaryota;Archaeplastida;Chlorophyta;Pyramimonadophyceae;Pyramimonadales,0.999854274
d9fbe9218eb9f0156873fe9a6bb8a5fd,27,0,0,0,0,0,0,0,0,0,12,0,0,0,0,0,0,0,0,0,0,0,0,0,0,0,2,0,0,0,0,2,0,Eukaryota;Rhizaria;Cercozoa;Filosa-Imbricatea;Thaumatomonadida;Thaumatomonadida_X;Thaumatomonadida_XX;Thaumatomonadida_XX_sp.;,0.995907213
7d3e6ba020c4dc52f123e0d3214d501e,13,0,0,0,0,0,6,0,0,0,22,0,0,0,0,0,0,0,0,0,0,0,0,0,0,0,0,0,0,0,0,0,0,Eukaryota;Stramenopiles;Ochrophyta;Bacillariophyta;Bacillariophyta_X;Radial-centric-basal-Coscinodiscophyceae;Paralia;Paralia_sol;,0.999999999
3f4fa5c6cdc240ba6046d664d416cfac,21,0,0,0,0,0,0,0,0,0,12,0,4,0,0,0,0,0,0,0,0,0,0,0,0,0,0,0,0,0,0,3,0,Eukaryota;Rhizaria;Radiolaria;Acantharea;Arthracanthida-Symphyacanthida;Arthracanthida-Symphyacanthida_X,0.999999925
4dd301452330f08522c9c06835f5e376,39,0,0,0,0,0,0,0,0,0,0,0,0,0,0,0,0,0,0,0,0,0,0,0,0,0,0,0,0,0,0,0,0,Eukaryota;Opisthokonta;Metazoa;Chaetognatha;Aphragmophora;Aphragmophora_X;Eukrohnia;Eukrohnia_fowleri;,0.988407517
642e592d0634e0aedd26cfc5f5759c6b,21,0,0,0,0,4,0,0,0,0,6,0,0,0,0,0,0,0,0,0,0,0,8,0,0,0,0,0,0,0,0,0,0,Eukaryota;Opisthokonta,0.973938179
7320df9c546785b6414a63a3c3670820,17,0,0,0,0,0,0,0,0,0,0,0,22,0,0,0,0,0,0,0,0,0,0,0,0,0,0,0,0,0,0,0,0,Eukaryota;Alveolata;Dinoflagellata;Dinophyceae,0.999220818
a430b549e24ab5e9d294380a890bf596,0,0,0,0,0,0,0,0,0,0,0,0,0,0,0,0,0,0,0,39,0,0,0,0,0,0,0,0,0,0,0,0,0,Eukaryota;Rhizaria;Cercozoa;Filosa-Metromonadea;Metopiida;Metopiidae;Metopion;Metopion_fluens;,0.999999994
44c58c432afd298bdd893e9a58c699ee,0,0,0,3,0,0,0,5,0,0,7,0,0,0,0,0,0,0,0,13,0,0,0,0,0,0,0,0,0,0,10,0,0,Eukaryota;Stramenopiles;Ochrophyta;Phaeophyceae;Phaeophyceae_X;Phaeophyceae_XX,0.999999987
5a633da577e32877ee3a5ca7864d9952,37,0,0,0,0,0,0,0,0,0,0,0,0,0,0,0,0,0,0,0,0,0,0,0,0,0,0,0,0,0,0,0,0,Eukaryota;Rhizaria;Cercozoa;Endomyxa-Ascetosporea;Paradinida;Paradinidae,0.975786298
2ae091636ec825effa377850eff0dd39,0,0,0,0,4,0,0,0,0,0,0,0,0,0,0,0,0,0,0,27,0,0,0,0,0,0,0,0,0,0,6,0,0,Eukaryota,1
a1a596331713ec258809226f6c144d9c,0,0,0,0,0,0,0,0,0,0,13,0,0,0,0,0,0,0,0,24,0,0,0,0,0,0,0,0,0,0,0,0,0,Eukaryota;Stramenopiles;Ochrophyta;Bacillariophyta;Bacillariophyta_X;Raphid-pennate,0.991548049
79109ca390ea5d381086c481a00dbd41,0,0,0,0,0,0,0,0,0,0,0,37,0,0,0,0,0,0,0,0,0,0,0,0,0,0,0,0,0,0,0,0,0,Eukaryota;Stramenopiles;Ochrophyta;Phaeophyceae;Phaeophyceae_X;Phaeophyceae_XX,0.999999992
680dbc6ebe350cbadbe22c34ca3bd4d0,0,0,0,0,0,0,0,0,0,0,0,0,0,0,0,0,0,0,0,0,0,36,0,0,0,0,0,0,0,0,0,0,0,Eukaryota;Opisthokonta;Metazoa;Arthropoda;Crustacea;Maxillopoda,0.999809767
77809d3db596ae5f844f4d6b56764dd7,0,2,0,0,0,0,3,0,4,0,0,0,0,0,0,0,0,0,0,9,0,0,0,7,0,4,0,0,0,0,6,0,0,Eukaryota;Stramenopiles;Opalozoa;MAST-3;MAST-3E;MAST-3E_X;MAST-3E_XX;MAST-3E_XX_sp.;,0.999998804
d1c05f4a69e617cd41e88ad5e9b0fe25,0,0,0,0,0,0,0,0,0,0,0,0,0,0,0,0,0,0,0,35,0,0,0,0,0,0,0,0,0,0,0,0,0,Eukaryota,1
e75123acab904018cf37e7011f0d47b4,11,0,0,0,0,0,0,0,0,0,20,0,0,0,0,0,0,0,0,0,0,0,0,0,0,3,0,0,0,0,0,0,0,Eukaryota,1
b2f5d3a899794da7c1a174a709b12160,0,0,0,0,0,0,0,0,0,0,0,0,0,0,0,0,0,0,0,32,0,0,0,0,0,0,0,0,0,0,0,0,0,Eukaryota,1
78c875089926e7c4b031dacb9e3a9521,9,0,0,0,0,0,8,0,7,0,3,0,0,0,0,0,0,0,0,4,0,0,0,0,0,0,0,0,0,0,0,0,0,Eukaryota;Rhizaria;Cercozoa;Filosa-Imbricatea;Euglyphida,0.998456238
f1064c24ef8e45128cafb1431c590dfa,0,0,0,0,0,2,5,0,0,0,0,16,0,0,0,0,0,0,0,0,0,0,0,0,0,8,0,0,0,0,0,0,0,Eukaryota;Stramenopiles;Opalozoa;MAST-3;MAST-3E;MAST-3E_X;MAST-3E_XX;MAST-3E_XX_sp.;,0.975745239
ea0b7ac8d55952a6ee4da7f99ead7ac3,24,0,0,0,0,0,0,0,0,0,6,0,0,0,0,0,0,0,0,0,0,0,0,0,0,0,0,0,0,0,0,0,0,Eukaryota;Alveolata;Ciliophora;Spirotrichea;Tintinnida;Tintinnidae;Tintinnidae_X;Tintinnidae_X_sp.;,0.999344921
fbffab723fc5a88dc49ed43ef933cf03,0,0,0,0,0,0,0,0,3,0,0,0,0,0,0,0,0,0,0,0,0,0,0,0,0,0,0,0,0,0,0,0,27,Eukaryota;Opisthokonta;Metazoa;Annelida;Annelida_X;Annelida_XX,0.999873092
f2c5ee254a876a929426d2a79f814e51,0,0,0,0,0,0,0,0,0,0,0,0,0,0,0,0,0,0,0,30,0,0,0,0,0,0,0,0,0,0,0,0,0,Eukaryota;Stramenopiles;Sagenista;Labyrinthulomycetes;Labyrinthulales;Labyrinthulaceae;Aplanochytrium;Aplanochytrium_sp.;,0.99902543
ed81db7898397db7a6b11f752a79f80e,3,0,0,0,0,0,0,0,0,0,0,0,0,0,0,0,0,0,0,26,0,0,0,0,0,0,0,0,0,0,0,0,0,Eukaryota;Opisthokonta,0.989243691
1d1b59ce09609dec0f0e82fac8d6cb3f,0,0,0,0,0,0,0,0,0,0,26,0,0,0,0,0,0,0,0,0,0,0,0,0,0,0,0,0,0,0,0,0,0,Eukaryota;Opisthokonta;Metazoa;Arthropoda;Crustacea;Maxillopoda,0.999983603
6cf6b98bda4ca05d3cd32d85a58ee261,0,0,0,0,0,0,6,0,0,0,0,0,0,0,0,0,0,0,0,13,0,0,0,0,0,0,0,0,0,0,6,0,0,Eukaryota;Stramenopiles;Ochrophyta;Bacillariophyta;Bacillariophyta_X,0.999309224
ba2619d4ed6e7ece98010dbb09c09356,0,0,0,0,0,24,0,0,0,0,0,0,0,0,0,0,0,0,0,0,0,0,0,0,0,0,0,0,0,0,0,0,0,Eukaryota;Opisthokonta;Metazoa;Arthropoda;Crustacea;Maxillopoda,1
734275c398ea1ddcd94ca6ea10d3b7fe,0,0,0,0,0,0,0,12,0,0,11,0,0,0,0,0,0,0,0,0,0,0,0,0,0,0,0,0,0,0,0,0,0,Eukaryota;Opisthokonta;Metazoa;Arthropoda;Crustacea;Maxillopoda;Tisbe;Tisbe_sp.;,0.993920449
eca4a720da5df715067e2c847321d35a,5,0,0,0,0,0,10,0,0,0,0,2,0,0,0,0,0,0,0,0,0,0,0,0,0,5,0,0,0,0,0,0,0,Eukaryota,1
6aa6cb9829c1616cc84d2e54c70919dc,0,0,0,0,0,0,21,0,0,0,0,0,0,0,0,0,0,0,0,0,0,0,0,0,0,0,0,0,0,0,0,0,0,Eukaryota;Alveolata;Dinoflagellata;Dinophyceae,0.999752462
4c3810bf08542a7dee6bfb2e528231ba,0,0,0,0,0,0,0,8,0,0,0,0,0,0,0,0,0,0,0,0,0,0,13,0,0,0,0,0,0,0,0,0,0,Eukaryota;Stramenopiles;Ochrophyta;Bacillariophyta;Bacillariophyta_X,0.974395431
8bdbc26f9e505bd02c048bfbfcb52e97,0,0,0,0,0,0,0,0,0,0,0,0,0,0,0,0,0,0,0,0,0,0,0,0,0,0,0,6,15,0,0,0,0,Eukaryota;Hacrobia;Cryptophyta;Cryptophyceae;Cryptomonadales;Cryptomonadales_X;Geminigera;Geminigera_cryophila;,0.99864724
ecdfd800c6b3c10af91f2ba4371b7dfe,14,0,0,0,0,0,0,0,0,0,0,0,0,0,0,0,0,0,0,0,0,0,2,0,0,0,0,4,0,0,0,0,0,Eukaryota;Rhizaria;Cercozoa;Filosa-Thecofilosea;Ventricleftida;Ventricleftida_X;Ventricleftida_XX;Ventricleftida_XX_sp.;,0.999870191
80fe9ac84f029f2bd6ff3eb745286cea,0,0,0,0,0,0,0,0,0,0,0,20,0,0,0,0,0,0,0,0,0,0,0,0,0,0,0,0,0,0,0,0,0,Eukaryota;Stramenopiles;Ochrophyta;Bacillariophyta;Bacillariophyta_X;Polar-centric-Mediophyceae;Porosira,1
4cf3f90f009be61a4c9c7bbda39cc767,0,0,0,0,0,0,0,0,0,0,0,0,0,0,0,0,0,0,0,20,0,0,0,0,0,0,0,0,0,0,0,0,0,Eukaryota;Stramenopiles;Ochrophyta;Bacillariophyta;Bacillariophyta_X;Polar-centric-Mediophyceae;Ditylum;Ditylum_brightwellii;,0.999999731
5c2ff629642d4be096da4c6995148959,0,0,0,0,0,0,0,0,0,0,0,0,0,0,0,0,0,0,0,11,0,0,4,0,0,0,0,0,5,0,0,0,0,Eukaryota;Alveolata;Dinoflagellata;Syndiniales;Dino-Group-II;Dino-Group-II-Clade-1;Dino-Group-II-Clade-1_X;Dino-Group-II-Clade-1_X_sp.;,0.98131725
73959b0e6ca0adf96546fb7e6106ce76,0,0,0,0,0,0,0,0,0,0,0,0,0,0,0,0,0,0,0,0,0,0,0,0,0,0,0,0,0,0,0,0,20,Eukaryota;Alveolata;Dinoflagellata;Dinophyceae,0.998228341
2ac941b6e28a01b409c525aa50314a57,0,0,0,0,2,0,17,0,0,0,0,0,0,0,0,0,0,0,0,0,0,0,0,0,0,0,0,0,0,0,0,0,0,Eukaryota;Alveolata;Dinoflagellata;Syndiniales;Dino-Group-II;Dino-Group-II-Clade-1;Dino-Group-II-Clade-1_X;Dino-Group-II-Clade-1_X_sp.;,0.999999858
3e2f0828db7f0f7225bfc69055761ed2,0,0,0,0,0,0,19,0,0,0,0,0,0,0,0,0,0,0,0,0,0,0,0,0,0,0,0,0,0,0,0,0,0,Eukaryota;Hacrobia;Haptophyta;Prymnesiophyceae,0.999997297
89872b75f32e08c4d9a96fa75799f175,0,0,0,0,0,0,3,0,0,0,9,0,0,0,0,0,0,0,0,7,0,0,0,0,0,0,0,0,0,0,0,0,0,Eukaryota;Rhizaria;Cercozoa;Endomyxa-Ascetosporea;Paradinida;Paradinidae;Paradinium;Paradinium_poucheti;,0.995108324
d09d31e34303d085bfaf128d86d801f4,0,0,0,0,0,0,0,0,19,0,0,0,0,0,0,0,0,0,0,0,0,0,0,0,0,0,0,0,0,0,0,0,0,Eukaryota;Rhizaria;Cercozoa;Filosa-Thecofilosea;Cryomonadida;Cryothecomonas-lineage;Cryothecomonas;Cryothecomonas_aestivalis;,0.989858296
56867a9e3f3511cae2db77d6fd825f7b,0,0,0,0,0,0,0,0,0,0,0,19,0,0,0,0,0,0,0,0,0,0,0,0,0,0,0,0,0,0,0,0,0,Eukaryota;Archaeplastida;Chlorophyta;Ulvophyceae;Ulotrichales;Ulotrichales_X,0.999999985
5b6ba6964912a8bbd42e0460631313a9,0,0,0,0,0,0,0,0,0,0,0,0,0,0,0,0,0,0,0,0,0,0,0,0,0,0,0,19,0,0,0,0,0,Eukaryota;Stramenopiles;Ochrophyta;Bacillariophyta;Bacillariophyta_X;Radial-centric-basal-Coscinodiscophyceae;Stellarima;Stellarima_microtrias;,0.999990281
3cbffa66a57b5dac847eb89897836ef3,0,0,0,0,0,0,0,0,0,0,0,0,0,0,0,0,0,0,0,0,0,18,0,0,0,0,0,0,0,0,0,0,0,Eukaryota;Opisthokonta;Metazoa;Arthropoda;Crustacea;Maxillopoda,0.999998072
a47d1d94e0c94af89007c15e53423a2d,0,0,0,0,0,0,0,0,0,0,0,0,0,0,0,0,0,0,0,0,0,0,0,0,0,0,0,18,0,0,0,0,0,Eukaryota,1
163ca6c6e701d25fcde3c4981688070c,0,0,0,0,0,0,0,0,0,0,0,0,0,0,0,0,0,0,0,0,0,0,0,0,0,0,0,0,18,0,0,0,0,Eukaryota;Rhizaria;Cercozoa;Filosa-Thecofilosea;Filosa-Thecofilosea_X;Mataza-lineage;Mataza-lineage_X;Mataza-lineage_X_sp.;,0.996655399
3f51e031ed0d5b2b73d33dfc7a936f10,0,0,0,0,0,0,0,0,0,0,0,0,0,0,0,0,0,0,0,0,0,0,0,0,0,0,0,0,18,0,0,0,0,Eukaryota;Archaeplastida;Chlorophyta;Mamiellophyceae;Mamiellales;Mamiellaceae,0.99986487
ce814467ffb4c41f7459b0fdbbc358a4,0,0,0,0,0,0,0,0,0,0,3,2,0,0,0,0,0,0,0,7,0,0,0,0,0,0,0,0,5,0,0,0,0,Eukaryota;Rhizaria;Cercozoa;Filosa-Thecofilosea;Cryomonadida;Protaspa-lineage;Protaspa-lineage_X;Protaspa-lineage_X_sp.;,0.97360899
cfdf910da3eae1d00b717de965d47ea3,0,0,0,0,0,0,0,0,0,0,0,0,17,0,0,0,0,0,0,0,0,0,0,0,0,0,0,0,0,0,0,0,0,Eukaryota;Alveolata;Dinoflagellata;Dinophyceae,0.996396838
782c550d38222bc4472d6a057dce8cef,0,0,0,0,0,0,0,0,0,0,0,0,0,0,0,0,0,0,0,17,0,0,0,0,0,0,0,0,0,0,0,0,0,Eukaryota;Stramenopiles;Ochrophyta;Chrysophyceae;Chrysophyceae_X;Chrysophyceae_Clade-F;Chrysophyceae_Clade-F_X;Chrysophyceae_Clade-F_X_sp.;,0.999836627
dafe4d6c15af6adeadc17316efa5991c,0,0,0,0,0,0,0,0,0,0,0,0,0,0,0,0,0,0,0,17,0,0,0,0,0,0,0,0,0,0,0,0,0,Eukaryota;Alveolata;Ciliophora;Spirotrichea,0.999994624
9dcf1d0038cf87a70f2a21b7c4988f33,0,0,0,0,0,0,0,0,0,0,0,0,0,0,0,0,0,0,0,17,0,0,0,0,0,0,0,0,0,0,0,0,0,Eukaryota;Stramenopiles;Ochrophyta;Bacillariophyta;Bacillariophyta_X;Polar-centric-Mediophyceae;Attheya;Attheya_longicornis;,0.999792976
a9e930a6aa345269380b199328a4a41a,6,0,0,0,0,0,0,0,0,0,0,0,0,0,0,0,0,0,0,0,0,0,0,0,0,10,0,0,0,0,0,0,0,Eukaryota;Alveolata;Dinoflagellata;Dinophyceae;Peridiniales;Protoperidiniaceae;Protoperidinium;Protoperidinium_sp.;,0.999998781
e71314f8a59a727f2b5e9ca10cd203da,0,0,0,0,0,0,0,0,0,0,0,2,0,0,0,0,3,0,3,5,0,0,0,0,0,0,0,0,0,0,0,0,3,Eukaryota;Rhizaria;Cercozoa;Filosa-Thecofilosea;Ebriida;Ebriidae;Ebria;Ebria_tripartita;,0.999999838
4b95eda66b7d22b6dd1889eab91f248f,0,0,0,0,0,0,0,0,0,0,0,0,0,0,0,0,0,0,0,16,0,0,0,0,0,0,0,0,0,0,0,0,0,Eukaryota;Stramenopiles;Opalozoa;MAST-3;MAST-3J;MAST-3J_X;MAST-3J_XX;MAST-3J_XX_sp.;,0.999998119
5260d917adbb8a94ec7b3d118abd3e8b,0,0,0,0,0,0,0,0,0,0,0,0,0,0,0,0,0,0,0,0,0,0,0,0,0,3,0,10,3,0,0,0,0,Eukaryota;Alveolata;Dinoflagellata;Syndiniales;Dino-Group-II;Dino-Group-II_X;Dino-Group-II-Clade-52_X;Dino-Group-II-Clade-52_X_sp.;,0.993522941
aa82be787a6adca34f2711499cf63b44,0,0,0,0,0,0,0,5,0,0,0,10,0,0,0,0,0,0,0,0,0,0,0,0,0,0,0,0,0,0,0,0,0,Eukaryota;Opisthokonta;Metazoa;Bryozoa;Bryozoa_X;Bryozoa_XX,0.999999985
25d2184eb366cd03e608611f882f9eb5,0,0,0,0,0,0,0,0,0,0,0,0,0,0,0,0,0,0,0,15,0,0,0,0,0,0,0,0,0,0,0,0,0,Eukaryota;Stramenopiles;Ochrophyta;Bacillariophyta;Bacillariophyta_X;Polar-centric-Mediophyceae;Thalassiosira;Thalassiosira_curviseriata;,0.997131404
455037e629bbb9bb76d740361744d009,0,0,0,0,0,0,0,0,0,0,0,0,0,0,0,0,0,0,0,0,0,0,0,0,0,0,0,15,0,0,0,0,0,Eukaryota;Stramenopiles;Ochrophyta;Bacillariophyta;Bacillariophyta_X;Radial-centric-basal-Coscinodiscophyceae;Stellarima;Stellarima_microtrias;,0.999922402
740b1bd9cabbf19f5352b48d17945e51,14,0,0,0,0,0,0,0,0,0,0,0,0,0,0,0,0,0,0,0,0,0,0,0,0,0,0,0,0,0,0,0,0,Eukaryota;Stramenopiles;Ochrophyta;Bacillariophyta;Bacillariophyta_X;Polar-centric-Mediophyceae;Attheya;Attheya_longicornis;,0.976345218
808d64d4719baf1001af1eb1f56d233f,0,0,0,0,9,5,0,0,0,0,0,0,0,0,0,0,0,0,0,0,0,0,0,0,0,0,0,0,0,0,0,0,0,Eukaryota;Stramenopiles;Ochrophyta;Bacillariophyta;Bacillariophyta_X,0.991309358
8a8c312df797fc7f5888852683c8ecc2,0,0,0,0,0,0,8,0,0,0,0,0,0,0,0,0,0,0,0,6,0,0,0,0,0,0,0,0,0,0,0,0,0,Eukaryota;Alveolata;Dinoflagellata;Syndiniales;Dino-Group-I;Dino-Group-I-Clade-1;Dino-Group-I-Clade-1_X;Dino-Group-I-Clade-1_X_sp.;,0.999997784
11e6626bed81cdfcf01e782c9089a002,0,0,0,0,0,0,3,4,0,0,0,0,0,0,0,0,0,0,0,0,0,0,0,0,0,4,3,0,0,0,0,0,0,Eukaryota;Alveolata;Dinoflagellata;Syndiniales;Dino-Group-I;Dino-Group-I-Clade-1;Dino-Group-I-Clade-1_X;Dino-Group-I-Clade-1_X_sp.;,0.999999997
404ebe5727089d7916b9920c1c95e6ec,0,0,0,0,0,0,0,0,0,0,0,14,0,0,0,0,0,0,0,0,0,0,0,0,0,0,0,0,0,0,0,0,0,Eukaryota;Stramenopiles;Ochrophyta;Bacillariophyta;Bacillariophyta_X;Raphid-pennate;Pleurosigma;Pleurosigma_intermedium;,0.996908973
be516739736f94a99d0d9864de630ef2,0,0,0,0,0,0,0,0,0,0,0,0,0,0,0,0,0,0,0,10,0,0,0,0,0,0,0,0,0,0,4,0,0,Eukaryota;Stramenopiles,0.996141515
c8cf94dc432bfe5287677f834cd9d8b0,0,0,0,0,0,0,0,0,0,0,0,0,0,0,0,0,0,0,0,0,0,0,0,0,0,14,0,0,0,0,0,0,0,Eukaryota;Opisthokonta;Metazoa;Arthropoda;Crustacea;Maxillopoda;Archinotodelphys;Archinotodelphys_sp.;,0.984159712
5773f5ff0d2e298ee4df705b7bad9045,0,0,0,0,0,0,0,0,0,0,0,0,0,0,0,0,0,0,0,0,0,0,0,0,0,0,0,14,0,0,0,0,0,Eukaryota;Rhizaria;Cercozoa;Filosa-Imbricatea;Thaumatomonadida;Thaumatomonadida_X;Thaumatomonadida_XX;Thaumatomonadida_XX_sp.;,0.983765938
67b92b0bcdf6b045ea5c073cf9482231,0,0,0,0,0,0,0,0,0,0,0,0,0,0,0,0,0,0,0,13,0,0,0,0,0,0,0,0,0,0,0,0,0,Eukaryota;Rhizaria;Cercozoa;Filosa-Granofilosea;Cryptofilida;Nanofilidae;Nanofila;Nanofila_sp.;,0.999999997
746447247cb46122919fb970df268618,0,0,0,0,0,0,0,0,0,0,0,0,0,0,0,0,0,0,0,13,0,0,0,0,0,0,0,0,0,0,0,0,0,Eukaryota;Rhizaria;Cercozoa;Filosa-Thecofilosea;Cryomonadida;Cryothecomonas-lineage;Cryothecomonas;Cryothecomonas_aestivalis;,0.970924156
fc0f8a4e839f61a27687fdeb851f5bd0,12,0,0,0,0,0,0,0,0,0,0,0,0,0,0,0,0,0,0,0,0,0,0,0,0,0,0,0,0,0,0,0,0,Eukaryota;Alveolata;Ciliophora;Spirotrichea;Strombidiida_B;Strombidiida_B_X;Strombidiida_B_XX;Strombidiida_B_XX_sp.;,0.999970238
3ac005340b31e7ae071b5ecb6eaac0bc,0,0,0,0,0,0,6,0,0,0,0,0,0,0,0,0,0,0,0,0,0,0,0,0,0,6,0,0,0,0,0,0,0,Eukaryota;Hacrobia;Telonemia;Telonemia_X;Telonemia_XX;Telonemia-Group-2;Telonema-Group-2;Telonema_antarcticum;,0.999959158
1ab1e34c54672168215c823290f49b66,0,0,0,0,0,0,0,0,0,0,0,12,0,0,0,0,0,0,0,0,0,0,0,0,0,0,0,0,0,0,0,0,0,Eukaryota;Opisthokonta;Metazoa;Arthropoda;Crustacea;Maxillopoda,0.999994091
4de20ffd54c953d73bd6641a7359f1c2,0,0,0,0,0,0,0,0,0,0,0,0,0,0,0,0,0,0,0,12,0,0,0,0,0,0,0,0,0,0,0,0,0,Eukaryota;Stramenopiles;Ochrophyta;Bacillariophyta;Bacillariophyta_X;Polar-centric-Mediophyceae;Chaetoceros;Chaetoceros_debilis_2;,0.999999829
6cf717c8929e8c0371864c0d173587d1,0,0,0,0,0,0,0,0,0,0,0,0,0,0,0,0,0,0,0,12,0,0,0,0,0,0,0,0,0,0,0,0,0,Eukaryota;Stramenopiles;Ochrophyta;Bacillariophyta;Bacillariophyta_X;Polar-centric-Mediophyceae;Thalassiosira;Thalassiosira_delicatula;,0.992155342
ddf3db29d1a3452bfeda145dd2c086d5,0,0,0,0,0,0,0,0,0,0,0,0,0,0,0,0,0,0,0,12,0,0,0,0,0,0,0,0,0,0,0,0,0,Eukaryota,1
b1ec529d15059d0b16f270d90a19ff20,0,0,0,0,0,0,0,0,0,0,0,0,0,0,0,0,0,0,0,12,0,0,0,0,0,0,0,0,0,0,0,0,0,Eukaryota;Stramenopiles;Ochrophyta;Bacillariophyta;Bacillariophyta_X;Raphid-pennate;Pseudo-nitzschia;Pseudo-nitzschia_australis;,0.988780594
2dff17a35869f242a9d95e7b7fabe49f,0,0,0,0,0,0,0,0,0,0,0,0,0,0,0,0,0,0,0,12,0,0,0,0,0,0,0,0,0,0,0,0,0,Eukaryota;Stramenopiles;Ochrophyta;Phaeophyceae;Phaeophyceae_X;Phaeophyceae_XX;Ectocarpus,0.999987044
e13a80651727e28da4fe731a2f65080c,0,0,0,0,0,0,0,0,0,0,0,0,0,0,0,0,0,0,0,0,12,0,0,0,0,0,0,0,0,0,0,0,0,Eukaryota;Opisthokonta;Metazoa;Arthropoda;Crustacea;Maxillopoda,0.99999997
8e587eec0422cc5e9c03849b79bcbfb6,11,0,0,0,0,0,0,0,0,0,0,0,0,0,0,0,0,0,0,0,0,0,0,0,0,0,0,0,0,0,0,0,0,Eukaryota;Stramenopiles;Ochrophyta;Bacillariophyta;Bacillariophyta_X;Radial-centric-basal-Coscinodiscophyceae;Corethron;Corethron_inerme;,0.999999798
872e1cc5f1d7730b22254c33214a5ea3,0,0,0,0,0,0,0,0,0,0,11,0,0,0,0,0,0,0,0,0,0,0,0,0,0,0,0,0,0,0,0,0,0,Eukaryota;Rhizaria;Radiolaria;Polycystinea;Nassellaria;Plagiacanthoidea;Lithomelissa,0.999708659
8b6bdd2e337b278178ace34dc0436e03,0,0,0,0,0,0,0,0,0,0,0,0,0,0,0,0,0,0,0,11,0,0,0,0,0,0,0,0,0,0,0,0,0,Eukaryota,1
1b3b646ba001fa70f36b498be973b2d8,0,0,0,0,0,0,0,0,0,0,0,0,0,0,0,0,0,0,0,11,0,0,0,0,0,0,0,0,0,0,0,0,0,Eukaryota;Hacrobia;Centroheliozoa;Centroheliozoa_X,0.996598458
0ed62ee3c91852d99358c551c75453f9,0,0,0,0,0,0,0,0,0,0,0,0,0,0,0,0,0,0,0,0,0,0,0,0,0,6,0,0,0,0,5,0,0,Eukaryota;Opisthokonta;Fungi;Basidiomycota;Pucciniomycotina,0.999999994
938a6d67ebfd75ec092f52c3f1ed2c26,0,0,0,0,0,0,0,0,0,0,0,0,0,0,0,0,0,0,0,0,0,0,0,0,0,0,0,6,5,0,0,0,0,Eukaryota;Rhizaria;Cercozoa;Filosa-Thecofilosea;Ventricleftida;CCW10-lineage;CCW10-lineage_X;CCW10-lineage_X_sp.;,1
d045b5d2d7761b5f7dfc306994c888f1,10,0,0,0,0,0,0,0,0,0,0,0,0,0,0,0,0,0,0,0,0,0,0,0,0,0,0,0,0,0,0,0,0,Eukaryota,1
7366c18b17ea547ca61743476fc828cc,3,0,0,0,0,7,0,0,0,0,0,0,0,0,0,0,0,0,0,0,0,0,0,0,0,0,0,0,0,0,0,0,0,Eukaryota;Archaeplastida;Chlorophyta;Ulvophyceae;Ulotrichales;Ulotrichales_X,0.999999817
e08af3753861f96988337935d07b3236,0,0,0,0,0,0,0,0,0,0,10,0,0,0,0,0,0,0,0,0,0,0,0,0,0,0,0,0,0,0,0,0,0,Eukaryota;Opisthokonta;Metazoa;Arthropoda;Crustacea;Maxillopoda,0.999986562
9f77a5cbdafded169cc596e192ce8ae7,0,0,0,0,0,0,0,0,0,0,0,10,0,0,0,0,0,0,0,0,0,0,0,0,0,0,0,0,0,0,0,0,0,Eukaryota;Archaeplastida;Chlorophyta;Ulvophyceae;Ulvales-relatives;Ulvales-relatives_X,0.998747652
2d9e82278c75751d511325461183c377,0,0,0,0,0,0,0,0,0,0,0,10,0,0,0,0,0,0,0,0,0,0,0,0,0,0,0,0,0,0,0,0,0,Eukaryota;Archaeplastida;Rhodophyta;Florideophyceae,0.999999939
48e8613a71fab070f08617159ead6751,0,0,0,0,0,0,0,0,0,0,0,0,0,0,0,0,0,0,0,10,0,0,0,0,0,0,0,0,0,0,0,0,0,Eukaryota;Opisthokonta;Metazoa;Arthropoda;Crustacea;Malacostraca;Thysanoessa,0.996875137
ee5af280f5dc275386f13e7857f706e3,0,0,0,0,0,0,0,0,0,0,0,0,0,0,0,0,0,0,0,10,0,0,0,0,0,0,0,0,0,0,0,0,0,Eukaryota,1
5c5f856b8968cb18dbc523895e60b9e3,0,0,0,0,0,0,0,0,0,0,0,0,0,0,0,0,0,0,0,0,0,0,0,0,0,0,0,10,0,0,0,0,0,Eukaryota;Rhizaria;Cercozoa;Filosa-Thecofilosea;Filosa-Thecofilosea_X;Mataza-lineage;Mataza-lineage_X;Mataza-lineage_X_sp.;,0.999999709
74254e324deaa59843d73de994a229c1,0,2,0,0,0,0,0,7,0,0,0,0,0,0,0,0,0,0,0,0,0,0,0,0,0,0,0,0,0,0,0,0,0,Eukaryota;Rhizaria;Cercozoa;Filosa-Thecofilosea;Ventricleftida;CCW10-lineage;CCW10-lineage_X;CCW10-lineage_X_sp.;,1
dcd0472f90e6664bd40f556fd4dd9c0f,0,0,0,0,0,0,3,0,0,0,0,0,0,0,0,0,0,0,0,0,0,0,0,0,0,6,0,0,0,0,0,0,0,Eukaryota,1
0a13a2677302b8fed738e37ac7026ea9,0,0,0,0,0,0,0,0,0,0,9,0,0,0,0,0,0,0,0,0,0,0,0,0,0,0,0,0,0,0,0,0,0,Eukaryota;Rhizaria;Radiolaria;Acantharea;Arthracanthida-Symphyacanthida;Arthracanthida-Symphyacanthida_X;Arthracanthida-Symphyacanthida_XX;Arthracanthida-Symphyacanthida_XX_sp.;,0.974445708
006994612f4b5b8bb69b0b1b78dab1d4,0,0,0,0,0,0,0,0,0,0,0,0,0,0,0,0,0,0,0,9,0,0,0,0,0,0,0,0,0,0,0,0,0,Eukaryota;Opisthokonta;Fungi,0.999667676
1f3505988c38a49d5a6be02c098acfdb,0,0,0,0,0,0,0,0,0,0,0,0,0,0,0,0,0,0,0,9,0,0,0,0,0,0,0,0,0,0,0,0,0,Eukaryota;Hacrobia;Centroheliozoa;Centroheliozoa_X;Centroheliozoa_XX;Centroheliozoa_XXX;Centroheliozoa_XXXX;Centroheliozoa_XXXX_sp.;,0.970407419
2b2feff8993b8ba94c169ee8aa632b64,0,0,0,0,0,0,0,0,0,0,0,0,0,0,0,0,0,0,0,0,0,0,0,0,0,0,0,0,9,0,0,0,0,Eukaryota;Alveolata;Dinoflagellata;Dinophyceae;Gymnodiniales;Gymnodiniaceae;Gymnodinium;Gymnodinium_sp.;,0.992265767
4a78fa640bbce86204103a2fcc646129,0,0,0,0,8,0,0,0,0,0,0,0,0,0,0,0,0,0,0,0,0,0,0,0,0,0,0,0,0,0,0,0,0,Eukaryota;Rhizaria;Cercozoa;Filosa-Thecofilosea;Ventricleftida;Ventricleftida_X;Ventricleftida_XX;Ventricleftida_XX_sp.;,0.999999672
f5835ff7ad34ff2efac6bf13c47dd2bb,0,0,0,0,0,0,8,0,0,0,0,0,0,0,0,0,0,0,0,0,0,0,0,0,0,0,0,0,0,0,0,0,0,Eukaryota;Alveolata;Dinoflagellata;Syndiniales;Dino-Group-III;Dino-Group-III_X;Dino-Group-III_XX;Dino-Group-III_XX_sp.;,0.999985922
dab8478243538189e9e2fa14e7527d33,0,0,0,0,0,0,4,0,0,0,0,0,0,0,0,0,0,0,0,0,0,0,0,0,0,4,0,0,0,0,0,0,0,Eukaryota,1
41b8caf5edf602f15e91b5e3331acd12,0,0,0,0,0,0,0,0,0,0,0,8,0,0,0,0,0,0,0,0,0,0,0,0,0,0,0,0,0,0,0,0,0,Eukaryota;Stramenopiles;Opalozoa;MAST-12;MAST-12A;MAST-12A_X;MAST-12A_XX;MAST-12A_XX_sp.;,0.999766844
289234fc2c91bb63b2957dc8b176cdde,0,0,0,0,0,0,0,0,0,0,0,0,0,0,0,0,0,0,0,8,0,0,0,0,0,0,0,0,0,0,0,0,0,Eukaryota;Hacrobia;Centroheliozoa;Centroheliozoa_X,0.987432072
2fb5deede61d7a9f77b6d7355535429b,0,0,0,0,0,0,0,0,0,0,0,0,0,0,0,0,0,0,0,8,0,0,0,0,0,0,0,0,0,0,0,0,0,Eukaryota;Stramenopiles;Ochrophyta;Bacillariophyta;Bacillariophyta_X;Polar-centric-Mediophyceae;Arcocellulus;Arcocellulus_cornucervis;,0.991515573
d4aedcd46ed50182ac792c0c4b204779,0,0,0,0,0,0,0,0,0,0,0,0,0,0,0,0,0,0,0,0,0,0,8,0,0,0,0,0,0,0,0,0,0,Eukaryota;Hacrobia;Telonemia;Telonemia_X;Telonemia_XX;Telonemia-Group-2;Telonemia-Group-2_X;Telonemia-Group-2_X_sp.;,0.999999418
fe430561a6ade6538b856612de1de3e9,0,0,0,0,0,0,0,0,0,0,0,0,0,0,0,0,0,0,0,0,0,0,0,0,8,0,0,0,0,0,0,0,0,Eukaryota;Opisthokonta;Metazoa;Annelida;Annelida_X;Annelida_XX,0.999999756
86358750d61d9b9d7c4f3b2f48c17b74,7,0,0,0,0,0,0,0,0,0,0,0,0,0,0,0,0,0,0,0,0,0,0,0,0,0,0,0,0,0,0,0,0,Eukaryota;Opisthokonta;Metazoa,0.999846196
187ac8f6ed9dfc6744eeae713dd36031,0,0,0,0,0,0,7,0,0,0,0,0,0,0,0,0,0,0,0,0,0,0,0,0,0,0,0,0,0,0,0,0,0,Eukaryota;Alveolata;Dinoflagellata;Syndiniales;Dino-Group-II;Dino-Group-II-Clade-13;Dino-Group-II-Clade-13_X;Dino-Group-II-Clade-13_X_sp.;,0.983620573
519fd0cb22c61795277b51630556680d,0,0,0,0,0,0,4,0,0,0,0,0,0,0,0,0,0,0,0,3,0,0,0,0,0,0,0,0,0,0,0,0,0,Eukaryota;Alveolata;Dinoflagellata;Syndiniales;Dino-Group-I;Dino-Group-I-Clade-1;Dino-Group-I-Clade-1_X;Dino-Group-I-Clade-1_X_sp.;,0.99996974
b33ff7ff21e746e35a004af2e629cabf,0,0,0,0,0,0,0,0,0,0,0,0,0,0,0,0,0,0,0,7,0,0,0,0,0,0,0,0,0,0,0,0,0,Eukaryota;Hacrobia;Centroheliozoa;Centroheliozoa_X,0.999888645
f469c5421e2da8927ec36d648ec7fd02,0,0,0,0,0,0,0,0,0,0,0,0,0,0,0,0,0,0,0,7,0,0,0,0,0,0,0,0,0,0,0,0,0,Eukaryota;Stramenopiles;Ochrophyta;Phaeophyceae;Phaeophyceae_X;Phaeophyceae_XX;Halothrix;Halothrix_ambigua;,0.999995757
df755b158279c1d9c5ca2e1fb82a4871,0,0,0,0,0,0,0,0,0,0,0,0,0,0,0,0,0,0,0,0,0,0,7,0,0,0,0,0,0,0,0,0,0,Eukaryota;Alveolata;Dinoflagellata;Syndiniales;Dino-Group-II;Dino-Group-II-Clade-1;Dino-Group-II-Clade-1_X;Dino-Group-II-Clade-1_X_sp.;,0.999993177
9e3f4a812f06a5550e1c0cf6668665d4,0,0,0,0,0,0,0,0,0,0,0,0,0,0,0,0,0,0,0,0,0,0,0,0,0,0,0,7,0,0,0,0,0,Eukaryota;Opisthokonta;Fungi,0.980978769
6fc96a1dfd76b4ae0d6113a02797e743,0,0,0,0,0,0,0,0,0,0,0,0,0,0,0,0,0,0,0,0,0,0,0,0,0,0,0,0,0,7,0,0,0,Eukaryota;Opisthokonta;Metazoa;Arthropoda;Crustacea;Maxillopoda,0.999999191
d6693ed0e3aab358b55147951ef70dce,3,0,0,0,0,0,0,0,0,0,3,0,0,0,0,0,0,0,0,0,0,0,0,0,0,0,0,0,0,0,0,0,0,Eukaryota,1
d6ae57a13f15aab1feeb4d0af2a398c2,0,0,6,0,0,0,0,0,0,0,0,0,0,0,0,0,0,0,0,0,0,0,0,0,0,0,0,0,0,0,0,0,0,Eukaryota;Stramenopiles;Ochrophyta;Bacillariophyta;Bacillariophyta_X;Raphid-pennate,0.978693615
79cf728e9a68dc17eaa49a62c7115be3,0,0,0,0,0,0,6,0,0,0,0,0,0,0,0,0,0,0,0,0,0,0,0,0,0,0,0,0,0,0,0,0,0,Eukaryota;Stramenopiles;Ochrophyta;Chrysophyceae;Chrysophyceae_X;Chrysophyceae_Clade-H;Chrysophyceae_Clade-H_X;Chrysophyceae_Clade-H_X_sp.;,0.999999998
1235dafaea5acfbab8c1797d5fc4b456,0,0,0,0,0,0,6,0,0,0,0,0,0,0,0,0,0,0,0,0,0,0,0,0,0,0,0,0,0,0,0,0,0,Eukaryota,1
04dd1ee51056f811f3d0f21d35be0abf,0,0,0,0,0,0,2,0,0,0,0,0,0,0,0,0,0,0,0,4,0,0,0,0,0,0,0,0,0,0,0,0,0,Eukaryota;Alveolata;Dinoflagellata;Syndiniales;Dino-Group-II;Dino-Group-II-Clade-16;Dino-Group-II-Clade-16_X;Dino-Group-II-Clade-16_X_sp.;,0.999911581
5b2697c2fe85ad0f434e01c5ddcf5033,0,0,0,0,0,0,0,0,0,0,6,0,0,0,0,0,0,0,0,0,0,0,0,0,0,0,0,0,0,0,0,0,0,Eukaryota;Stramenopiles;Ochrophyta;Bacillariophyta;Bacillariophyta_X,0.996320095
1c28c8444ff34a8ae239fddc84dd2c89,0,0,0,0,0,0,0,0,0,0,0,6,0,0,0,0,0,0,0,0,0,0,0,0,0,0,0,0,0,0,0,0,0,Eukaryota;Opisthokonta;Metazoa;Annelida;Annelida_X;Annelida_XX,0.999998205
aa207e73cf6f7417761a46c8c1014a61,0,0,0,0,0,0,0,0,0,0,0,0,0,0,0,0,0,0,0,6,0,0,0,0,0,0,0,0,0,0,0,0,0,Eukaryota;Rhizaria;Cercozoa;Filosa-Thecofilosea;Cryomonadida;Cryomonadida_X;Cryomonadida_XX;Cryomonadida_XX_sp.;,0.99992196
2e7450749457eb1e6f6738d4037ddc45,0,0,0,0,0,0,0,0,0,0,0,0,0,0,0,0,0,0,0,6,0,0,0,0,0,0,0,0,0,0,0,0,0,Eukaryota,1
e8bff7d4f1f7f2babec7b366ea71adb2,0,0,0,0,0,0,0,0,0,0,0,0,0,0,0,0,0,0,0,6,0,0,0,0,0,0,0,0,0,0,0,0,0,Eukaryota;Alveolata;Dinoflagellata;Dinophyceae,0.998586817
ecaf8d1e8b37c7de1a42d24836449c2f,0,0,0,0,0,0,0,0,0,0,0,0,0,0,0,0,0,0,0,0,0,0,6,0,0,0,0,0,0,0,0,0,0,Eukaryota;Opisthokonta;Metazoa;Arthropoda;Crustacea;Maxillopoda,0.999999958
fc8e46ae29628a8a0b678a27a88a298a,0,0,0,0,0,0,0,0,0,0,0,0,0,0,0,0,0,0,0,0,0,0,0,0,0,0,0,0,6,0,0,0,0,Eukaryota;Rhizaria;Cercozoa;Filosa-Thecofilosea;Cryomonadida;Protaspa-lineage,0.992085953
0774f1391402f044b4fafa9c21a899a7,5,0,0,0,0,0,0,0,0,0,0,0,0,0,0,0,0,0,0,0,0,0,0,0,0,0,0,0,0,0,0,0,0,Eukaryota;Rhizaria;Cercozoa;Filosa-Thecofilosea;Ventricleftida;CCW10-lineage;CCW10-lineage_X;CCW10-lineage_X_sp.;,0.999997137
bfb88ee021f13e64d5420d67bc13077f,0,0,0,0,0,0,5,0,0,0,0,0,0,0,0,0,0,0,0,0,0,0,0,0,0,0,0,0,0,0,0,0,0,Eukaryota,1
92bc1cd37d824e30fbde7d2f3253c978,0,0,0,0,0,0,0,5,0,0,0,0,0,0,0,0,0,0,0,0,0,0,0,0,0,0,0,0,0,0,0,0,0,Eukaryota;Alveolata;Ciliophora;Spirotrichea;Strombidiida;Tontoniidae_A;Spirotontonia;Spirotontonia_sp.;,0.987782184
c5405031f933745bc1345f66b8381c6b,0,0,0,0,0,0,0,0,3,0,0,0,0,0,0,0,0,0,0,0,0,0,0,0,0,0,0,0,2,0,0,0,0,Eukaryota;Opisthokonta;Metazoa;Cnidaria;Cnidaria_X;Hydrozoa;Hydrozoa_X;Hydrozoa_X_sp.;,0.999743269
2ae97c7edd79e5442a63790f2b412da6,0,0,0,0,0,0,0,0,0,0,5,0,0,0,0,0,0,0,0,0,0,0,0,0,0,0,0,0,0,0,0,0,0,Eukaryota,1
fe4ff3b5f09983b3d143f9eb8bad1bff,0,0,0,0,0,0,0,0,0,0,5,0,0,0,0,0,0,0,0,0,0,0,0,0,0,0,0,0,0,0,0,0,0,Eukaryota;Opisthokonta;Metazoa;Annelida;Annelida_X;Annelida_XX;Caulleriella;Caulleriella_parva;,0.999830827
b73322cd72f9600b3598fb20386df7d4,0,0,0,0,0,0,0,0,0,0,0,5,0,0,0,0,0,0,0,0,0,0,0,0,0,0,0,0,0,0,0,0,0,Eukaryota,1
cb574c2df94d8a0d1966f10a0fc66014,0,0,0,0,0,0,0,0,0,0,0,0,5,0,0,0,0,0,0,0,0,0,0,0,0,0,0,0,0,0,0,0,0,Eukaryota;Stramenopiles;Ochrophyta;Bolidophyceae;Parmales;Parmales_env_3;Parmales_env_3_X;Parmales_env_3_X_sp.;,0.999929554
d1e57ea1c3d0d67f07e621a819003f0b,0,0,0,0,0,0,0,0,0,0,0,0,5,0,0,0,0,0,0,0,0,0,0,0,0,0,0,0,0,0,0,0,0,Eukaryota,1
ed466b0fac6013b5911421be4c137adc,0,0,0,0,0,0,0,0,0,0,0,0,0,0,0,0,0,0,0,5,0,0,0,0,0,0,0,0,0,0,0,0,0,Eukaryota;Opisthokonta,0.999085841
a46ea91a402bea983065c9df23c939e6,0,0,0,0,0,0,0,0,0,0,0,0,0,0,0,0,0,0,0,5,0,0,0,0,0,0,0,0,0,0,0,0,0,Eukaryota;Opisthokonta;Metazoa;Mollusca;Bivalvia;Heteroconchia,1
a1329c2b39a31e7d9e7399e2e075da65,0,0,0,0,0,0,0,0,0,0,0,0,0,0,0,0,0,0,0,5,0,0,0,0,0,0,0,0,0,0,0,0,0,Eukaryota,1
11f537d4e65dba2c8b781fe3f8b8bdab,0,0,0,0,0,0,0,0,0,0,0,0,0,0,0,0,0,0,0,5,0,0,0,0,0,0,0,0,0,0,0,0,0,Eukaryota;Stramenopiles;Ochrophyta;Bacillariophyta;Bacillariophyta_X,0.999950762
a4b1d689cd473e003c22a89212d640cb,0,0,4,0,0,0,0,0,0,0,0,0,0,0,0,0,0,0,0,0,0,0,0,0,0,0,0,0,0,0,0,0,0,Eukaryota;Opisthokonta;Metazoa;Arthropoda;Crustacea;Maxillopoda;Maxillopoda_X;Maxillopoda_X_sp.;,0.992514002
d6c5af9ff346e4e774b6656facacc462,0,0,0,4,0,0,0,0,0,0,0,0,0,0,0,0,0,0,0,0,0,0,0,0,0,0,0,0,0,0,0,0,0,Eukaryota;Archaeplastida;Chlorophyta;Mamiellophyceae;Mamiellales;Bathycoccaceae;Bathycoccus;Bathycoccus_prasinos;,0.999996293
da07a297f9491f552012bbcce45849af,0,0,0,0,4,0,0,0,0,0,0,0,0,0,0,0,0,0,0,0,0,0,0,0,0,0,0,0,0,0,0,0,0,Eukaryota;Hacrobia;Telonemia;Telonemia_X;Telonemia_XX;Telonemia-Group-2;Telonemia-Group-2_X;Telonemia-Group-2_X_sp.;,0.999997067
b4d9f22fdf4202d477f8311f0170a9c4,0,0,0,0,0,0,4,0,0,0,0,0,0,0,0,0,0,0,0,0,0,0,0,0,0,0,0,0,0,0,0,0,0,Eukaryota;Stramenopiles;Ochrophyta;Chrysophyceae;Chrysophyceae_X;Chrysophyceae_XX;Chrysophyceae_XXX;Chrysophyceae_XXX_sp.;,0.999999301
7af90e2e10a9d7cba274120ed4d4ed18,0,0,0,0,0,0,0,0,4,0,0,0,0,0,0,0,0,0,0,0,0,0,0,0,0,0,0,0,0,0,0,0,0,Eukaryota;Alveolata;Dinoflagellata;Syndiniales;Dino-Group-I;Dino-Group-I-Clade-4;Dino-Group-I-Clade-4_X;Dino-Group-I-Clade-4_X_sp.;,0.997385853
88b95fb8a468016b87bfc27239a59ef3,0,0,0,0,0,0,0,0,4,0,0,0,0,0,0,0,0,0,0,0,0,0,0,0,0,0,0,0,0,0,0,0,0,Eukaryota;Rhizaria;Cercozoa;Filosa-Imbricatea;Thaumatomonadida;Thaumatomonadida_X;Thaumatomonadida_XX;Thaumatomonadida_XX_sp.;,0.999919165
b837aa2c2e1011733829cfdc33433476,0,0,0,0,0,0,0,0,0,0,0,4,0,0,0,0,0,0,0,0,0,0,0,0,0,0,0,0,0,0,0,0,0,Eukaryota;Rhizaria;Cercozoa;Filosa-Imbricatea;Filosa-Imbricatea_X;Novel-clade-2;Novel-clade-2_X;Novel-clade-2_X_sp.;,0.999999996
51e97668c528db3e68e281f0fb8908ae,0,0,0,0,0,0,0,0,0,0,0,4,0,0,0,0,0,0,0,0,0,0,0,0,0,0,0,0,0,0,0,0,0,Eukaryota;Opisthokonta;Metazoa;Annelida;Annelida_X;Annelida_XX;Kefersteinia;Kefersteinia_cirrata;,0.995435283
ce036108ba9fe431322ded28d055fa79,0,0,0,0,0,0,0,0,0,0,0,0,0,0,0,0,0,0,0,4,0,0,0,0,0,0,0,0,0,0,0,0,0,Eukaryota;Alveolata;Dinoflagellata;Syndiniales;Dino-Group-I;Dino-Group-I-Clade-1;Dino-Group-I-Clade-1_X;Dino-Group-I-Clade-1_X_sp.;,0.999998312
fb784b6c7ac65fde9a08fb321c77dce8,0,0,0,0,0,0,0,0,0,0,0,0,0,0,0,0,0,0,0,4,0,0,0,0,0,0,0,0,0,0,0,0,0,Eukaryota;Rhizaria;Cercozoa;Chlorarachniophyceae;Chlorarachniophyceae_X;LC104-lineage;LC104-lineage_X;LC104-lineage_X_sp.;,0.99973027
b21434e6c33ccc4d70d52a4bd7edd604,0,0,0,0,0,0,0,0,0,0,0,0,0,0,0,0,0,0,0,4,0,0,0,0,0,0,0,0,0,0,0,0,0,Eukaryota;Stramenopiles;Ochrophyta;Bacillariophyta;Bacillariophyta_X;Polar-centric-Mediophyceae;Chaetoceros;Chaetoceros_socialis;,0.999999285
d36e90fb3e342f7b594b86645e139fa0,0,0,0,0,0,0,0,0,0,0,0,0,0,0,0,0,0,0,0,4,0,0,0,0,0,0,0,0,0,0,0,0,0,Eukaryota;Alveolata;Dinoflagellata;Syndiniales;Dino-Group-II;Dino-Group-II-Clade-10-and-11;Dino-Group-II-Clade-10-and-11_X;Dino-Group-II-Clade-10-and-11_X_sp.;,0.997510423
199aa75731ac706e0ade8b147fcfc2cc,0,0,0,0,0,0,0,0,0,0,0,0,0,0,0,0,0,0,0,4,0,0,0,0,0,0,0,0,0,0,0,0,0,Eukaryota,1
eace0c7cbea5d605858ea336e4212baa,0,0,0,0,0,0,0,0,0,0,0,0,0,0,0,0,0,0,0,4,0,0,0,0,0,0,0,0,0,0,0,0,0,Eukaryota;Opisthokonta;Metazoa;Arthropoda;Crustacea;Malacostraca,0.996626126
dc492879fabcdfef215b472c3d256507,0,0,0,0,0,0,0,0,0,0,0,0,0,0,0,0,0,0,0,4,0,0,0,0,0,0,0,0,0,0,0,0,0,Eukaryota,1
9506b4f2275d011170865c6270d7d68e,0,0,0,0,0,0,0,0,0,0,0,0,0,0,0,0,0,0,0,4,0,0,0,0,0,0,0,0,0,0,0,0,0,Eukaryota,1
fe6b600d426423009515456d90c6a93e,0,0,0,0,0,0,0,0,0,0,0,0,0,0,0,0,0,0,0,0,0,0,0,0,0,4,0,0,0,0,0,0,0,Eukaryota;Stramenopiles;Pseudofungi;Oomycota;Oomycota_X,0.998770544
d50b1ca8bb5a205f1250de7bd6001177,0,0,0,0,0,0,0,0,0,0,0,0,0,0,0,0,0,0,0,0,0,0,0,0,0,4,0,0,0,0,0,0,0,Eukaryota;Hacrobia;Haptophyta;Prymnesiophyceae;Prymnesiales;Chrysochromulinaceae;Chrysochromulina;Chrysochromulina_scutellum;,0.99913921
d8c20549c9bcd3a7f147212170a92805,0,0,0,0,0,0,0,0,0,0,0,0,0,0,0,0,0,0,0,0,0,0,0,0,0,0,0,4,0,0,0,0,0,Eukaryota;Rhizaria;Cercozoa;Filosa-Thecofilosea;Ebriida;Ebriidae;Ebria;Ebria_tripartita;,0.999794921
17d09ca2ccf272fc736acac5fd1099bb,0,0,0,0,0,0,0,0,0,0,0,0,0,0,0,0,0,0,0,0,0,0,0,0,0,0,0,4,0,0,0,0,0,Eukaryota;Opisthokonta;Fungi,0.999770196
15a587ca36436be508abbcba69c0cf55,0,0,0,0,0,0,0,0,0,0,0,0,0,0,0,0,0,0,0,0,0,0,0,0,0,0,0,0,4,0,0,0,0,Eukaryota;Alveolata;Dinoflagellata;Syndiniales;Dino-Group-II;Dino-Group-II-Clade-1;Dino-Group-II-Clade-1_X;Dino-Group-II-Clade-1_X_sp.;,0.998884258
288466bdedfeeef7a3aa48131ae58c1d,0,0,0,0,0,0,0,0,0,0,0,0,0,0,0,0,0,0,0,0,0,0,0,0,0,0,0,0,0,0,4,0,0,Eukaryota;Archaeplastida;Streptophyta;Embryophyceae;Embryophyceae_X;Embryophyceae_XX,0.999999811
abd887917a7732d5c3c357d2048f5c48,0,0,0,0,0,0,0,0,0,0,0,0,0,0,0,0,0,0,0,0,0,0,0,0,0,0,0,0,0,0,4,0,0,Eukaryota;Opisthokonta;Fungi;Basidiomycota;Agaricomycotina;Tremellomycetes,0.999993972
10bc52af87c72dd814380ae0b57d9bef,3,0,0,0,0,0,0,0,0,0,0,0,0,0,0,0,0,0,0,0,0,0,0,0,0,0,0,0,0,0,0,0,0,Eukaryota;Rhizaria;Radiolaria;RAD-B;RAD-B_X;RAD-B-Group-I;RAD-B-Group-I_X;RAD-B-Group-I_X_sp.;,0.999998154
63e6c74b3d8a13ef0e25d7f5eff0648b,3,0,0,0,0,0,0,0,0,0,0,0,0,0,0,0,0,0,0,0,0,0,0,0,0,0,0,0,0,0,0,0,0,Eukaryota,1
8866815446c78a663753e58851983dc2,3,0,0,0,0,0,0,0,0,0,0,0,0,0,0,0,0,0,0,0,0,0,0,0,0,0,0,0,0,0,0,0,0,Eukaryota,1
bb34ffcefde0664c2f8134f1d8d89c2d,3,0,0,0,0,0,0,0,0,0,0,0,0,0,0,0,0,0,0,0,0,0,0,0,0,0,0,0,0,0,0,0,0,Eukaryota;Excavata;Discoba;Euglenozoa;Diplonemea;Diplonemida;Diplonema,0.995529578
269e74f41e7ebb32563a26fa592eee5e,3,0,0,0,0,0,0,0,0,0,0,0,0,0,0,0,0,0,0,0,0,0,0,0,0,0,0,0,0,0,0,0,0,Eukaryota;Stramenopiles;Opalozoa;MAST-3;MAST-3I;MAST-3I_X;MAST-3I_XX;MAST-3I_XX_sp.;,0.999996079
780af0863c4827a6e36448b70a12b788,0,0,0,0,0,3,0,0,0,0,0,0,0,0,0,0,0,0,0,0,0,0,0,0,0,0,0,0,0,0,0,0,0,Eukaryota;Opisthokonta;Metazoa;Cnidaria;Cnidaria_X;Hydrozoa;Pantachogon;Pantachogon_haeckeli;,0.999999971
9e83cb2cbe6b616a9aab0034d87bf81f,0,0,0,0,0,3,0,0,0,0,0,0,0,0,0,0,0,0,0,0,0,0,0,0,0,0,0,0,0,0,0,0,0,Eukaryota;Opisthokonta;Metazoa;Annelida;Annelida_X;Annelida_XX;Sabella;Sabella_spallanzanii;,0.982633586
d2d89645071f6db1a09c1c9890c38c9e,0,0,0,0,0,0,0,0,0,0,3,0,0,0,0,0,0,0,0,0,0,0,0,0,0,0,0,0,0,0,0,0,0,Eukaryota;Hacrobia;Telonemia;Telonemia_X;Telonemia_XX;Telonemia-Group-1;Telonema-Group-1;Telonema_subtile;,0.997885977
b4d48545a48bfb2b40d746c6c681b78a,0,0,0,0,0,0,0,0,0,0,0,3,0,0,0,0,0,0,0,0,0,0,0,0,0,0,0,0,0,0,0,0,0,Eukaryota;Opisthokonta;Metazoa;Gastrotricha;Gastrotricha_X;Gastrotricha_XX,0.987760765
e406af341b188f7e94eb3f109bc83d34,0,0,0,0,0,0,0,0,0,0,0,0,0,0,0,0,0,0,0,3,0,0,0,0,0,0,0,0,0,0,0,0,0,Eukaryota,1
a154cbf4a4f3350e9909d780d0c29c56,0,0,0,0,0,0,0,0,0,0,0,0,0,0,0,0,0,0,0,3,0,0,0,0,0,0,0,0,0,0,0,0,0,Eukaryota;Opisthokonta;Fungi;Ascomycota;Pezizomycotina;Eurotiomycetes;Phialophora;Phialophora_sp.;,0.999997521
4a4528635350fac0a0c3a8175d658451,0,0,0,0,0,0,0,0,0,0,0,0,0,0,0,0,0,0,0,3,0,0,0,0,0,0,0,0,0,0,0,0,0,Eukaryota;Rhizaria;Cercozoa;Filosa-Granofilosea;Filosa-Granofilosea_X;he2-lineage;he2-lineage_X;he2-lineage_X_sp.;,0.999999999
eaeaffaa62c8f247a0623e82f8796b40,0,0,0,0,0,0,0,0,0,0,0,0,0,0,0,0,0,0,0,3,0,0,0,0,0,0,0,0,0,0,0,0,0,Eukaryota;Stramenopiles;Ochrophyta;Dictyochophyceae;Dictyochophyceae_X;Dictyochales;Dictyocha;Dictyocha_speculum;,0.999999997
03512f929c7a9ce61d6ccb6da8cc9c64,0,0,0,0,0,0,0,0,0,0,0,0,0,0,0,0,0,0,0,3,0,0,0,0,0,0,0,0,0,0,0,0,0,Eukaryota,1
1837507263a06952752b661e369e2ee7,0,0,0,0,0,0,0,0,0,0,0,0,0,0,0,0,0,0,0,3,0,0,0,0,0,0,0,0,0,0,0,0,0,Eukaryota;Rhizaria;Cercozoa;Filosa-Thecofilosea;Cryomonadida;Protaspa-lineage;Protaspa-lineage_X;Protaspa-lineage_X_sp.;,0.999673334
ea683ec15d81e6fb45dc44faa5047ece,0,0,0,0,0,0,0,0,0,0,0,0,0,0,0,0,0,0,0,3,0,0,0,0,0,0,0,0,0,0,0,0,0,Eukaryota,1
75339a58112b885f0d9aeca9db75103a,0,0,0,0,0,0,0,0,0,0,0,0,0,0,0,0,0,0,0,3,0,0,0,0,0,0,0,0,0,0,0,0,0,Eukaryota;Archaeplastida;Rhodophyta;Florideophyceae;Ceramiales;Ceramiaceae;Ceramium;Ceramium_rubrum;,0.999994948
b42a2b4bef62a3022b59c81979b47726,0,0,0,0,0,0,0,0,0,0,0,0,0,0,0,0,0,0,0,0,3,0,0,0,0,0,0,0,0,0,0,0,0,Eukaryota;Opisthokonta;Metazoa;Arthropoda;Crustacea;Maxillopoda,0.995184139
5f970904ecb9d01e7474f98213e95db5,0,0,0,0,0,0,0,0,0,0,0,0,0,0,0,0,0,0,0,0,0,0,0,3,0,0,0,0,0,0,0,0,0,Eukaryota;Rhizaria;Foraminifera;Globothalamea;Rotaliida;Globorotaliidae;Neogloboquadrina;Neogloboquadrina_pachyderma;,0.999999998
c61ed520b3d70de264ce5e522e14a724,0,0,0,0,0,0,0,0,0,0,0,0,0,0,0,0,0,0,0,0,0,0,0,0,0,0,0,0,0,0,0,3,0,Eukaryota;Opisthokonta;Metazoa;Arthropoda;Crustacea;Maxillopoda,0.999999063
baf518ad74969a9bccba41cd5046ea9b,2,0,0,0,0,0,0,0,0,0,0,0,0,0,0,0,0,0,0,0,0,0,0,0,0,0,0,0,0,0,0,0,0,Eukaryota;Stramenopiles;Ochrophyta;Chrysophyceae;Chrysophyceae_X;Chrysophyceae_Clade-F;Paraphysomonas;Paraphysomonas_sp.;,0.970365026
00eee0e75b79321c98633739d6235435,0,2,0,0,0,0,0,0,0,0,0,0,0,0,0,0,0,0,0,0,0,0,0,0,0,0,0,0,0,0,0,0,0,Eukaryota,1
e464226c9802ee3d5eb39b9d70e549b6,0,0,0,0,0,2,0,0,0,0,0,0,0,0,0,0,0,0,0,0,0,0,0,0,0,0,0,0,0,0,0,0,0,Eukaryota;Opisthokonta;Metazoa;Arthropoda;Crustacea;Maxillopoda,0.999997383
5200bcb66b39e2b608e8b29437990fab,0,0,0,0,0,0,2,0,0,0,0,0,0,0,0,0,0,0,0,0,0,0,0,0,0,0,0,0,0,0,0,0,0,Eukaryota;Stramenopiles;Ochrophyta;Chrysophyceae;Chrysophyceae_X;Chrysophyceae_Clade-I;Chrysophyceae_Clade-I_X;Chrysophyceae_Clade-I_X_sp.;,0.999999999
0c8fe7366cad962ebecdaeefb94fb8e6,0,0,0,0,0,0,2,0,0,0,0,0,0,0,0,0,0,0,0,0,0,0,0,0,0,0,0,0,0,0,0,0,0,Eukaryota;Alveolata;Dinoflagellata;Syndiniales;Dino-Group-II;Dino-Group-II-Clade-6;Dino-Group-II-Clade-6_X;Dino-Group-II-Clade-6_X_sp.;,0.997651872
b478bd821bab18cc3f2790f8331b54b7,0,0,0,0,0,0,0,0,2,0,0,0,0,0,0,0,0,0,0,0,0,0,0,0,0,0,0,0,0,0,0,0,0,Eukaryota,1
6908faff05c93e629920739703200da7,0,0,0,0,0,0,0,0,0,0,0,2,0,0,0,0,0,0,0,0,0,0,0,0,0,0,0,0,0,0,0,0,0,Eukaryota;Alveolata;Dinoflagellata;Syndiniales;Dino-Group-II;Dino-Group-II-Clade-14;Dino-Group-II-Clade-14_X;Dino-Group-II-Clade-14_X_sp.;,0.999915931
38451dcad0552a6e6fc3435fcddc1565,0,0,0,0,0,0,0,0,0,0,0,2,0,0,0,0,0,0,0,0,0,0,0,0,0,0,0,0,0,0,0,0,0,Eukaryota,1
5463aa9ded59a2ae18fc4272b2687b6e,0,0,0,0,0,0,0,0,0,0,0,2,0,0,0,0,0,0,0,0,0,0,0,0,0,0,0,0,0,0,0,0,0,Eukaryota,1
91f6ab1880be8b7be2433b53037270f4,0,0,0,0,0,0,0,0,0,0,0,2,0,0,0,0,0,0,0,0,0,0,0,0,0,0,0,0,0,0,0,0,0,Eukaryota;Alveolata;Apicomplexa;Gregarinomorphea;Gregarines_GRE6;Gregarines_GRE6_X;Gregarines_GRE6_XX;Gregarines_GRE6_XX_sp.;,1
4ec5db8801b39f227634957ceebe0f97,0,0,0,0,0,0,0,0,0,0,0,2,0,0,0,0,0,0,0,0,0,0,0,0,0,0,0,0,0,0,0,0,0,Eukaryota;Stramenopiles;Ochrophyta;Bacillariophyta;Bacillariophyta_X,0.973978418
33d50379701f392d45f83b6d7e424992,0,0,0,0,0,0,0,0,0,0,0,0,0,0,0,0,0,0,0,2,0,0,0,0,0,0,0,0,0,0,0,0,0,Eukaryota;Alveolata;Dinoflagellata;Syndiniales;Dino-Group-I;Dino-Group-I-Clade-4;Dino-Group-I-Clade-4_X;Dino-Group-I-Clade-4_X_sp.;,0.999999957
44ec5b6cd5aeb96e63a0d7035937a99e,0,0,0,0,0,0,0,0,0,0,0,0,0,0,0,0,0,0,0,2,0,0,0,0,0,0,0,0,0,0,0,0,0,Eukaryota,1
56fed5851bccd156ce3446fa560c9fc9,0,0,0,0,0,0,0,0,0,0,0,0,0,0,0,0,0,0,0,2,0,0,0,0,0,0,0,0,0,0,0,0,0,Eukaryota,1
c84934d27482f7e2669d06922df2de07,0,0,0,0,0,0,0,0,0,0,0,0,0,0,0,0,0,0,0,2,0,0,0,0,0,0,0,0,0,0,0,0,0,Eukaryota,1
8547eb717b9e6d7f9e84e2b4866653e8,0,0,0,0,0,0,0,0,0,0,0,0,0,0,0,0,0,0,0,2,0,0,0,0,0,0,0,0,0,0,0,0,0,Eukaryota;Opisthokonta;Metazoa;Mollusca;Bivalvia;Mytiloida;Mytilus,0.999999984
83580e8f95033864e6f30b5c6d891d81,0,0,0,0,0,0,0,0,0,0,0,0,0,0,0,0,0,0,0,2,0,0,0,0,0,0,0,0,0,0,0,0,0,Eukaryota;Opisthokonta,0.998826247
eaf032698defbd35860427d6393385c0,0,0,0,0,0,0,0,0,0,0,0,0,0,0,0,0,0,0,0,2,0,0,0,0,0,0,0,0,0,0,0,0,0,Eukaryota,1
1dc00cc0ba9804e357ebf1a47e51f05e,0,0,0,0,0,0,0,0,0,0,0,0,0,0,0,0,0,0,0,2,0,0,0,0,0,0,0,0,0,0,0,0,0,Eukaryota;Opisthokonta;Choanoflagellida;Choanoflagellatea;Acanthoecida;Acanthoecidae_Group_G;Acanthoecidae_Group_G_X;Acanthoecidae_Group_G_X_sp.;,0.9995942
c0aa10757aa356dd270f4b86644911e7,0,0,0,0,0,0,0,0,0,0,0,0,0,0,0,0,0,0,0,2,0,0,0,0,0,0,0,0,0,0,0,0,0,Eukaryota;Alveolata;Dinoflagellata;Syndiniales;Dino-Group-II;Dino-Group-II-Clade-8;Dino-Group-II-Clade-8_X;Dino-Group-II-Clade-8_X_sp.;,0.999999289
b58964c8ff28020a14eaf92714a28420,0,0,0,0,0,0,0,0,0,0,0,0,0,0,0,0,0,0,0,2,0,0,0,0,0,0,0,0,0,0,0,0,0,Eukaryota,1
2bf7bbff3c81b195bb1838ee98d62da2,0,0,0,0,0,0,0,0,0,0,0,0,0,0,0,0,0,0,0,0,0,0,2,0,0,0,0,0,0,0,0,0,0,Eukaryota;Opisthokonta;Metazoa,0.998717172
467605b39d8bb976b0cbfcf1cf42103a,0,0,0,0,0,0,0,0,0,0,0,0,0,0,0,0,0,0,0,0,0,0,2,0,0,0,0,0,0,0,0,0,0,Eukaryota,1
14f87d059bcb7241c28b5a9e22402429,0,0,0,0,0,0,0,0,0,0,0,0,0,0,0,0,0,0,0,0,0,0,0,0,0,0,0,2,0,0,0,0,0,Eukaryota,1
e8ae1bbcf02b799ac313d847fea50240,0,0,0,0,0,0,0,0,0,0,0,0,0,0,0,0,0,0,0,1,0,0,0,0,0,0,0,0,0,0,0,0,0,Eukaryota,1