UNIQUE_ID_CODE,Date,latitude,longitude,chlor_a,secchi_depth
FP_AB_20171230_1,2017-12-30,-64.808,-62.672,NA,NA
FP_AB_20191215_1,2019-12-15,-64.808,-62.672,0.3641824,NA
FP_AB_20200223_1,2020-02-23,-64.808,-62.672,0.3097016,NA
FP_AI_20230103_1,2023-01-03,0,0,0.44055784,4.3
FP_BB_20171230_1,2017-12-30,-63.52,-56.873,NA,NA
FP_BB_20180115_1,2018-01-15,-63.52,-56.873,0.29728565,NA
FP_BB_20180125_1,2018-01-25,-63.52,-56.873,0.19390514,20.5
FP_BB_20180130_1,2018-01-30,-63.52,-56.873,0.18097365,8.95
FP_BB_20190117_1,2019-01-17,-63.52,-56.873,0.19165373,NA
FP_BB_20190128_1,2019-01-28,-63.52,-56.873,0.1261612,20.8
FP_BB_20191227_1,2019-12-27,-63.52,-56.873,0.48970106,NA
FP_BB_20200126_1,2020-01-26,-63.52,-56.873,0.2721167,15
FP_BB_20200202_1,2020-02-02,-63.52,-56.873,0.34573323,12.11
FP_BB_20200202_2,2020-02-02,-63.52,-56.873,0.34573323,4.87
FP_BB_20211216_1,2021-12-16,-63.52,-56.873,0.30378985,7.5
FP_BB_20211228_1,2021-12-28,-63.52,-56.873,0.3497232,NA
FP_BB_20220317_1,2022-03-17,-63.52,-56.873,0.25520632,15.18
FP_BB_20221028_1,2022-10-28,-63.52,-56.873,0.10321654,NA
FP_BB_20221207_1,2022-12-07,-63.52,-56.873,0.18247136,9.17
FP_BB_20230110_1,2023-01-10,-63.52,-56.873,0.34930575,8.07
FP_BB_20230206_1,2023-02-06,-63.52,-56.873,0.15298961,NA
FP_BC_20230208_1,2023-02-08,0,0,0.36261284,NA
FP_BC_20230802_1,2023-08-02,0,0,NaN,NA
FP_BG_20171230_1,2017-12-30,-64.86036,-62.55557,NA,6.2
FP_BL_20230204_1,2023-02-04,0,0,0.27816382,9.66
FP_BL_20230402_1,2023-04-02,0,0,NaN,NA
FP_BO_20230217_1,2023-02-17,0,0,0.48098683,5.88
FP_BP_20230222_1,2023-02-22,0,0,0.5308103,NA
FP_BS_20230209_1,2023-02-09,0,0,0.45702368,NA
FP_BW_20221111_1,2022-11-11,0,0,0.14479928,NA
FP_CB_20230113_1,2023-01-13,0,0,0.42793986,NA
FP_CB_20230204_1,2023-02-04,0,0,0.27816382,NA
FP_CC_20161118_1,2016-11-18,-64.156,-60.873,NA,NA
FP_CC_20161124_1,2016-11-24,-64.156,-60.873,NA,NA
FP_CC_20161223_1,2016-12-23,-64.156,-60.873,NA,NA
FP_CC_20170102_1,2017-01-02,-64.156,-60.873,NA,NA
FP_CC_20170220_1,2017-02-20,-64.156,-60.873,NA,NA
FP_CC_20170227_1,2017-02-27,-64.156,-60.873,NA,NA
FP_CC_20171113_1,2017-11-13,-64.156,-60.873,NA,12
FP_CC_20171119_1,2017-11-19,-64.156,-60.873,NA,10.5
FP_CC_20171213_1,2017-12-13,-64.156,-60.873,NA,NA
FP_CC_20171218_1,2017-12-18,-64.156,-60.873,NA,11.2
FP_CC_20180102_1,2018-01-02,-64.156,-60.873,0.3567045,7.9
FP_CC_20180107_1,2018-01-07,-64.156,-60.873,0.276927,NA
FP_CC_20180110_1,2018-01-10,-64.156,-60.873,0.26525134,NA
FP_CC_20180122_1,2018-01-22,-64.156,-60.873,0.16260342,NA
FP_CC_20180203_1,2018-02-03,-64.156,-60.873,0.32126978,10.05
FP_CC_20181208_1,2018-12-08,-64.156,-60.873,0.30262062,7.5
FP_CC_20181208_2,2018-12-08,-64.156,-60.873,0.30262062,NA
FP_CC_20190115_1,2019-01-15,-64.156,-60.873,0.25464666,8.2
FP_CC_20190119_1,2019-01-19,-64.156,-60.873,0.24967913,NA
FP_CC_20190203_1,2019-02-03,-64.156,-60.873,0.1989353,10.5
FP_CC_20190208_1,2019-02-08,-64.156,-60.873,0.19433978,NA
FP_CC_20190209_1,2019-02-09,-64.156,-60.873,0.22300896,11.5
FP_CC_20190218_1,2019-02-18,-64.156,-60.873,0.2543639,11.5
FP_CC_20190218_2,2019-02-18,-64.156,-60.873,0.2543639,11.5
FP_CC_20190220_1,2019-02-20,-64.156,-60.873,0.24978249,NA
FP_CC_20190224_1,2019-02-24,-64.156,-60.873,0.20839854,NA
FP_CC_20190227_1,2019-02-27,-64.156,-60.873,0.21532352,NA
FP_CC_20191218_1,2019-12-18,-64.156,-60.873,0.52278507,7.9
FP_CC_20200119_1,2020-01-19,-64.156,-60.873,0.51946574,8.9
FP_CC_20200206_1,2020-02-06,-64.156,-60.873,0.51749724,8.3
FP_CC_20221114_1,2022-11-14,-64.156,-60.873,0.22904475,17.8
FP_CC_20221128_1,2022-11-28,-64.156,-60.873,0.14313915,NA
FP_CC_20230202_1,2023-02-02,-64.156,-60.873,0.22073309,8.69
FP_CC_20230202_2,2023-02-02,-64.156,-60.873,0.22073309,NA
FP_CH_20230210_1,2023-02-10,0,0,0.48939463,2.1
FP_CH_20231002_1,2023-10-02,0,0,NaN,NA
FP_CI_20161116_1,2016-11-16,-64.671,-62.611,NA,NA
FP_CI_20161217_1,2016-12-17,-64.671,-62.611,NA,NA
FP_CI_20161226_1,2016-12-26,-64.671,-62.611,NA,NA
FP_CI_20170106_1,2017-01-06,-64.671,-62.611,NA,NA
FP_CI_20170203_1,2017-02-03,-64.671,-62.611,NA,NA
FP_CI_20171122_1,2017-11-22,-64.671,-62.611,NA,16.1
FP_CI_20171202_1,2017-12-02,-64.671,-62.611,NA,6.37
FP_CI_20171214_1,2017-12-14,-64.671,-62.611,NA,NA
FP_CI_20171220_1,2017-12-20,-64.671,-62.611,NA,4.8
FP_CI_20171228_1,2017-12-28,-64.671,-62.611,NA,4.7
FP_CI_20180105_1,2018-01-05,-64.671,-62.611,0.5539591,7.5
FP_CI_20180106_1,2018-01-06,-64.671,-62.611,0.48559755,7.5
FP_CI_20180119_1,2018-01-19,-64.671,-62.611,0.19395193,12
FP_CI_20180121_1,2018-01-21,-64.671,-62.611,0.1616944,NA
FP_CI_20180216_1,2018-02-16,-64.671,-62.611,0.28298715,9.59
FP_CI_20180218_1,2018-02-18,-64.671,-62.611,0.29875085,NA
FP_CI_20180302_1,2018-03-02,-64.671,-62.611,0.5168651,9.36
FP_CI_20180311_1,2018-03-11,-64.671,-62.611,0.25865516,10.7
FP_CI_20180317_1,2018-03-17,-64.671,-62.611,NaN,8.85
FP_CI_20181112_1,2018-11-12,-64.671,-62.611,0.11004875,NA
FP_CI_20181122_1,2018-11-22,-64.671,-62.611,0.10368688,11.3
FP_CI_20181128_1,2018-11-28,-64.671,-62.611,0.21132638,14.3
FP_CI_20181205_1,2018-12-05,-64.671,-62.611,0.11291443,13.1
FP_CI_20181210_1,2018-12-10,-64.671,-62.611,0.14679906,12
FP_CI_20181224_1,2018-12-24,-64.671,-62.611,0.29652658,8.8
FP_CI_20181225_1,2018-12-25,-64.671,-62.611,0.28575,8.99
FP_CI_20190119_1,2019-01-19,-64.671,-62.611,0.3228354,3.8
FP_CI_20190126_1,2019-01-26,-64.671,-62.611,0.3223151,9.16
FP_CI_20190202_1,2019-02-02,-64.671,-62.611,0.29470435,9.6
FP_CI_20190203_1,2019-02-03,-64.671,-62.611,0.286879,7.63
FP_CI_20190221_1,2019-02-21,-64.671,-62.611,0.22778323,7.5
FP_CI_20190306_1,2019-03-06,-64.671,-62.611,0.20135808,11
FP_CI_20190306_2,2019-03-06,-64.671,-62.611,0.20135808,NA
FP_CI_20191205_1,2019-12-05,-64.671,-62.611,0.27211013,9.5
FP_CI_20191205_2,2019-12-05,-64.671,-62.611,0.27211013,NA
FP_CI_20191215_1,2019-12-15,-64.671,-62.611,0.45073217,12.36
FP_CI_20200207_1,2020-02-07,-64.671,-62.611,0.3447145,12.5
FP_CI_20200221_1,2020-02-21,-64.671,-62.611,0.38381368,NA
FP_CI_20200309_1,2020-03-09,-64.671,-62.611,0.21971354,11.68
FP_CI_20211209_1,2021-12-09,-64.671,-62.611,0.19347607,11.05
FP_CI_20211220_1,2021-12-20,-64.671,-62.611,0.18654497,15
FP_CI_20211227_1,2021-12-27,-64.671,-62.611,0.15099528,9.7
FP_CI_20220104_1,2022-01-04,-64.671,-62.611,0.25530124,10.09
FP_CI_20220315_1,2022-03-15,-64.671,-62.611,NaN,7.2
FP_CI_20220323_1,2022-03-23,-64.671,-62.611,NaN,12
FP_CI_20221110_1,2022-11-10,-64.671,-62.611,0.23855151,NA
FP_CI_20221204_1,2022-12-04,-64.671,-62.611,0.057590723,9.7
FP_CI_20221204_2,2022-12-04,-64.671,-62.611,0.057590723,13.4
FP_CI_20221223_1,2022-12-23,-64.671,-62.611,0.21347311,10
FP_CI_20221225_1,2022-12-25,-64.671,-62.611,0.18600436,6.1
FP_CI_20230104_1,2023-01-04,-64.671,-62.611,0.20131887,NA
FP_CI_20230124_1,2023-01-24,-64.671,-62.611,0.2681847,NA
FP_CI_20230126_1,2023-01-26,-64.671,-62.611,0.25398928,NA
FP_CI_20230202_1,2023-02-02,-64.671,-62.611,0.22491086,6.5
FP_CI_20230205_1,2023-02-05,-64.671,-62.611,0.35830608,NA
FP_CI_20230215_1,2023-02-15,-64.671,-62.611,0.28197464,NA
FP_CI_20230308_1,2023-03-08,-64.671,-62.611,0.26072228,9.3
FP_CI_20230308_1,2023-03-08,-64.671,-62.611,0.26072228,NA
FP_CN_20230211_1,2023-02-11,0,0,0.48546112,6.18
FP_CR_20211223_1,2021-12-23,-50.528,-59.323,0.31888783,7.3
FP_CS_20230225_1,2023-02-25,0,0,0.45388764,NA
FP_DB_20180115_1,2018-01-15,-64.65,-63.15,0.3376329,NA
FP_DI_20161210_1,2016-12-10,-64.746,-62.622,NA,NA
FP_DI_20161218_1,2016-12-18,-64.746,-62.622,NA,NA
FP_DI_20170108_1,2017-01-08,-64.746,-62.622,NA,NA
FP_DI_20170120_1,2017-01-20,-64.746,-62.622,NA,NA
FP_DI_20171216_1,2017-12-16,-64.746,-62.622,NA,NA
FP_DI_20171219_1,2017-12-19,-64.746,-62.622,NA,4.5
FP_DI_20171225_1,2017-12-25,-64.746,-62.622,NA,3.75
FP_DI_20180102_1,2018-01-02,-64.746,-62.622,1.297017,NA
FP_DI_20180120_1,2018-01-20,-64.746,-62.622,0.21772937,13
FP_DI_20180203_1,2018-02-03,-64.746,-62.622,0.1691951,13.5
FP_DI_20180206_1,2018-02-06,-64.746,-62.622,0.22830847,5.63
FP_DI_20180212_1,2018-02-12,-64.746,-62.622,0.33428553,13.3
FP_DI_20180218_1,2018-02-18,-64.746,-62.622,0.5323885,9.5
FP_DI_20181213_1,2018-12-13,-64.746,-62.622,0.16091138,8.8
FP_DI_20181216_1,2018-12-16,-64.746,-62.622,0.12454022,6.93
FP_DI_20190105_1,2019-01-05,-64.746,-62.622,0.32563007,10.16
FP_DI_20190119_1,2019-01-19,-64.746,-62.622,0.2955902,6.41
FP_DI_20190126_1,2019-01-26,-64.746,-62.622,0.27586776,6.56
FP_DI_20190212_1,2019-02-12,-64.746,-62.622,0.3092151,9.26
FP_DI_20190219_1,2019-02-19,-64.746,-62.622,0.21916556,11.9
FP_DI_20190226_1,2019-02-26,-64.746,-62.622,0.20689172,NA
FP_DI_20191204_1,2019-12-04,-64.746,-62.622,0.26820666,6.15
FP_DI_20191221_1,2019-12-21,-64.746,-62.622,0.39508468,1.5
FP_DI_20200121_1,2020-01-21,-64.746,-62.622,0.31912848,11.78
FP_DI_20200204_1,2020-02-04,-64.746,-62.622,0.38982853,10.12
FP_DI_20200204_2,2020-02-04,-64.746,-62.622,0.38982853,10.5
FP_DI_20211214_1,2021-12-14,-64.746,-62.622,0.16265002,8.6
FP_DI_20211218_1,2021-12-18,-64.746,-62.622,0.16812925,NA
FP_DI_20211225_1,2021-12-25,-64.746,-62.622,0.2199402,13.9
FP_DI_20211228_1,2021-12-28,-64.746,-62.622,0.22494286,NA
FP_DI_20220104_1,2022-01-04,-64.746,-62.622,0.1696316,18.4
FP_DI_20220122_1,2022-01-22,-64.746,-62.622,0.18343502,NA
FP_DI_20220316_1,2022-03-16,-64.746,-62.622,NaN,NA
FP_DI_20220316_2,2022-03-16,-64.746,-62.622,NaN,11.67
FP_DI_20221112_1,2022-11-12,-64.746,-62.622,0.09593221,55
FP_DI_20221202_1,2022-12-02,-64.746,-62.622,0.018139372,11.5
FP_DI_20221204_1,2022-12-04,-64.746,-62.622,0.0710312,13.26
FP_DI_20221211_1,2022-12-11,-64.746,-62.622,0.12921627,NA
FP_DI_20230109_1,2023-01-09,-64.746,-62.622,0.25719902,NA
FP_DI_20230128_1,2023-01-28,-64.746,-62.622,0.23247817,9.7
FP_DI_20230210_1,2023-02-10,-64.746,-62.622,0.17143495,7.4
FP_DI_20230218_1,2023-02-18,-64.746,-62.622,0.2363741,8.34
FP_DI_20230219_1,2023-02-19,-64.746,-62.622,0.19838236,NA
FP_DI_20230224_1,2023-02-24,-64.746,-62.622,0.20524138,8.05
FP_DI_20230305_1,2023-03-05,-64.746,-62.622,0.20544863,5.5
FP_DI_20230305_1,2023-03-05,-64.746,-62.622,0.20544863,6.33
FP_DI_20230306_1,2023-03-06,-64.746,-62.622,0.20333222,6.9
FP_DI_20230308_1,2023-03-08,-64.746,-62.622,0.16935173,9.5
FP_DP_20220117_1,2022-01-17,-64.82,-63.52,0.25770068,4.25
FP_DP_20220322_1,2022-03-22,-64.82,-63.52,NaN,5.2
FP_DP_20221121_1,2022-11-21,-64.82,-63.52,0.16444045,NA
FP_DP_20221125_1,2022-11-25,-64.82,-63.52,0.17083576,13.64
FP_DP_20221128_1,2022-11-28,-64.82,-63.52,0.13904208,NA
FP_DP_20221204_1,2022-12-04,-64.82,-63.52,0.08981844,12
FP_DP_20221224_1,2022-12-24,-64.82,-63.52,0.3966061,10
FP_DP_20230104_1,2023-01-04,-64.82,-63.52,0.311853,10.5
FP_DP_20230114_1,2023-01-14,-64.82,-63.52,0.22031184,6.5
FP_DP_20230123_1,2023-01-23,-64.82,-63.52,0.3263612,NA
FP_DP_20230217_1,2023-02-17,-64.82,-63.52,0.2614173,9.49
FP_DP_20230225_1,2023-02-25,-64.82,-63.52,0.25551808,11.75
FP_DP_20230311_1,2023-03-11,-64.82,-63.52,0.11094025,NA
FP_DP_20230315_1,2023-03-15,-64.82,-63.52,NaN,60
FP_DP_20230315_1,2023-03-15,-64.82,-63.52,NaN,NA
FP_DP_20230318_1,2023-03-18,-64.82,-63.52,NaN,10
FP_DT_20220313_1,2022-03-13,-66.87,-66.79,NaN,5.13
FP_DT_20220313_2,2022-03-13,-66.87,-66.79,NaN,NA
FP_DT_20230207_1,2023-02-07,-66.87,-66.79,0.21643944,6.39
FP_DV_20220317_1,2022-03-17,0,0,0.2354858,14.52
FP_EC_20171230_1,2017-12-30,-64.81,-62.67,NA,5.4
FP_EC_20191215_2,2019-12-15,-64.81,-62.67,0.3641824,5.9
FP_EI_20180223_1,2018-02-23,-54.78333,-64.25,0.36815292,NA
FP_ER_20190201_1,2019-02-01,-63.495,-55.702,0.31488836,19
FP_EZ_20220205_1,2022-02-05,-62.17,-58.579,0.38065305,NA
FP_FB_20190124_1,2019-01-24,-64.533,-63.15,0.25167775,NA
FP_FB_20200205_1,2020-02-05,-64.533,-63.15,0.3551604,NA
FP_FB_20211215_1,2021-12-15,-64.533,-63.15,0.119384706,NA
FP_FB_20220103_1,2022-01-03,-64.533,-63.15,0.1742489,NA
FP_FB_20221025_1,2022-10-25,-64.533,-63.15,0.056112066,NA
FP_FH_20200220_1,2020-02-20,-66.946944,-67.258056,0.59199893,3.95
FP_FH_20230205_1,2023-02-05,-66.946944,-67.258056,0.21605083,6.37
FP_FH_20230219_1,2023-02-19,-66.946944,-67.258056,0.19484693,NA
FP_FH_20230502_1,2023-05-02,-66.946944,-67.258056,NaN,NA
FP_FI_20211215_1,2021-12-15,-64.5241,-62.885,0.119384706,NA
FP_GI_20230110_1,2023-01-10,-64.404,-62.854,0.20844403,NA
FP_GS_20161229_1,2016-12-29,-64.56,-62.426,NA,NA
FP_GS_20171225_1,2017-12-25,-64.56,-62.426,NA,NA
FP_GS_20220316_1,2022-03-16,-64.56,-62.426,NaN,NA
FP_HB_20170216_1,2017-02-16,-66.97083,-67.54361,NA,NA
FP_HB_20180102_1,2018-01-02,-66.97083,-67.54361,0.22202758,25.5
FP_HB_20230102_1,2023-01-02,-66.97083,-67.54361,0.18645692,NA
FP_HB_20230201_1,2023-02-01,-66.97083,-67.54361,0.21619351,NA
FP_HE_20200307_1,2020-03-07,-67.836,-67.189,NaN,NA
FP_HE_20230203_1,2023-02-03,-67.836,-67.189,NaN,NA
FP_HE_20230224_1,2023-02-24,-67.836,-67.189,NaN,10.31
FP_HE_20230224_1,2023-02-24,-67.836,-67.189,NaN,11.2
FP_HE_20230302_1,2023-03-02,-67.836,-67.189,NaN,NA
FP_HF_20200219_1,2020-02-19,-66.81,-65.436,0.6334253,7.9
FP_HI_20181118_1,2018-11-18,-63.423,-54.692,0.33613545,15
FP_HI_20200127_1,2020-01-27,-63.423,-54.692,0.37248865,11.7
FP_HI_20211229_1,2021-12-29,-63.423,-54.692,0.6429504,10.4
FP_HM_20190203_1,2019-02-03,-62.595,-59.974,0.34932557,NA
FP_HM_20191109_1,2019-11-09,-62.595,-59.974,0.13701189,11.5
FP_HM_20191109_2,2019-11-09,-62.595,-59.974,0.13701189,6.7
FP_HM_20191116_1,2019-11-16,-62.595,-59.974,0.2707247,6.5
FP_HM_20200116_1,2020-01-16,-62.595,-59.974,0.29482403,7.22
FP_HM_20200116_2,2020-01-16,-62.595,-59.974,0.29482403,NA
FP_HM_20200131_1,2020-01-31,-62.595,-59.974,0.5323191,3.5
FP_HM_20200131_2,2020-01-31,-62.595,-59.974,0.5323191,4.8
FP_HM_20211128_1,2021-11-28,-62.595,-59.974,0.21460736,2.14
FP_HM_20220211_1,2022-02-11,-62.595,-59.974,0.23034954,NA
FP_HM_20230126_1,2023-01-26,-62.595,-59.974,0.1517961,11.23
FP_HM_20230207_1,2023-02-07,-62.595,-59.974,0.47746858,NA
FP_HM_20230213_1,2023-02-13,-62.595,-59.974,0.6491725,6.4
FP_HM_20231102_1,2023-11-02,-62.595,-59.974,0.1832946,NA
FP_HO_20230209_1,2023-02-09,0,0,0.45702368,NA
FP_HO_20230902_1,2023-09-02,0,0,NaN,NA
FP_JC_20230211_1,2023-02-11,0,0,0.48546112,NA
FP_JP_20221228_1,2022-12-28,-64.82694,-63.49333,0.3735997,8.7
FP_JP_20221228_2,2022-12-28,-64.82694,-63.49333,0.3735997,NA
FP_JP_20230120_1,2023-01-20,-64.82694,-63.49333,0.202069,NA
FP_JP_20230217_1,2023-02-17,-64.82694,-63.49333,0.2614173,6.5
FP_KC_20200126_1,2020-01-26,-63.316,-56.466,0.29019293,15.5
FP_KC_20211231_1,2021-12-31,-63.316,-56.466,0.20146334,12.52
FP_KG_20230210_1,2023-02-10,-64.711667,-62.681667,0.2300786,8.7
FP_LF_20180102_1,2018-01-02,-67.08306,-66.71611,0.22202758,10
FP_MH_20161118_1,2016-11-18,-63.896,-60.776,NA,NA
FP_MH_20190220_1,2019-02-20,-63.896,-60.776,0.26007575,14.9
FP_MH_20220102_1,2022-01-02,-63.896,-60.776,0.5786634,12.87
FP_MH_20220125_1,2022-01-25,-63.896,-60.776,0.23493782,7.8
FP_MH_20221226_1,2022-12-26,-63.896,-60.776,0.3889707,4.6
FP_MH_20230215_1,2023-02-15,-63.896,-60.776,0.20418698,9.05
FP_MH_20230217_1,2023-02-17,-63.896,-60.776,0.22151014,NA
FP_MI_20190302_1,2019-03-02,-64.31222,-62.96306,0.18551403,3.3
FP_MI_20221029_1,2022-10-29,-64.31222,-62.96306,0.28969184,NA
FP_MI_20221215_1,2022-12-15,-64.31222,-62.96306,0.16988124,NA
FP_MI_20221225_1,2022-12-25,-64.31222,-62.96306,0.21572232,4.4
FP_MI_20230201_1,2023-02-01,-64.31222,-62.96306,0.2230699,6.97
FP_MI_20230204_1,2023-02-04,-64.31222,-62.96306,0.22836569,7.4
FP_MI_20230228_1,2023-02-28,-64.31222,-62.96306,0.24850473,6.22
FP_MM_20230101_1,2023-01-01,0,0,0.42818084,NA
FP_MS_20190223_1,2019-02-23,-66.55,-67.433056,0.2257863,NA
FP_MX_20181219_1,2018-12-19,-62.223,-58.859,0.31608918,NA
FP_MX_20191212_1,2019-12-12,-62.223,-58.859,0.2496406,6.4
FP_MX_20220210_1,2022-02-10,-62.223,-58.859,0.35601974,3.8
FP_NH_20160214_1,2016-02-14,-64.8509,-62.54185,NA,NA
FP_NH_20160222_1,2016-02-22,-64.8509,-62.54185,NA,NA
FP_NH_20160303_1,2016-03-03,-64.8509,-62.54185,NA,NA
FP_NH_20161217_1,2016-12-17,-64.8509,-62.54185,NA,NA
FP_NH_20161226_1,2016-12-26,-64.8509,-62.54185,NA,NA
FP_NH_20170112_1,2017-01-12,-64.8509,-62.54185,NA,NA
FP_NH_20170120_1,2017-01-20,-64.8509,-62.54185,NA,NA
FP_NH_20170203_1,2017-02-03,-64.8509,-62.54185,NA,NA
FP_NH_20170209_1,2017-02-09,-64.8509,-62.54185,NA,NA
FP_NH_20170212_1,2017-02-12,-64.8509,-62.54185,NA,NA
FP_NH_20170217_1,2017-02-17,-64.8509,-62.54185,NA,NA
FP_NH_20170301_1,2017-03-01,-64.8509,-62.54185,NA,NA
FP_NH_20171114_1,2017-11-14,-64.8509,-62.54185,NA,8.5
FP_NH_20171123_1,2017-11-23,-64.8509,-62.54185,NA,7.8
FP_NH_20171202_1,2017-12-02,-64.8509,-62.54185,NA,NA
FP_NH_20171209_1,2017-12-09,-64.8509,-62.54185,NA,3.75
FP_NH_20171216_1,2017-12-16,-64.8509,-62.54185,NA,5.5
FP_NH_20171228_1,2017-12-28,-64.8509,-62.54185,NA,5.75
FP_NH_20171230_1,2017-12-30,-64.8509,-62.54185,NA,NA
FP_NH_20180104_1,2018-01-04,-64.8509,-62.54185,0.07874237,10
FP_NH_20180111_1,2018-01-11,-64.8509,-62.54185,0.4839682,NA
FP_NH_20180120_1,2018-01-20,-64.8509,-62.54185,0.10803924,NA
FP_NH_20180216_1,2018-02-16,-64.8509,-62.54185,0.17211749,9.58
FP_NH_20180220_1,2018-02-20,-64.8509,-62.54185,0.17667603,11
FP_NH_20180310_1,2018-03-10,-64.8509,-62.54185,0.1370953,5.4
FP_NH_20180317_1,2018-03-17,-64.8509,-62.54185,NaN,NA
FP_NH_20181102_1,2018-11-02,-64.8509,-62.54185,0.106403396,5.7
FP_NH_20181209_1,2018-12-09,-64.8509,-62.54185,0.1947139,10.32
FP_NH_20181215_1,2018-12-15,-64.8509,-62.54185,0.121611394,6.1
FP_NH_20181216_1,2018-12-16,-64.8509,-62.54185,0.1210336,6.86
FP_NH_20181228_1,2018-12-28,-64.8509,-62.54185,0.36632198,8.8
FP_NH_20190109_1,2019-01-09,-64.8509,-62.54185,0.30927587,4.18
FP_NH_20190121_1,2019-01-21,-64.8509,-62.54185,0.15693393,NA
FP_NH_20190127_1,2019-01-27,-64.8509,-62.54185,0.18039738,7.06
FP_NH_20190127_2,2019-01-27,-64.8509,-62.54185,0.18039738,8.5
FP_NH_20190203_1,2019-02-03,-64.8509,-62.54185,0.23285557,8.96
FP_NH_20190212_1,2019-02-12,-64.8509,-62.54185,0.2057166,6.76
FP_NH_20190215_1,2019-02-15,-64.8509,-62.54185,0.20002387,NA
FP_NH_20190215_2,2019-02-15,-64.8509,-62.54185,0.20002387,8.1
FP_NH_20190220_1,2019-02-20,-64.8509,-62.54185,0.1242201,NA
FP_NH_20190220_2,2019-02-20,-64.8509,-62.54185,0.1242201,14
FP_NH_20190304_1,2019-03-04,-64.8509,-62.54185,0.14730744,NA
FP_NH_20190305_1,2019-03-05,-64.8509,-62.54185,0.1448927,NA
FP_NH_20190306_1,2019-03-06,-64.8509,-62.54185,0.14353962,8.6
FP_NH_20190308_1,2019-03-08,-64.8509,-62.54185,0.1426175,12.7
FP_NH_20190310_1,2019-03-10,-64.8509,-62.54185,0.1322248,11.57
FP_NH_20190319_1,2019-03-19,-64.8509,-62.54185,NaN,11.61
FP_NH_20191215_1,2019-12-15,-64.8509,-62.54185,0.34269008,6.13
FP_NH_20191215_2,2019-12-15,-64.8509,-62.54185,0.34269008,4.5
FP_NH_20191217_1,2019-12-17,-64.8509,-62.54185,0.36364636,NA
FP_NH_20191220_1,2019-12-20,-64.8509,-62.54185,0.39689794,3.8
FP_NH_20200207_1,2020-02-07,-64.8509,-62.54185,0.37065214,NA
FP_NH_20200210_1,2020-02-10,-64.8509,-62.54185,0.32465246,8.3
FP_NH_20211208_1,2021-12-08,-64.8509,-62.54185,0.27501157,7.7
FP_NH_20211209_1,2021-12-09,-64.8509,-62.54185,0.30431536,8.1
FP_NH_20211214_1,2021-12-14,-64.8509,-62.54185,0.30869925,6.01
FP_NH_20211217_1,2021-12-17,-64.8509,-62.54185,0.19340913,8.3
FP_NH_20211220_1,2021-12-20,-64.8509,-62.54185,0.15764728,8.4
FP_NH_20220129_1,2022-01-29,-64.8509,-62.54185,0.10180362,11.05
FP_NH_20220209_1,2022-02-09,-64.8509,-62.54185,0.15200114,8.5
FP_NH_20220317_1,2022-03-17,-64.8509,-62.54185,NaN,8.8
FP_NH_20220317_1,2022-03-17,-64.8509,-62.54185,NaN,NA
FP_NH_20220322_1,2022-03-22,-64.8509,-62.54185,NaN,10.5
FP_NH_20221111_1,2022-11-11,-64.8509,-62.54185,0.09637888,8.3
FP_NH_20221121_1,2022-11-21,-64.8509,-62.54185,0.08420472,9.9
FP_NH_20221213_1,2022-12-13,-64.8509,-62.54185,0.13592978,11.4
FP_NH_20221217_1,2022-12-17,-64.8509,-62.54185,0.1574762,11.6
FP_NH_20221225_1,2022-12-25,-64.8509,-62.54185,0.18317902,11
FP_NH_20221230_1,2022-12-30,-64.8509,-62.54185,0.092483744,13
FP_NH_20230105_1,2023-01-05,-64.8509,-62.54185,0.117643096,12
FP_NH_20230108_1,2023-01-08,-64.8509,-62.54185,0.11339777,10
FP_NH_20230108_1,2023-01-08,-64.8509,-62.54185,0.11339777,NA
FP_NH_20230121_1,2023-01-21,-64.8509,-62.54185,0.07596263,10
FP_NH_20230203_1,2023-02-03,-64.8509,-62.54185,0.070891954,8.6
FP_NH_20230203_2,2023-02-03,-64.8509,-62.54185,0.070891954,NA
FP_NH_20230205_1,2023-02-05,-64.8509,-62.54185,0.2552896,8.62
FP_NH_20230210_1,2023-02-10,-64.8509,-62.54185,0.3156635,7.36
FP_NH_20230213_1,2023-02-13,-64.8509,-62.54185,0.112982474,10.27
FP_NH_20230223_1,2023-02-23,-64.8509,-62.54185,0.11146231,11.9
FP_NH_20230226_1,2023-02-26,-64.8509,-62.54185,0.10620353,7.25
FP_NH_20230227_1,2023-02-27,-64.8509,-62.54185,0.10039212,10.36
FP_NH_20230307_1,2023-03-07,-64.8509,-62.54185,0.11485462,6.56
FP_NH_20230307_1,2023-03-07,-64.8509,-62.54185,0.11485462,7.5
FP_NH_20230319_1,2023-03-19,-64.8509,-62.54185,NaN,10
FP_NH_20230801_1,2023-08-01,-64.8509,-62.54185,NaN,NA
FP_OH_20171225_1,2017-12-25,-64.638,-62.534,NA,4.7
FP_OH_20171230_1,2017-12-30,-64.638,-62.534,NA,7.4
FP_OH_20180206_1,2018-02-06,-64.638,-62.534,0.2694646,NA
FP_OH_20181111_1,2018-11-11,-64.638,-62.534,0.14699472,16.46
FP_OH_20181210_1,2018-12-10,-64.638,-62.534,0.3495824,9.65
FP_OH_20181215_1,2018-12-15,-64.638,-62.534,0.20846735,9.5
FP_OH_20181225_1,2018-12-25,-64.638,-62.534,0.23446718,11
FP_OH_20190210_1,2019-02-10,-64.638,-62.534,0.2930768,NA
FP_OH_20190210_2,2019-02-10,-64.638,-62.534,0.2930768,6.6
FP_OH_20190222_1,2019-02-22,-64.638,-62.534,0.36480176,8.3
FP_OH_20190223_1,2019-02-23,-64.638,-62.534,0.3946453,NA
FP_OH_20190225_1,2019-02-25,-64.638,-62.534,0.38022777,NA
FP_OH_20191108_1,2019-11-08,-64.638,-62.534,0.20837027,NA
FP_OH_20191108_2,2019-11-08,-64.638,-62.534,0.20837027,13
FP_OH_20191108_3,2019-11-08,-64.638,-62.534,0.20837027,NA
FP_OH_20191117_1,2019-11-17,-64.638,-62.534,0.022906967,11
FP_OH_20191117_2,2019-11-17,-64.638,-62.534,0.022906967,NA
FP_OH_20191220_1,2019-12-20,-64.638,-62.534,0.6733252,6.6
FP_OH_20200102_1,2020-01-02,-64.638,-62.534,0.29583234,NA
FP_OH_20200119_1,2020-01-19,-64.638,-62.534,0.45087695,NA
FP_OH_20200119_2,2020-01-19,-64.638,-62.534,0.45087695,7.33
FP_OH_20200220_1,2020-02-20,-64.638,-62.534,0.4527454,10.3
FP_OH_20200310_1,2020-03-10,-64.638,-62.534,0.396594,9.5
FP_OH_20211129_1,2021-11-29,-64.638,-62.534,0.12427708,14
FP_OH_20211129_2,2021-11-29,-64.638,-62.534,0.12427708,14
FP_OH_20211224_1,2021-12-24,-64.638,-62.534,0.0259296,16.45
FP_OH_20220103_1,2022-01-03,-64.638,-62.534,0.023252638,8.08
FP_OH_20220316_1,2022-03-16,-64.638,-62.534,NaN,NA
FP_OH_20221124_1,2022-11-24,-64.638,-62.534,0.27765757,NA
FP_OH_20221202_1,2022-12-02,-64.638,-62.534,0.078994766,10.7
FP_OH_20221205_1,2022-12-05,-64.638,-62.534,0.16744071,12.5
FP_OH_20221230_1,2022-12-30,-64.638,-62.534,0.1042853,11.5
FP_OH_20230102_1,2023-01-02,-64.638,-62.534,0.17558624,12
FP_OH_20230108_1,2023-01-08,-64.638,-62.534,0.15508676,NA
FP_OH_20230122_1,2023-01-22,-64.638,-62.534,0.91770995,9.5
FP_OH_20230130_1,2023-01-30,-64.638,-62.534,0.28947133,5.34
FP_OH_20230204_1,2023-02-04,-64.638,-62.534,0.28638285,6.98
FP_OH_20230318_1,2023-03-18,-64.638,-62.534,NaN,7.8
FP_PB_20190126_1,2019-01-26,-65.089,-64.046,0.7603262,NA
FP_PB_20220314_1,2022-03-14,-65.089,-64.046,NaN,8.83
FP_PB_20220314_2,2022-03-14,-65.089,-64.046,NaN,NA
FP_PB_20221205_1,2022-12-05,-65.089,-64.046,0.27146393,10
FP_PB_20230203_1,2023-02-03,-65.089,-64.046,0.17807321,NA
FP_PC_20220128_1,2022-01-28,-65.065,-64.98611,0.2957768,12.5
FP_PC_20221012_1,2022-10-12,-65.065,-64.98611,NaN,NA
FP_PC_20221210_1,2022-12-10,-65.065,-64.98611,0.25777602,12.6
FP_PC_20230102_1,2023-01-02,-65.065,-64.98611,0.30420315,NA
FP_PC_20230109_1,2023-01-09,-65.065,-64.98611,0.30058548,10.5
FP_PC_20230206_1,2023-02-06,-65.065,-64.98611,0.17704412,NA
FP_PC_20230602_1,2023-06-02,-65.065,-64.98611,NaN,NA
FP_PC_20230901_1,2023-09-01,-65.065,-64.98611,NaN,NA
FP_PH_20161227_1,2016-12-27,-64.912,-62.862,NA,NA
FP_PH_20170108_1,2017-01-08,-64.912,-62.862,NA,NA
FP_PH_20170205_1,2017-02-05,-64.912,-62.862,NA,NA
FP_PH_20171214_1,2017-12-14,-64.912,-62.862,NA,NA
FP_PH_20171218_1,2017-12-18,-64.912,-62.862,NA,5.25
FP_PH_20171225_1,2017-12-25,-64.912,-62.862,NA,7.5
FP_PH_20180101_1,2018-01-01,-64.912,-62.862,0.37153867,NA
FP_PH_20180105_1,2018-01-05,-64.912,-62.862,0.5046167,NA
FP_PH_20180106_1,2018-01-06,-64.912,-62.862,0.48928487,4.75
FP_PH_20180111_1,2018-01-11,-64.912,-62.862,0.46508536,NA
FP_PH_20180205_1,2018-02-05,-64.912,-62.862,0.3080892,11
FP_PH_20180212_1,2018-02-12,-64.912,-62.862,0.21438695,8.8
FP_PH_20180218_1,2018-02-18,-64.912,-62.862,0.26487243,NA
FP_PH_20180303_1,2018-03-03,-64.912,-62.862,0.2605535,8.1
FP_PH_20180310_1,2018-03-10,-64.912,-62.862,0.25928146,NA
FP_PH_20181209_1,2018-12-09,-64.912,-62.862,0.2544938,8.1
FP_PH_20181218_1,2018-12-18,-64.912,-62.862,0.24422535,NA
FP_PH_20181220_1,2018-12-20,-64.912,-62.862,0.2385945,8.59
FP_PH_20181225_1,2018-12-25,-64.912,-62.862,0.23834303,4.46
FP_PH_20181226_1,2018-12-26,-64.912,-62.862,0.2413064,10
FP_PH_20190127_1,2019-01-27,-64.912,-62.862,0.3181571,5.5
FP_PH_20190205_1,2019-02-05,-64.912,-62.862,0.33357024,NA
FP_PH_20190211_1,2019-02-11,-64.912,-62.862,0.21144141,6.95
FP_PH_20190224_1,2019-02-24,-64.912,-62.862,0.23673964,NA
FP_PH_20190309_1,2019-03-09,-64.912,-62.862,0.22681195,NA
FP_PH_20190310_1,2019-03-10,-64.912,-62.862,0.20601948,7.6
FP_PH_20191210_1,2019-12-10,-64.912,-62.862,0.51996595,6.9
FP_PH_20191220_1,2019-12-20,-64.912,-62.862,0.56619364,NA
FP_PH_20191225_1,2019-12-25,-64.912,-62.862,0.64818233,NA
FP_PH_20200105_1,2020-01-05,-64.912,-62.862,0.63793224,NA
FP_PH_20200121_1,2020-01-21,-64.912,-62.862,0.58097655,5.4
FP_PH_20200131_1,2020-01-31,-64.912,-62.862,0.44776422,6.9
FP_PH_20211227_1,2021-12-27,-64.912,-62.862,0.039796975,9.9
FP_PH_20220222_1,2022-02-22,-64.912,-62.862,0.59873354,13.15
FP_PH_20220315_1,2022-03-15,-64.912,-62.862,NaN,NA
FP_PH_20220321_1,2022-03-21,-64.912,-62.862,NaN,4.8
FP_PH_20220322_1,2022-03-22,-64.912,-62.862,NaN,NA
FP_PH_20221114_1,2022-11-14,-64.912,-62.862,0.17292918,15.5
FP_PH_20221122_1,2022-11-22,-64.912,-62.862,0.17025027,NA
FP_PH_20221128_1,2022-11-28,-64.912,-62.862,0.12968181,14.1
FP_PH_20230113_1,2023-01-13,-64.912,-62.862,0.026907228,6.4
FP_PH_20230122_1,2023-01-22,-64.912,-62.862,0.04353449,4.15
FP_PH_20230212_1,2023-02-12,-64.912,-62.862,0.29863086,4.39
FP_PH_20230213_1,2023-02-13,-64.912,-62.862,0.23625754,5.17
FP_PH_20230222_1,2023-02-22,-64.912,-62.862,0.2269015,6.9
FP_PH_20230227_1,2023-02-27,-64.912,-62.862,0.22335497,6.32
FP_PI_20230126_1,2023-01-26,-63.58,-55.78806,0.395135,9.72
FP_PL_20220320_1,2022-03-20,-64.854,-63.495,NaN,4.5
FP_PP_20161124_1,2016-11-24,-64.502,-61.756,NA,NA
FP_PP_20161214_1,2016-12-14,-64.502,-61.756,NA,NA
FP_PP_20191224_1,2019-12-24,-64.502,-61.756,0.3052941,5.3
FP_PP_20211218_1,2021-12-18,-64.502,-61.756,0.13713555,11.53
FP_PP_20220209_1,2022-02-09,-64.502,-61.756,0.21546414,6.9
FP_PP_20220213_1,2022-02-13,-64.502,-61.756,0.23851903,7.2
FP_PP_20220320_1,2022-03-20,-64.502,-61.756,NaN,9.43
FP_PP_20230305_1,2023-03-05,-64.502,-61.756,0.13569498,6.7
FP_PT_20170217_1,2017-02-17,-65.173,-64.116,NA,NA
FP_PT_20171226_1,2017-12-26,-65.173,-64.116,NA,8.5
FP_PT_20180107_1,2018-01-07,-65.173,-64.116,0.60745573,6.25
FP_PT_20180301_1,2018-03-01,-65.173,-64.116,0.3660334,5.2
FP_PT_20180309_1,2018-03-09,-65.173,-64.116,0.55957115,NA
FP_PT_20180318_1,2018-03-18,-65.173,-64.116,NaN,4.8
FP_PT_20190122_1,2019-01-22,-65.173,-64.116,0.56705004,4.3
FP_PT_20190203_1,2019-02-03,-65.173,-64.116,0.29723364,NA
FP_PT_20190217_1,2019-02-17,-65.173,-64.116,0.24699223,19.6
FP_PT_20190228_1,2019-02-28,-65.173,-64.116,0.1755151,NA
FP_PT_20190311_1,2019-03-11,-65.173,-64.116,0.237956,6.1
FP_PT_20190313_1,2019-03-13,-65.173,-64.116,NaN,NA
FP_PT_20190319_1,2019-03-19,-65.173,-64.116,NaN,NA
FP_PT_20190320_1,2019-03-20,-65.173,-64.116,NaN,NA
FP_PT_20191219_1,2019-12-19,-65.173,-64.116,0.46962228,8.9
FP_PT_20191226_1,2019-12-26,-65.173,-64.116,0.79463977,NA
FP_PT_20200120_1,2020-01-20,-65.173,-64.116,0.39171788,8.9
FP_PT_20200204_1,2020-02-04,-65.173,-64.116,0.49192864,8.32
FP_PT_20200205_1,2020-02-05,-65.173,-64.116,0.49291492,2.2
FP_PT_20200205_2,2020-02-05,-65.173,-64.116,0.49291492,12
FP_PT_20220109_1,2022-01-09,-65.173,-64.116,0.24800509,NA
FP_PT_20220220_1,2022-02-20,-65.173,-64.116,0.38007325,NA
FP_PT_20220308_1,2022-03-08,-65.173,-64.116,0.15628302,11.3
FP_PT_20221204_2,2022-12-04,-65.173,-64.116,0.15589984,10.15
FP_PT_20221205_1,2022-12-05,-65.173,-64.116,0.19603026,10.15
FP_PT_20221223_1,2022-12-23,-65.173,-64.116,0.26894537,25
FP_PT_20230102_1,2023-01-02,-65.173,-64.116,0.25688064,8.24
FP_PT_20230108_1,2023-01-08,-65.173,-64.116,0.24185155,6.53
FP_PT_20230116_1,2023-01-16,-65.173,-64.116,0.2193929,6.9
FP_PT_20230120_1,2023-01-20,-65.173,-64.116,0.22322887,6.5
FP_PT_20230201_1,2023-02-01,-65.173,-64.116,0.1125412,3.24
FP_PT_20230208_1,2023-02-08,-65.173,-64.116,0.19828673,6.53
FP_PT_20230214_1,2023-02-14,-65.173,-64.116,0.22282696,7.8
FP_PT_20230226_1,2023-02-26,-65.173,-64.116,0.2513316,6.22
FP_PV_20230217_1,2023-02-17,0,0,0.48098683,2.6
FP_RR_20230202_1,2023-02-02,0,0,0.25642416,NA
FP_SI_20211224_1,2021-12-24,-51.302,-60.235,0.317741,7.5
FP_SI_20211224_2,2021-12-24,-51.302,-60.235,0.317741,8.3
FP_ST_20171231_1,2017-12-31,-68.186,-66.997,NA,NA
FP_ST_20180215_1,2018-02-15,-68.186,-66.997,0.24693953,5.8
FP_ST_20180219_1,2018-02-19,-68.186,-66.997,0.39548743,7.7
FP_ST_20180228_1,2018-02-28,-68.186,-66.997,NaN,NA
FP_ST_20200306_1,2020-03-06,-68.186,-66.997,NaN,NA
FP_ST_20221228_1,2022-12-28,-68.186,-66.997,0.5684417,7.04
FP_ST_20230119_1,2023-01-19,-68.186,-66.997,0.39017907,7.7
FP_ST_20230202_1,2023-02-02,-68.186,-66.997,0.36222634,4.17
FP_ST_20230213_1,2023-02-13,-68.186,-66.997,0.8494918,10.5
FP_ST_20230220_1,2023-02-20,-68.186,-66.997,0.29242235,40
FP_ST_20230220_1,2023-02-20,-68.186,-66.997,0.29242235,NA
FP_ST_20230225_1,2023-02-25,-68.186,-66.997,0.24738759,8.4
FP_TB_20221126_1,2022-11-26,-62.924167,-60.663056,0.29782316,NA
FP_TB_20221226_1,2022-12-26,-62.924167,-60.663056,0.46437854,NA
FP_UI_20171230_1,2017-12-30,-64.725,-62.858,NA,3.6
FP_UI_20190306_1,2019-03-06,-64.725,-62.858,0.18572438,NA
FP_UI_20190307_1,2019-03-07,-64.725,-62.858,0.17792578,9.7
FP_UI_20190308_1,2019-03-08,-64.725,-62.858,0.1775532,NA
FP_UI_20191215_1,2019-12-15,-64.725,-62.858,0.4184566,7.8
FP_VI_20191213_1,2019-12-13,-63.833,-57.366,NaN,3.5
FP_VR_20230222_1,2023-02-22,0,0,0.5308103,7.3
FP_VS_20230214_1,2023-02-14,0,0,0.49867395,NA
FP_WB_20211229_1,2021-12-29,-62.98333,-60.56167,0.20774467,4.2
FP_WB_20230123_1,2023-01-23,-62.98333,-60.56167,0.46277034,3.6
FP_WB_20230223_1,2023-02-23,-62.98333,-60.56167,0.24526449,3.6
FP_WH_20161125_1,2016-11-25,-64.642,-62.16,NA,NA
FP_WH_20161208_1,2016-12-08,-64.642,-62.16,NA,NA
FP_WH_20161214_1,2016-12-14,-64.642,-62.16,NA,NA
FP_WH_20170104_1,2017-01-04,-64.642,-62.16,NA,NA
FP_WH_20171125_1,2017-11-25,-64.642,-62.16,NA,10
FP_WH_20171215_1,2017-12-15,-64.642,-62.16,NA,4.5
FP_WH_20180107_1,2018-01-07,-64.642,-62.16,0.27054933,NA
FP_WH_20180109_1,2018-01-09,-64.642,-62.16,0.2827046,NA
FP_WH_20180118_1,2018-01-18,-64.642,-62.16,0.26185104,NA
FP_WH_20180119_1,2018-01-19,-64.642,-62.16,0.25112855,13
FP_WH_20180215_1,2018-02-15,-64.642,-62.16,0.24802335,NA
FP_WH_20180217_1,2018-02-17,-64.642,-62.16,0.21772328,11
FP_WH_20181231_1,2018-12-31,-64.642,-62.16,0.22062685,11.1
FP_WH_20190106_1,2019-01-06,-64.642,-62.16,0.26780248,9.26
FP_WH_20190111_1,2019-01-11,-64.642,-62.16,0.21762384,7.23
FP_WH_20190112_1,2019-01-12,-64.642,-62.16,0.23442481,NA
FP_WH_20190118_1,2019-01-18,-64.642,-62.16,0.21599543,8.13
FP_WH_20190121_1,2019-01-21,-64.642,-62.16,0.21055454,5.5
FP_WH_20190128_1,2019-01-28,-64.642,-62.16,0.21664375,8.5
FP_WH_20190201_1,2019-02-01,-64.642,-62.16,0.2233634,6.7
FP_WH_20190221_1,2019-02-21,-64.642,-62.16,0.20631306,6.8
FP_WH_20190225_1,2019-02-25,-64.642,-62.16,0.223183,NA
FP_WH_20191107_1,2019-11-07,-64.642,-62.16,0.07536892,16.15
FP_WH_20200106_1,2020-01-06,-64.642,-62.16,0.20765814,NA
FP_WH_20200115_1,2020-01-15,-64.642,-62.16,0.18804495,NA
FP_WH_20200130_1,2020-01-30,-64.642,-62.16,0.2792559,10.98
FP_WH_20211223_1,2021-12-23,-64.642,-62.16,0.0977856,19.03
FP_WH_20221113_1,2022-11-13,-64.642,-62.16,0.11887613,11.39
FP_WH_20221206_1,2022-12-06,-64.642,-62.16,0.13076955,16.23
FP_WH_20230117_1,2023-01-17,-64.642,-62.16,0.12794428,11.53
FP_WH_20230125_1,2023-01-25,-64.642,-62.16,0.1455507,7.8
FP_WH_20230204_1,2023-02-04,-64.642,-62.16,0.19111757,9.16
FP_WH_20230214_1,2023-02-14,-64.642,-62.16,0.1856328,6.6
FP_WI_20221224_1,2022-12-24,0,0,0.47871011,12.2
FP_WP_20200211_1,2020-02-11,-51.335,-60.677,0.7841735,10
FP_WP_20200211_2,2020-02-11,-51.335,-60.677,0.7841735,10.5
FP_WP_20211208_1,2021-12-08,-51.335,-60.677,0.308869,11.3
FP_WP_20211208_2,2021-12-08,-51.335,-60.677,0.308869,NA
FP_WP_20211225_1,2021-12-25,-51.335,-60.677,0.3123421,11
FP_YH_20191106_1,2019-11-06,-62.524,-59.778,0.20582876,NA
FP_YH_20191106_2,2019-11-06,-62.524,-59.778,0.20582876,10.2
FP_YH_20230103_1,2023-01-03,-62.524,-59.778,0.46692201,9.6
