"sample_id","samples","day","month","year","Date","time_local","time_utc","Site_Name","Lat","Long","Operator","Zeu_m","all_asv_richness","all_asv_shannon","all_asv_evenness","all_asv_simpson","phyto_asv_richness","phyto_asv_shannon","phyto_asv_evenness","phyto_asv_simpson","phyto_diatoms_asv_richness","phyto_diatom_asv_shannon","phyto_diatom_asv_evenness","phyto_diatom_asv_simpson","season","region"
"sample_001","sample_001",13,"11",2017,2017-11-13,"16:50","19:50","Cierva Cove",-64.156,-60.873,"Polar Latitudes",16.25,38,2.31732133148321,2.75736371178543,0.857724143562307,26,2.23321563486348,2.77955863188507,0.852216267090439,19,2.16690813296687,2.80215234926238,0.848156573126923,"2017-2018","middle"
"sample_032","sample_032",14,"11",2017,2017-11-14,"9:29","12:29","Neko Harbour",-64.851,-62.542,"Polar Latitudes",11.51,44,2.03181257909953,2.86603399181685,0.801831723041001,32,1.99633287518717,2.88774542108777,0.799450770761322,23,1.92169122319749,2.94193909930015,0.792377934949764,"2017-2018","middle"
"sample_002","sample_002",19,"11",2017,2017-11-19,"14:19","17:19","Cierva Cove",-64.156,-60.873,"G Adventures",14.22,28,1.82229673602322,3.03666701735767,0.767312587119381,20,1.75436872186897,3.12104670502534,0.760576165386428,15,1.72811326878608,3.15908191930739,0.758454287388845,"2017-2018","middle"
"sample_010","sample_010",22,"11",2017,2017-11-22,"11:55","14:55","Cuverville Island",-64.671,-62.611,"Polar Latitudes",21.81,58,2.40009210150811,2.74137361985685,0.833949531533039,38,2.25966907739655,2.77185738468234,0.823689286607869,24,2.12595265836438,2.81874337101773,0.812856575469583,"2017-2018","middle"
"sample_033","sample_033",23,"11",2017,2017-11-23,"16:14","19:14","Neko Harbour",-64.851,-62.542,"Polar Latitudes",10.56,86,2.33139988766426,2.75426527193886,0.837491985130634,53,2.14034915253676,2.81266284668187,0.821705182135898,24,1.93542478053471,2.93101037360694,0.805865538221223,"2017-2018","middle"
"sample_074","sample_074",25,"11",2017,2017-11-25,"9:35","12:35","Enterprise Island",-64.539,-61.98,"Polar Latitudes",13.54,50,1.80505445889805,3.05635403331759,0.678808833185859,34,1.63069047468216,3.33472127956283,0.652768630415053,22,1.43236859887072,3.98622670989002,0.621211829599106,"2017-2018","middle"
"sample_011","sample_011",2,"12",2017,2017-12-02,"9:54","12:54","Cuverville Island",-64.671,-62.611,"Polar Latitudes",8.63,53,1.88412454811641,2.9743232176651,0.743267287320812,37,1.77375304795507,3.09502751002799,0.729749538394991,23,1.66291825674332,3.26976626783748,0.717925545585234,"2017-2018","middle"
"sample_034","sample_034",2,"12",2017,2017-12-02,"16:31","19:31","Neko Harbour",-64.851,-62.542,"Polar Latitudes",2.71,38,1.08337867629776,13.5279341159268,0.412841002676548,31,0.983122748523902,-57.7583980264654,0.390825519607194,22,0.898543493193058,-8.39915952963151,0.373356503084403,"2017-2018","middle"
"sample_035","sample_035",9,"12",2017,2017-12-09,"8:45","11:45","Neko Harbour",-64.851,-62.542,"G Adventures",5.08,32,1.15852119198782,7.8733647215024,0.509213353421319,25,0.99824848797431,-569.436004894102,0.466717969897296,21,0.869988213397975,-6.24652213437147,0.428407598708908,"2017-2018","middle"
"sample_003","sample_003",13,"12",2017,2017-12-13,"16:11","19:11","Cierva Cove",-64.156,-60.873,"Antarctica21",9.48,58,2.01992193082663,2.87304810221697,0.801622034034975,40,1.96143552376935,2.911538680987,0.797782018634582,23,1.89665820980612,2.96309556003136,0.793014997481285,"2017-2018","middle"
"sample_012","sample_012",14,"12",2017,2017-12-14,"9:55","12:55","Cuverville Island",-64.671,-62.611,"Antarctica21",6.77,67,2.33170914718267,2.75419904392232,0.82618723956531,45,2.064440827186,2.84805690061072,0.796487366107958,24,1.82047438841571,3.03869661084497,0.770388594134705,"2017-2018","middle"
"sample_054","sample_054",14,"12",2017,2017-12-14,"16:00","19:00","Paradise Harbour",-64.912,-62.862,"Antarctica21",9.48,43,1.75349417001298,3.12226049322236,0.721329019130353,34,1.73822724630294,3.14403122947911,0.720090940010307,23,1.68825956615364,3.22372639191515,0.715218334749697,"2017-2018","middle"
"sample_070","sample_070",15,"12",2017,2017-12-15,"15:58","18:58","Wilhelmina Bay",-64.642,-62.16,"Antarctica21",6.1,84,2.41089608363604,2.73965931867814,0.787697851725043,53,2.19395459494188,2.79233647966109,0.76438873163739,26,1.77890652841827,3.08838547169163,0.681543616635398,"2017-2018","middle"
"sample_023","sample_023",16,"12",2017,2017-12-16,"15:45","18:45","Danco Island",-64.746,-62.622,"G Adventures",8.13,75,1.84528707059125,3.01205039651932,0.673938371476682,44,1.57571796327207,3.46531731259679,0.631500219370437,19,1.41488619894871,4.0769049288766,0.610545764615253,"2017-2018","middle"
"sample_036","sample_036",16,"12",2017,2017-12-16,"10:15","13:15","Neko Harbour",-64.851,-62.542,"G Adventures",7.45,43,0.646214425507032,-1.48002530824103,0.234253749037401,27,0.51338787742683,-0.770016030021371,0.19127716461395,15,0.484401245391218,-0.668285568915111,0.18566443207396,"2017-2018","middle"
"sample_004","sample_004",18,"12",2017,2017-12-18,"10:06","13:06","Cierva Cove",-64.156,-60.873,"Antarctica21",15.17,81,2.31070671514304,2.75887683538882,0.821912795956965,51,2.18251759103277,2.79638196391919,0.811748945347035,25,2.00540655413754,2.88196557678824,0.796102911142124,"2017-2018","middle"
"sample_055","sample_055",18,"12",2017,2017-12-18,"16:20","19:20","Paradise Harbour",-64.912,-62.862,"G Adventures",7.11,55,1.96509546629047,2.90892183908004,0.738839953808602,39,1.87993673404341,2.97817362744398,0.729615796735283,23,1.68648952844239,3.22680994573596,0.703118832583276,"2017-2018","middle"
"sample_024","sample_024",19,"12",2017,2017-12-19,"9:48","12:48","Danco Island",-64.746,-62.622,"Antarctica21",6.1,66,2.60868948796651,2.72064971015394,0.876014526926481,46,2.44634894923975,2.73458305996897,0.862749337674705,25,2.19357716768505,2.79246757691378,0.840053358622576,"2017-2018","middle"
"sample_013","sample_013",20,"12",2017,2017-12-20,"15:47","18:47","Cuverville Island",-64.671,-62.611,"Antarctica21",6.5,66,2.66242562719855,2.71887602642561,0.89103347578704,45,2.46619657369404,2.73209161095324,0.878933350486763,23,2.23986201997085,2.77755753478492,0.8625530883498,"2017-2018","middle"
"sample_025","sample_025",25,"12",2017,2017-12-25,"10:40","13:40","Danco Island",-64.746,-62.622,"G Adventures",5.08,91,2.98038925304041,2.72915944473386,0.91221856294466,54,2.65063358042579,2.7191599505064,0.88668773924436,23,2.17341274664864,2.79971221452023,0.835807801321438,"2017-2018","middle"
"sample_037","sample_037",25,"12",2017,2017-12-25,"12:00","15:00","Neko Harbour",-64.851,-62.542,"Antarctica21",NA,56,2.32645466981242,2.75533492893918,0.841937461517215,37,2.14682825898826,2.81001580518488,0.824816779446852,23,2.03587451858613,2.86369615035282,0.815461966922202,"2017-2018","middle"
"sample_051","sample_051",25,"12",2017,2017-12-25,"15:50","18:50","Orne Harbour",-64.638,-62.534,"Antarctica21",6.37,86,2.82834742967914,2.72036893025006,0.913359621864479,55,2.67418725453063,2.71864939491258,0.900566380993072,24,2.35015850733724,2.75038722120932,0.877503231876156,"2017-2018","middle"
"sample_056","sample_056",25,"12",2017,2017-12-25,"16:55","19:55","Paradise Harbour",-64.912,-62.862,"G Adventures",10.16,72,2.50664129902427,2.72774188391486,0.868465546367847,46,2.3775050593818,2.7452231946356,0.860093376683228,23,2.1665208859629,2.80229924563876,0.842041154860564,"2017-2018","middle"
"sample_065","sample_065",26,"12",2017,2017-12-26,"15:00","18:00","Petermann Island",-65.173,-64.116,"G Adventures",10.84,46,2.06155578288866,2.84957444310409,0.834100699580065,29,2.04149550948262,2.8605088837715,0.8331361023308,20,1.97196756437419,2.90408717420948,0.827294322358365,"2017-2018","middle"
"sample_014","sample_014",28,"12",2017,2017-12-28,"9:30","12:30","Cuverville Island",-64.671,-62.611,"Antarctica21",6.37,76,2.70239126985211,2.71832873185302,0.89879139505429,46,2.51232113450944,2.72720562770384,0.884352134770377,21,2.19367752460698,2.79243270262334,0.859251968176981,"2017-2018","middle"
"sample_038","sample_038",28,"12",2017,2017-12-28,"16:00","19:00","Neko Harbour",-64.851,-62.542,"G Adventures",7.79,71,2.67755821646404,2.71859468015864,0.890102939703684,43,2.47378295694285,2.731202807732,0.878250234582106,21,2.20176724652946,2.789659074316,0.847918605917257,"2017-2018","middle"
"sample_039","sample_039",30,"12",2017,2017-12-30,"14:10","17:10","Andvord Bay Transect Station 1 Useful",-64.725,-62.858,"Antarctica21",4.88,79,2.70034929469559,2.71834163631457,0.884446124086617,48,2.28951905871634,2.76397873553775,0.842773629334339,18,1.84051685304836,3.01701110081425,0.788864233052686,"2017-2018","middle"
"sample_040","sample_040",30,"12",2017,2017-12-30,"14:51","17:51","Andvord Bay Transect Station 2 Errera",-64.81,-62.67,"Antarctica21",7.31,84,2.65791215154497,2.71897792372635,0.879358714945875,56,2.43070472753392,2.73672157734567,0.856949255215997,24,1.99067446195302,2.89143219303035,0.809173731190557,"2017-2018","middle"
"sample_041","sample_041",30,"12",2017,2017-12-30,"15:25","18:25","Andvord Bay Transect Station 3 Middle",-64.808,-62.672,"Antarctica21",9.48,65,2.62503065623666,2.71997808861302,0.894636246070822,44,2.44617871791158,2.73460548929875,0.88175267263513,18,2.0953633373288,2.83261720204785,0.850447547836664,"2017-2018","middle"
"sample_042","sample_042",30,"12",2017,2017-12-30,"16:32","19:32","Andvord Bay Transect Station 5 Interior",-64.849,-62.539,"Antarctica21",9.48,71,2.487613643361,2.72967022175368,0.859875644928838,45,2.26420599118438,2.77060585417073,0.836188281395901,19,1.8568256219461,3.00035629120237,0.787976265173295,"2017-2018","middle"
"sample_043","sample_043",30,"12",2017,2017-12-30,"17:47","20:47","Andvord Bay Transect Station 4 Neko",-64.849,-62.539,"Antarctica21",8.4,65,2.6048262745118,2.72082601509469,0.886732209764333,41,2.36717223899809,2.74710800434253,0.866269460678088,18,1.92787259994129,2.93696272611755,0.816607026022628,"2017-2018","middle"
"sample_052","sample_052",30,"12",2017,2017-12-30,"10:20","13:20","Orne Harbour",-64.638,-62.534,"Antarctica21",10.02,88,2.62945336001774,2.71981661049939,0.876426238936681,57,2.53777649881665,2.72501704287132,0.866193216375897,26,2.18164619653122,2.79669643837106,0.834408458573848,"2017-2018","middle"
"sample_079","sample_079",30,"12",2017,2017-12-30,"15:30","18:30","Brown Bluff",-63.52,-56.873,"G Adventures",9.48,52,1.76371076969697,3.108298663353,0.688169291377002,33,1.56888519094983,3.48358365758203,0.661788355611536,21,1.35939723586168,4.42740708167693,0.615153606928443,"2017-2018","northern"
"sample_057","sample_057",1,"1",2018,2018-01-01,"12:00","15:00","Paradise Harbour",-64.912,-62.862,"",NA,84,2.8178110687695,2.71999891028871,0.886836960343767,53,2.43587805731008,2.73599698061285,0.838180074664284,17,1.23893881236623,5.7825374394373,0.608954089484363,"2017-2018","middle"
"sample_005","sample_005",2,"1",2018,2018-01-02,"9:53","12:53","Cierva Cove",-64.156,-60.873,"Antarctica21",10.7,114,2.61447093843833,2.72039846952179,0.815005549465418,69,2.34281519113656,2.75187192889985,0.782574947297021,29,1.94712797461502,2.92205603600684,0.736143293754176,"2017-2018","middle"
"sample_026","sample_026",2,"1",2018,2018-01-02,"12:00","15:00","Danco Island",-64.746,-62.622,"",NA,104,3.24783670436956,2.75710240401028,0.922482757301577,68,2.88200472555496,2.72276095464878,0.89469176019902,22,2.00947788725662,2.87942408980541,0.804941968036265,"2017-2018","middle"
"sample_077","sample_077",2,"1",2018,2018-01-02,"20:08","23:08","",NA,NA,"",NA,97,1.25750297083401,5.48821204966725,0.415837091624141,52,2.70327926097873,2.71832361328386,0.884750113648949,23,1.99882791610723,2.8861400105669,0.784341232865523,"2017-2018","shetlands"
"sample_078","sample_078",2,"1",2018,2018-01-02,"21:14","0:14","",NA,NA,"",NA,92,2.07588915141225,2.84216703064128,0.764699498770982,56,1.56327587287311,3.49895584736931,0.623044491140375,25,1.003921796301,256.486829828532,0.359245162424665,"2017-2018","shetlands"
"sample_044","sample_044",4,"1",2018,2018-01-04,"14:30","17:30","Neko Harbour",-64.851,-62.542,"Lindblad Expeditions",13.54,67,1.87219106403602,2.98542958161306,0.794404307385013,42,1.29439095736399,5.01623603373166,0.614954568731423,18,1.06371497190675,17.2212808184736,0.578904873673721,"2017-2018","middle"
"sample_015","sample_015",5,"1",2018,2018-01-05,"10:30","13:30","Cuverville Island",-64.671,-62.611,"Quixote Expeditions",10.16,83,2.15406495302724,2.8071232853062,0.804790344221442,52,2.01134964670457,2.87826629120122,0.792194590258898,21,1.806184339018,3.05503022591501,0.773899037533522,"2017-2018","middle"
"sample_058","sample_058",5,"1",2018,2018-01-05,"18:00","21:00","Paradise Harbour",-64.912,-62.862,"Quixote Expeditions",2.71,56,1.76553866603705,3.10585018391855,0.673228290505799,38,1.55162734652588,3.53201052911742,0.640264161600993,16,1.08243095871343,13.6654357585384,0.536075561092555,"2017-2018","middle"
"sample_016","sample_016",6,"1",2018,2018-01-06,"9:30","12:30","Cuverville Island",-64.671,-62.611,"G Adventures",10.16,93,2.63473094170369,2.71963504495175,0.8714407945674,52,2.24363331066818,2.77644208181894,0.827276676281881,22,1.82740379135053,3.03104181180742,0.780815246472432,"2017-2018","middle"
"sample_059","sample_059",6,"1",2018,2018-01-06,"16:15","19:15","Paradise Harbour",-64.912,-62.862,"G Adventures",6.43,83,1.87260971337961,2.9850328835316,0.740324598974732,48,1.70073434575298,3.20252691337387,0.722673637676946,18,1.37970915095055,4.28650543846405,0.676460368902865,"2017-2018","middle"
"sample_006","sample_006",7,"1",2018,2018-01-07,"12:00","15:00","Cierva Cove",-64.156,-60.873,"",NA,72,1.87244264073375,2.98519113352902,0.69603126760948,49,1.79571372331375,3.06748525701805,0.688103489885554,23,1.70148860576538,3.20127439802101,0.678422642086767,"2017-2018","middle"
"sample_066","sample_066",7,"1",2018,2018-01-07,"16:00","19:00","Petermann Island",-65.173,-64.116,"G Adventures",8.47,56,0.736061568859739,-2.4019643026658,0.24039849505193,38,0.607149236143237,-1.21677909650408,0.209409653635265,15,0.461213126434041,-0.595963417317758,0.171400886753069,"2017-2018","middle"
"sample_071","sample_071",7,"1",2018,2018-01-07,"14:10","17:10","Wilhelmina Bay",-64.642,-62.16,"Quixote Expeditions",9.48,101,3.34187947058384,2.76981935933431,0.947019505662068,63,2.93972738492109,2.72621853460568,0.912100339360288,24,2.20657680017525,2.78804487144934,0.841050688323213,"2017-2018","middle"
"sample_083","sample_083",9,"1",2018,2018-01-09,"14:00","17:00","Enterprise Island",-64.539,-61.98,"Quixote Expeditions",6.77,88,1.73548047115757,3.14806799244165,0.601333007112152,55,1.46806338521505,3.82363827881825,0.549162867570009,25,1.26168868533456,5.42776074660255,0.514742493682208,"2017-2018","middle"
"sample_007","sample_007",10,"1",2018,2018-01-10,"12:00","15:00","Cierva Cove",-64.156,-60.873,"Polar Latitudes",NA,86,1.42098522828655,4.04435290478117,0.453563237153131,55,1.21492041955916,6.2406477506991,0.407313693506368,24,0.930360810293162,-12.8889542947004,0.341636768676768,"2017-2018","middle"
"sample_045","sample_045",11,"1",2018,2018-01-11,"18:23","21:23","Neko Harbour",-64.851,-62.542,"Lindblad Expeditions",5.42,88,1.84334701867713,3.0140588704032,0.598911832225976,54,2.60413875766925,2.72085810333101,0.824899477039232,19,1.25494133914199,5.52621342231204,0.497688548943261,"2017-2018","middle"
"sample_076","sample_076",15,"1",2018,2018-01-15,"12:00","15:00","Wilhelmina Bay",-64.642,-62.16,"",NA,83,2.43044876323964,2.73675788071154,0.863400336015612,55,1.94712663892339,2.92205703964974,0.766464181470572,25,1.32696402662954,4.69068162014388,0.615171298963716,"2017-2018","middle"
"sample_080","sample_080",15,"1",2018,2018-01-15,"12:00","15:00","Brown Bluff",-63.52,-56.873,"",NA,134,2.80895189415382,2.71971420274176,0.904751826935345,59,2.50029795557819,2.7283619878717,0.890345561240933,24,2.25594718691472,2.77289895101676,0.871972127915548,"2017-2018","northern"
"sample_082","sample_082",15,"1",2018,2018-01-15,"19:06","22:06","Dallman Bay",-64.65,-63.15,"Lindblad Expeditions",9.48,142,3.49466941154241,2.79296762628045,0.934422656548704,80,3.45747894430073,2.78707643063709,0.95247568277947,28,2.31772001221869,2.75727369608358,0.845902635804996,"2017-2018","middle"
"sample_075","sample_075",18,"1",2018,2018-01-18,"9:45","12:45","Enterprise Island",-64.539,-61.98,"Quixote Expeditions",12.19,70,1.11924002325117,9.93556124188645,0.419752219787072,45,1.04583372810814,23.3370051883927,0.4073788211133,21,0.90075246813745,-8.61759659561565,0.377823513857789,"2017-2018","middle"
"sample_017","sample_017",19,"1",2018,2018-01-19,"17:20","20:20","Cuverville Island",-64.671,-62.611,"Quixote Expeditions",16.25,120,2.87070943515175,2.72218900998977,0.852365535101115,71,2.46776694592974,2.73190479063666,0.802482774983562,25,1.9296352961732,2.93556098735408,0.739720638637747,"2017-2018","middle"
"sample_072","sample_072",19,"1",2018,2018-01-19,"13:35","16:35","Wilhelmina Bay",-64.642,-62.16,"Quixote Expeditions",17.61,62,1.38023834228055,4.28304671619341,0.524191033013831,43,1.08389969817793,13.4536675809546,0.456281646866278,21,0.903990697886644,-8.9560595796394,0.419579158644084,"2017-2018","middle"
"sample_027","sample_027",20,"1",2018,2018-01-20,"14:10","17:10","Danco Island",-64.746,-62.622,"Quixote Expeditions",17.61,95,3.09425376941085,2.73937640771432,0.903157261896229,65,2.76815946585006,2.71872583481784,0.873628343107745,24,2.2276077622981,2.781282520519,0.82963203931854,"2017-2018","middle"
"sample_046","sample_046",20,"1",2018,2018-01-20,"12:00","15:00","Neko Harbour",-64.851,-62.542,"Polar Latitudes",NA,99,3.2035169990745,2.75157312594238,0.924438927257519,63,2.82834778417404,2.72036894326704,0.897323242612011,22,2.06170827163002,2.84949389383106,0.824989041335852,"2017-2018","middle"
"sample_018","sample_018",21,"1",2018,2018-01-21,"12:00","15:00","Cuverville Island",-64.671,-62.611,"Polar Latitudes",NA,134,2.93795498592062,2.72609954985303,0.878845266805903,71,2.51265805704815,2.72717437628131,0.844646205229226,25,2.00256250624745,2.88375990108681,0.797626995852052,"2017-2018","middle"
"sample_008","sample_008",22,"1",2018,2018-01-22,"12:00","15:00","Cierva Cove",-64.156,-60.873,"Polar Latitudes",NA,88,2.54160887030314,2.72471724201326,0.786297187281899,58,2.12735186035574,2.81814015824416,0.684715340692561,22,1.4752067421444,3.79427413529694,0.548750487767911,"2017-2018","middle"
"sample_081","sample_081",30,"1",2018,2018-01-30,"16:16","19:16","Brown Bluff",-63.52,-56.873,"Hanse Explorer",12.12,102,3.07085332852293,2.73705452921628,0.9286113511206,49,2.62835190328082,2.71985602773851,0.902353511654216,24,2.39009342492861,2.74303270917774,0.883688865045366,"2017-2018","northern"
"sample_009","sample_009",3,"2",2018,2018-02-03,"16:25","19:25","Cierva Cove",-64.156,-60.873,"Hanse Explorer",13.61,77,2.14007828671326,2.8127747033274,0.715129117791321,50,1.78279891363666,3.08344265721434,0.635311864459165,21,1.47712107434114,3.78656782398151,0.586832764270838,"2017-2018","middle"
"sample_028","sample_028",3,"2",2018,2018-02-03,"9:12","12:12","Danco Island",-64.746,-62.622,"G Adventures",18.29,69,3.2036291681296,2.75158671901962,0.925921056241427,44,2.78322789536548,2.71902792752871,0.887314661214202,18,2.04989349965101,2.85584874003595,0.782288365204826,"2017-2018","middle"
"sample_060","sample_060",5,"2",2018,2018-02-05,"10:00","13:00","Paradise Harbour",-64.912,-62.862,"G Adventures",14.9,64,2.90867067543106,2.72424943802702,0.892957658404846,39,2.59322059928039,2.72139681675557,0.868278222024423,17,1.88371404624383,2.97469842232528,0.781958195819582,"2017-2018","middle"
"sample_029","sample_029",6,"2",2018,2018-02-06,"14:10","17:10","Danco Island",-64.746,-62.622,"Hanse Explorer",7.63,75,3.16442905361403,2.74696544741698,0.901881876819997,49,2.68463960674494,2.7184943922194,0.848601255839412,19,1.64252486875654,3.30997642817855,0.642799011698293,"2017-2018","middle"
"sample_053","sample_053",6,"2",2018,2018-02-06,"17:00","20:00","Orne Harbour",-64.638,-62.534,"Hanse Explorer",NA,108,3.19312155313691,2.75032244096425,0.921217131696684,56,2.6725975175535,2.71867677111485,0.882382265370894,23,1.67282659281372,3.25127032833847,0.718739899784253,"2017-2018","middle"
"sample_030","sample_030",12,"2",2018,2018-02-12,"9:15","12:15","Danco Island",-64.746,-62.622,"G Adventures",18.01,45,1.92742732576379,2.93731802845585,0.633772639546737,28,1.57720548876816,3.46140580625084,0.560581763822807,16,1.26154452505563,5.42980971158677,0.494009418481924,"2017-2018","middle"
"sample_061","sample_061",12,"2",2018,2018-02-12,"14:50","17:50","Paradise Harbour",-64.912,-62.862,"G Adventures",11.92,57,2.46687588173787,2.73201061385138,0.772867372724365,37,1.96436057446021,2.9094449226512,0.687241321877907,13,0.96623580245685,-28.1312871500357,0.412579179517793,"2017-2018","middle"
"sample_084","sample_084",15,"2",2018,2018-02-15,"17:55","20:55","Enterprise Island",-64.539,-61.98,"Quixote Expeditions",12.19,71,0.679275493066574,-1.75646608084957,0.26556815167697,34,0.589225705541381,-1.11396199569207,0.247482448417543,12,0.462119062660582,-0.598652002751326,0.216951340342817,"2017-2018","middle"
"sample_085","sample_085",15,"2",2018,2018-02-15,"14:30","17:30","Stonington Island",-68.186,-66.997,"G Adventures",7.86,57,2.73752564385361,2.71834915111663,0.889055105459232,37,2.34608834529417,2.7512048968165,0.848200026750981,17,1.97345604964286,2.90305338196004,0.806491451708953,"2017-2018","southern"
"sample_019","sample_019",16,"2",2018,2018-02-16,"10:50","13:50","Cuverville Island",-64.671,-62.611,"Polar Latitudes",12.99,95,3.15165755302307,2.74551724546759,0.90151017416769,60,2.67321207105958,2.71866606828929,0.853371149789413,19,1.72070197824707,3.17044308772253,0.649882470638932,"2017-2018","middle"
"sample_047","sample_047",16,"2",2018,2018-02-16,"17:17","20:17","Neko Harbour",-64.851,-62.542,"Polar Latitudes",12.98,22,1.8141326765749,3.04585269492243,0.702314179872816,17,1.58509346389467,3.44104258436506,0.657633168613263,8,1.17026705061654,7.442933151691,0.573699188451595,"2017-2018","middle"
"sample_073","sample_073",17,"2",2018,2018-02-17,"11:13","14:13","Wilhelmina Bay",-64.642,-62.16,"Quixote Expeditions",14.9,73,2.11806526529691,2.82219403828944,0.755365711536723,41,1.66521034098111,3.2654291949265,0.670537061473912,16,1.05847448544992,18.6257007047735,0.556849451353335,"2017-2018","middle"
"sample_031","sample_031",18,"2",2018,2018-02-18,"12:19","15:19","Danco Island",-64.746,-62.622,"Quixote Expeditions",12.87,51,1.78287059431064,3.08335222134995,0.590648691342462,34,1.52547819212683,3.61224141322563,0.544750059864797,17,1.1460704105401,8.4060315404629,0.452367698299547,"2017-2018","middle"
"sample_062","sample_062",18,"2",2018,2018-02-18,"19:28","22:28","Paradise Harbour",-64.912,-62.862,"Quixote Expeditions",10.84,78,2.08111455416679,2.83954748275525,0.632866491220766,44,1.51583007005354,3.64414473852435,0.509087902439348,19,0.760498597246963,-2.777762388453,0.278498864945565,"2017-2018","middle"
"sample_086","sample_086",19,"2",2018,2018-02-19,"12:00","15:00","Stonington Island",-68.186,-66.997,"",NA,66,2.29325835259148,2.76304953033015,0.824489208085606,40,2.09312930875641,2.83368353042495,0.789762475572237,19,1.72497109865773,3.16386376320806,0.741703161537275,"2017-2018","southern"
"sample_048","sample_048",20,"2",2018,2018-02-20,"17:46","20:46","Neko Harbour",-64.851,-62.542,"Lindblad Expeditions",14.9,50,2.99864590450438,2.7306072530582,0.91204039559816,31,2.55918258539233,2.72343889070659,0.85976760502235,6,1.03958879545754,26.7761032577703,0.572480225546245,"2017-2018","middle"
"sample_087","sample_087",28,"2",2018,2018-02-28,"9:09","12:09","Stonington Island",-68.186,-66.997,"G Adventures",5.42,52,2.02526648894742,2.86986365716615,0.735391925671094,35,1.82475609056062,3.03394667535355,0.706499384226327,20,1.41331175183685,4.08547515855386,0.626234637961024,"2017-2018","southern"
"sample_067","sample_067",1,"3",2018,2018-03-01,"15:57","18:57","Petermann Island",-65.173,-64.116,"G Adventures",7.04,62,3.66445007480648,2.82167657821092,0.964128005101909,38,3.18672540158976,2.7495619130855,0.941019972612319,16,2.52543909007585,2.72603448876671,0.904319854105191,"2017-2018","middle"
"sample_020","sample_020",2,"3",2018,2018-03-02,"9:35","12:35","Cuverville Island",-64.671,-62.611,"Polar Latitudes",12.68,131,2.99995314241291,2.73071385168744,0.874193017970048,62,2.37936188725591,2.74489285334879,0.776831097321708,22,1.49931442409344,3.70193822836704,0.522975190869986,"2017-2018","middle"
"sample_063","sample_063",3,"3",2018,2018-03-03,"9:25","12:25","Paradise Harbour",-64.912,-62.862,"Polar Latitudes",10.97,71,1.01925880091758,53.4323217986221,0.30674145206857,43,0.671805284020685,-1.68885792964016,0.198665086402816,13,0.190144384412707,-0.114546771158956,0.0561711428627727,"2017-2018","middle"
"sample_068","sample_068",9,"3",2018,2018-03-09,"15:06","18:06","Petermann Island",-65.173,-64.116,"G Adventures",5.42,73,3.61821648246061,2.81358423133762,0.958585455304191,45,3.19912261457063,2.75104223793467,0.939956102375892,16,2.32145098398473,2.75643777423155,0.855737978164847,"2017-2018","middle"
"sample_049","sample_049",10,"3",2018,2018-03-10,"14:20","17:20","Neko Harbour",-64.851,-62.542,"G Adventures",7.31,91,3.46332903030267,2.78799277623631,0.950474281389678,50,3.00980434041032,2.73152956528333,0.924648324037795,15,1.94619324592275,2.922759404933,0.789684952357123,"2017-2018","middle"
"sample_064","sample_064",10,"3",2018,2018-03-10,"9:30","12:30","Paradise Harbour",-64.912,-62.862,"G Adventures",4.06,106,2.5006236865447,2.72832959614919,0.798393785552049,60,1.88497629800999,2.97354623896987,0.703251795500616,13,0.548953976056526,-0.91531890446942,0.19995466897027,"2017-2018","middle"
"sample_021","sample_021",11,"3",2018,2018-03-11,"9:00","12:00","Cuverville Island",-64.671,-62.611,"G Adventures",14.49,113,2.65256988681864,2.71910937915223,0.799201978991967,66,2.13967252505384,2.81294244699621,0.732565728568561,24,0.962430714701722,-25.13320148919,0.374391573227761,"2017-2018","middle"
"sample_022","sample_022",17,"3",2018,2018-03-17,"14:20","17:20","Cuverville Island",-64.671,-62.611,"G Adventures",11.99,99,1.73672418472224,3.14623555308377,0.624466594565285,58,1.30994869314047,4.85187798831264,0.543588139403124,17,0.222770816111255,-0.148354468904515,0.0672523921215349,"2017-2018","middle"
"sample_050","sample_050",17,"3",2018,2018-03-17,"9:00","12:00","Neko Harbour",-64.851,-62.542,"G Adventures",NA,113,3.18372297988856,2.74920730089915,0.901339212591661,66,2.618578461629,2.72022907346377,0.854183789250282,19,1.06687430375624,16.4811090848337,0.429460971526484,"2017-2018","middle"
"sample_069","sample_069",18,"3",2018,2018-03-18,"14:40","17:40","Petermann Island",-65.173,-64.116,"G Adventures",6.5,110,3.69109154270773,2.82642524270099,0.94883254992705,68,3.1929692290126,2.7503042489143,0.922109220751943,24,2.61099849715835,2.72054756360892,0.887533873843655,"2017-2018","middle"
"sample_129","sample_129",11,"11",2018,2018-11-11,"12:07","15:07","Orne Harbour",-64.638,-62.534,"Hurtigruten Expeditions",22.29,42,2.26413508148969,2.77062526284726,0.806824316296711,27,2.00809429469945,2.88028421851091,0.762754457069607,22,1.93684340561193,2.92990766501415,0.755060844276061,"2018-2019","middle"
"sample_093","sample_093",12,"11",2018,2018-11-12,"16:04","19:04","Cuverville Island",-64.671,-62.611,"Hurtigruten Expeditions",NA,43,2.20174917144969,2.78966518935089,0.803087543991082,30,2.08002880036287,2.84008828581277,0.792253149626207,21,2.00089726354436,2.88481781203972,0.785449050548991,"2018-2019","middle"
"sample_094","sample_094",22,"11",2018,2018-11-22,"11:24","14:24","Cuverville Island",-64.671,-62.611,"Hurtigruten Expeditions",15.31,72,2.53430908834219,2.7252948901864,0.807386359874987,40,2.21361342790348,2.78572916994567,0.773590246769906,23,1.87831214183961,2.97968095634851,0.727240385766345,"2018-2019","middle"
"sample_095","sample_095",28,"11",2018,2018-11-28,"9:36","12:36","Cuverville Island",-64.671,-62.611,"Polar Latitudes",19.37,76,2.73254109604445,2.71831890405917,0.843136415336983,46,2.30694264327787,2.75975457167244,0.792526180797226,24,1.83831495510081,3.01932638096867,0.72687239298243,"2018-2019","middle"
"sample_096","sample_096",5,"12",2018,2018-12-05,"17:13","20:13","Cuverville Island",-64.671,-62.611,"Hurtigruten Expeditions",17.74,114,2.89276461301793,2.72333848617288,0.887716161954947,66,2.5120200221972,2.72723361029274,0.862073949258346,32,2.06816713976754,2.84611680963299,0.817868030601997,"2018-2019","middle"
"sample_088","sample_088",8,"12",2018,2018-12-08,"8:31","11:31","Cierva Cove",-64.156,-60.873,"G Adventures",10.16,113,1.63478289588999,3.32604191603505,0.494821477909472,52,1.10591381511152,10.9853195271665,0.373925618621412,23,0.596899504659227,-1.15676738346093,0.219886971301341,"2018-2019","middle"
"sample_112","sample_112",8,"12",2018,2018-12-08,"16:00","19:00","Cierva Cove",-64.156,-60.873,"Polar Latitudes",10.84,76,2.32550237042414,2.75554322268754,0.750059412439058,43,1.81562459695325,3.0441560620616,0.672057949773931,20,1.25615795643945,5.50806785504379,0.545971712007889,"2018-2019","middle"
"sample_114","sample_114",9,"12",2018,2018-12-09,"8:45","11:45","Neko Harbour",-64.851,-62.542,"G Adventures",13.98,120,3.42159117995949,2.7815424149937,0.942298462784956,72,3.07042198766939,2.73701275821863,0.919144277118019,31,2.31921566379832,2.75693719411697,0.855182473039161,"2018-2019","middle"
"sample_136","sample_136",9,"12",2018,2018-12-09,"15:32","18:32","Paradise Harbour",-64.912,-62.862,"G Adventures",10.97,71,1.05773372965033,18.8448169609782,0.330330337785709,49,0.822594350692929,-4.21212322109293,0.267975731105442,22,0.652955618702041,-1.53187464302355,0.22942194372596,"2018-2019","middle"
"sample_097","sample_097",10,"12",2018,2018-12-10,"10:36","13:36","Cuverville Island",-64.671,-62.611,"Polar Latitudes",16.25,133,3.04971445203517,2.73505225840124,0.899030613312561,77,2.65627140171707,2.7190170410692,0.871298892016836,31,2.09364385002121,2.83343727401703,0.813817859217186,"2018-2019","middle"
"sample_130","sample_130",10,"12",2018,2018-12-10,"15:26","18:26","Orne Harbour",-64.638,-62.534,"Polar Latitudes",13.07,110,2.8340088493144,2.72058164177179,0.893416433718015,67,2.57478607266464,2.72243328887504,0.877628733631335,29,2.15035749340088,2.80859679744452,0.844037864377202,"2018-2019","middle"
"sample_106","sample_106",13,"12",2018,2018-12-13,"15:41","18:41","Danco Island",-64.746,-62.622,"Polar Latitudes",11.92,113,2.82815485213969,2.72036186445579,0.884119148090596,68,2.552634147982,2.72389691899762,0.866168007324703,28,2.00514136497329,2.88213222391159,0.804075701504232,"2018-2019","middle"
"sample_115","sample_115",14,"12",2018,2018-12-14,"9:10","12:10","Neko Harbour",-64.851,-62.542,"Polar Latitudes",8.26,93,2.9965369945035,2.73043610051752,0.914030273878543,54,2.40291008662569,2.74091870407728,0.849171875608146,23,1.79046673284693,3.07388753702027,0.753655503940725,"2018-2019","middle"
"sample_131","sample_131",15,"12",2018,2018-12-15,"15:28","18:28","Orne Harbour",-64.638,-62.534,"Polar Latitudes",12.87,66,0.953739153592629,-20.1359182450339,0.33782838732474,39,0.846550641098629,-5.08178614359817,0.317158922952725,18,0.739601808444548,-2.45190834448585,0.295057975213084,"2018-2019","middle"
"sample_107","sample_107",16,"12",2018,2018-12-16,"8:50","11:50","Danco Island",-64.746,-62.622,"G Adventures",9.39,78,2.89895569145254,2.72368501953976,0.893947690779852,52,2.47717610347399,2.73081639637391,0.85327655046847,18,1.73950349420503,3.14216828097406,0.75155400236466,"2018-2019","middle"
"sample_116","sample_116",16,"12",2018,2018-12-16,"14:26","17:26","Neko Harbour",-64.851,-62.542,"G Adventures",9.29,94,2.81446374646369,2.71988847826989,0.888256285994297,56,2.34959178043612,2.75050029552116,0.830252546146877,26,1.9471509269609,2.92203879018704,0.788286419702225,"2018-2019","middle"
"sample_098","sample_098",24,"12",2018,2018-12-24,"16:28","19:28","Cuverville Island",-64.671,-62.611,"Polar Latitudes",11.92,128,2.61111728543126,2.72054237370473,0.827262882483292,75,2.26548805203225,2.77025577086893,0.794541429319714,30,1.81514098296248,3.0447051441582,0.729642994985249,"2018-2019","middle"
"sample_099","sample_099",25,"12",2018,2018-12-25,"8:46","11:46","Cuverville Island",-64.671,-62.611,"G Adventures",12.18,80,2.34945627529749,2.75052736894284,0.804740769235946,52,2.08861263957315,2.83586223405232,0.77449033652444,20,1.61260186116251,3.374710572586,0.686261040587709,"2018-2019","middle"
"sample_132","sample_132",25,"12",2018,2018-12-25,"15:40","18:40","Orne Harbour",-64.638,-62.534,"Polar Latitudes",14.9,109,2.68447533819846,2.71849649514303,0.856543676040492,57,2.30634764050313,2.75989443666293,0.827539560347579,24,1.87403891464726,2.98368253635621,0.770156935769593,"2018-2019","middle"
"sample_138","sample_138",25,"12",2018,2018-12-25,"15:08","18:08","Paradise Harbour",-64.912,-62.862,"G Adventures",6.04,78,0.955114682962448,-20.7977880582449,0.316968491976973,50,0.802023952602884,-3.6353710719478,0.281328750667696,25,0.628634301288668,-1.35421528102504,0.235752836598763,"2018-2019","middle"
"sample_139","sample_139",26,"12",2018,2018-12-26,"11:46","14:46","Paradise Harbour",-64.912,-62.862,"Quixote Expeditions",13.54,78,0.87032643990653,-6.2664392262261,0.29369617041575,48,0.803200636070292,-3.66506014509925,0.280836309120208,26,0.714934642603435,-2.13054536324958,0.260720787783,"2018-2019","middle"
"sample_117","sample_117",28,"12",2018,2018-12-28,"14:37","17:37","Neko Harbour",-64.851,-62.542,"G Adventures",11.92,104,2.03406644791973,2.8647331705512,0.651271716294994,63,1.46907295707655,3.81942905443747,0.49681322968808,25,0.920657167601472,-11.1368626843935,0.362693961295679,"2018-2019","middle"
"sample_144","sample_144",31,"12",2018,2018-12-31,"15:38","18:38","Wilhelmina Bay",-64.642,-62.16,"Hurtigruten Expeditions",15.03,76,1.22439163323019,6.0480481538796,0.414908552290665,48,0.936832379003019,-14.3573854647116,0.336228708770638,20,0.515284862184373,-0.77716040738611,0.199870904412794,"2018-2019","middle"
"sample_148","sample_148",6,"1",2019,2019-01-06,"18:05","21:05","Enterprise Island",-64.539,-61.98,"Quixote Expeditions",12.54,87,1.5852778698886,3.44057402470432,0.660400330135116,49,1.28099758863007,5.17283974593037,0.60498274893062,21,0.899076286778655,-8.45096660936473,0.537680975455654,"2018-2019","middle"
"sample_118","sample_118",9,"1",2019,2019-01-09,"19:20","22:20","Neko Harbour",-64.851,-62.542,"Hurtigruten",5.66,81,1.9214588750152,2.94212801478206,0.67583943804371,52,1.55636802471366,3.51836944281915,0.60122157149568,18,0.819608034694653,-4.12010209497058,0.323057702085577,"2018-2019","middle"
"sample_149","sample_149",11,"1",2019,2019-01-11,"15:20","18:20","Enterprise Island",-64.539,-61.98,"Hurtigruten Expeditions",9.79,92,1.73757340770476,3.14498874845345,0.607340286726507,43,1.23257209693896,5.89456573753951,0.496711857274005,18,0.65081319508384,-1.51516590742417,0.290934917367102,"2018-2019","middle"
"sample_150","sample_150",12,"1",2019,2019-01-12,"9:32","12:32","Enterprise Island",-64.539,-61.98,"Quixote Expeditions",12.19,84,1.87969825946443,2.97839440943828,0.664442486454118,44,1.41848412733062,4.05757903679195,0.551846256876674,17,0.649699759569319,-1.50656787506323,0.282539069838328,"2018-2019","middle"
"sample_145","sample_145",18,"1",2019,2019-01-18,"15:12","18:12","Wilhelmina Bay",-64.642,-62.16,"Hurtigruten Expeditions",11.01,21,0.987567730255161,-78.9410217532115,0.433279056001497,14,0.830028496623687,-4.45544648441782,0.394260898103083,6,0.70085206952287,-1.97168497553725,0.366481240539755,"2018-2019","middle"
"sample_089","sample_089",19,"1",2019,2019-01-19,"10:42","13:42","Cierva Cove",-64.156,-60.873,"Polar Latitudes",NA,58,2.81449410948463,2.71988946442489,0.869818362656509,36,2.10288627301643,2.82908068262806,0.700123782587025,13,0.835690453054984,-4.6557347779945,0.338822620056618,"2018-2019","middle"
"sample_100","sample_100",19,"1",2019,2019-01-19,"18:55","21:55","Cuverville Island",-64.671,-62.611,"Quixote Expeditions",5.15,61,1.63472659713282,3.32616042784164,0.585714681646716,42,1.46126791231387,3.85249303226536,0.55656129223878,20,1.21701627055419,6.19655163723171,0.499536644241433,"2018-2019","middle"
"sample_108","sample_108",19,"1",2019,2019-01-19,"11:00","14:00","Danco Island",-64.746,-62.622,"Hurtigruten Expeditions",8.68,53,1.42901203560193,4.00302185091002,0.523682290628376,34,1.28997261628414,5.06624616433146,0.500188652868589,15,1.13284376599756,9.0822895150477,0.471164077835915,"2018-2019","middle"
"sample_119","sample_119",21,"1",2019,2019-01-21,"9:29","12:29","Neko Harbour",-64.851,-62.542,"Antarctica21",10.84,55,1.16609017489812,7.58894526162154,0.400071342033984,36,0.931872084485886,-13.2068559294917,0.343216175526788,14,0.580238955739026,-1.06599794317976,0.238115898858374,"2018-2019","middle"
"sample_146","sample_146",21,"1",2019,2019-01-21,"16:00","19:00","Wilhelmina Bay",-64.642,-62.16,"Antarctica21",7.45,49,2.01649368247103,2.87511848483334,0.782327992892907,31,1.50817871363855,3.6704028616509,0.655161432035244,7,0.491237122991001,-0.691077019626951,0.218424019740472,"2018-2019","middle"
"sample_159","sample_159",22,"1",2019,2019-01-22,"18:54","21:54","Petermann Island",-65.173,-64.116,"Quixote Expeditions",5.82,107,2.23573158854701,2.77879579995428,0.808173803598011,56,2.00459808094897,2.88247405255212,0.789254993605751,27,1.87645367862186,2.98141469960028,0.778865744785271,"2018-2019","middle"
"sample_101","sample_101",26,"1",2019,2019-01-26,"14:35","17:35","Cuverville Island",-64.671,-62.611,"G Adventures",12.41,48,1.0937147082581,12.2093774702563,0.374242007744926,31,0.801934479147019,-3.63312824041127,0.291414196979763,12,0.24685548833255,-0.17645741696963,0.0771042204563945,"2018-2019","middle"
"sample_109","sample_109",26,"1",2019,2019-01-26,"9:05","12:05","Danco Island",-64.746,-62.622,"G Adventures",8.89,49,1.18446212078782,6.99669656496487,0.419267952984198,32,0.854772265466005,-5.44717796804219,0.32984752992585,12,0.207787578289712,-0.132244414135281,0.0669314380808433,"2018-2019","middle"
"sample_158","sample_158",26,"1",2019,2019-01-26,"9:30","12:30","Pleneau Bay",-65.089,-64.046,"Antarctica21",6.77,86,2.20418809474733,2.78884336491703,0.821004594988764,46,1.94244054524083,2.92560373740258,0.789655611242406,24,1.82064992547616,3.03850059489294,0.779377786812542,"2018-2019","middle"
"sample_120","sample_120",27,"1",2019,2019-01-27,"8:50","11:50","Neko Harbour",-64.851,-62.542,"G Adventures",9.56,71,2.18296105227563,2.79622226755145,0.67515703379003,46,1.70805637477807,3.19050510709849,0.567810955311489,18,0.898924226632053,-8.43612484354275,0.340721268109203,"2018-2019","middle"
"sample_121","sample_121",27,"1",2019,2019-01-27,"14:48","17:48","Neko Harbour",-64.851,-62.542,"Antarctica21",11.51,69,1.20852319501265,6.38082812637182,0.373830373337841,48,0.85788980919779,-5.59689432804243,0.269948654441114,18,0.422727193091145,-0.490956245886492,0.141691457175929,"2018-2019","middle"
"sample_140","sample_140",27,"1",2019,2019-01-27,"11:45","14:45","Paradise Harbour",-64.912,-62.862,"Antarctica21",7.45,101,2.51769760306469,2.72671434279064,0.802992949691188,48,1.99393416092114,2.88930049592674,0.742355221466553,19,1.10470397422666,11.093922386298,0.448210749873451,"2018-2019","middle"
"sample_151","sample_151",28,"1",2019,2019-01-28,"16:40","19:40","Enterprise Island",-64.539,-61.98,"Antarctica21",11.51,55,1.80160904422002,3.06042076550314,0.612446465274831,33,1.40796442949554,4.115110415342,0.531413212217976,10,0.589208481419731,-1.11386787464457,0.267771013405103,"2018-2019","middle"
"sample_154","sample_154",28,"1",2019,2019-01-28,"11:30","14:30","Brown Bluff",-63.52,-56.873,"Hurtigruten Expeditions",28.17,86,2.27983956763109,2.76644281856751,0.816367294484499,48,2.16945524862579,2.80119070520369,0.808910122853315,25,2.02783279205976,2.86835308774179,0.796225096921574,"2018-2019","northern"
"sample_152","sample_152",1,"2",2019,2019-02-01,"13:06","16:06","Enterprise Island",-64.539,-61.98,"Quixote Expeditions",9.07,68,0.942590975792803,-15.9429249887748,0.294767984127473,37,0.635401170562481,-1.40110908737155,0.210944322343076,14,0.317627490310582,-0.276950159522142,0.118968118334819,"2018-2019","middle"
"sample_155","sample_155",1,"2",2019,2019-02-01,"10:00","13:00","Eden Rocks",-63.495,-55.702,"Antarctica21",25.73,92,2.33346745194794,2.75382398258762,0.834550612066111,53,2.2216598342765,2.78314695985951,0.826030138199886,29,2.10056570965083,2.83016271159083,0.816990654893654,"2018-2019","northern"
"sample_102","sample_102",2,"2",2019,2019-02-02,"14:22","17:22","Cuverville Island",-64.671,-62.611,"Quixote Expeditions",13,58,2.47214024629867,2.73139233879156,0.812384695072015,40,2.14306121095028,2.81154817833683,0.770145735224886,16,1.33957428887063,4.58206166158376,0.558894746220657,"2018-2019","middle"
"sample_103","sample_103",3,"2",2019,2019-02-03,"8:48","11:48","Cuverville Island",-64.671,-62.611,"G Adventures",10.33,52,2.89036464639987,2.723206935404,0.888036363636364,37,2.4507170719477,2.73401376215673,0.819945475897897,14,1.58859695147343,3.43219792915949,0.609992238076364,"2018-2019","middle"
"sample_122","sample_122",3,"2",2019,2019-02-03,"14:55","17:55","Neko Harbour",-64.851,-62.542,"G Adventures",12.14,79,3.50540599353994,2.79469684853322,0.952201345585093,46,3.00455826215661,2.73109245546136,0.914569853976662,16,1.72845714751691,3.15856168548412,0.683080515263957,"2018-2019","middle"
"sample_156","sample_156",3,"2",2019,2019-02-03,"16:03","19:03","Halfmoon Island",-62.595,-59.974,"Antarctica21",9.48,54,0.467793620674546,-0.615738241354859,0.17442661948791,34,0.418877477428329,-0.481370531300984,0.164415871737468,15,0.357444571609739,-0.347446799232743,0.150789663845846,"2018-2019","shetlands"
"sample_160","sample_160",3,"2",2019,2019-02-03,"14:39","17:39","Petermann Island",-65.173,-64.116,"Quixote Expeditions",2.71,81,2.47556016627633,2.73099956752302,0.792957665696927,46,1.9669606825902,2.90759950479484,0.708470383343502,21,2.14798708481812,2.80954810743473,0.837156746226832,"2018-2019","middle"
"sample_141","sample_141",5,"2",2019,2019-02-05,"10:46","13:46","Paradise Harbour",-64.912,-62.862,"Polar Latitudes",9.48,92,1.74690642742138,3.1315183085184,0.589015927486589,57,1.40760446547403,4.11713519596957,0.526334109879923,20,0.327520860922184,-0.293423961285219,0.106400747879398,"2018-2019","middle"
"sample_133","sample_133",10,"2",2019,2019-02-10,"9:54","12:54","Orne Harbour",-64.638,-62.534,"Polar Latitudes",8.94,63,1.616333419167,3.36623736948296,0.595177830944514,35,1.04060655177412,26.1434194857912,0.46504203499352,9,0.195833834486711,-0.120107442004042,0.0624550675661135,"2018-2019","middle"
"sample_143","sample_143",11,"2",2019,2019-02-11,"17:00","20:00","Paradise Harbour",-64.912,-62.862,"Hurtigruten Expeditions",9.41,93,0.892496164648874,-7.84728858834381,0.2822754134669,44,0.646599555581589,-1.482930925985,0.224487206561872,18,0.192622332608319,-0.116951757919877,0.0591680502709714,"2018-2019","middle"
"sample_110","sample_110",12,"2",2019,2019-02-12,"8:53","11:53","Danco Island",-64.746,-62.622,"G Adventures",12.54,70,2.71772006938553,2.7182818865255,0.852265495089106,43,2.11681937826769,2.82274699536425,0.764972530006562,12,0.761494643041028,-2.79476147205136,0.292061578130743,"2018-2019","middle"
"sample_123","sample_123",12,"2",2019,2019-02-12,"15:00","18:00","Neko Harbour",-64.851,-62.542,"G Adventures",9.16,82,3.32538454706791,2.76749764652801,0.932656120012294,49,2.90248218954712,2.72388700178332,0.8841718153596,14,2.01141085357277,2.87822854332925,0.804719863195417,"2018-2019","middle"
"sample_124","sample_124",15,"2",2019,2019-02-15,"10:27","13:27","Neko Harbour",-64.851,-62.542,"Polar Latitudes",10.97,62,3.00240860093592,2.7309151281133,0.914283113615842,42,2.5969909261797,2.72120455675652,0.854494354706904,14,1.4349303099493,3.97359624964728,0.597998725043403,"2018-2019","middle"
"sample_161","sample_161",17,"2",2019,2019-02-17,"15:25","18:25","Petermann Island",-65.173,-64.116,"G Adventures",NA,76,2.77992846038655,2.71895535978837,0.882352084677912,45,2.18056177168718,2.79708904200382,0.75304501892114,18,2.39145788540318,2.74280213340822,0.894863758242594,"2018-2019","middle"
"sample_090","sample_090",18,"2",2019,2019-02-18,"16:15","19:15","Cierva Cove",-64.156,-60.873,"Polar Latitudes",15.58,41,1.24221227266279,5.72728132142464,0.417964325563937,25,1.08325871767481,13.5451650500493,0.386444751931544,13,0.810612721998477,-3.86070641525198,0.307029067084386,"2018-2019","middle"
"sample_111","sample_111",19,"2",2019,2019-02-19,"17:06","20:06","Danco Island",-64.746,-62.622,"Hurtigruten Expeditions",16.12,91,2.70588850036543,2.71831029686188,0.846780479271411,45,1.94955960506221,2.92023573095158,0.747689493765889,15,0.654468757497247,-1.54380805872095,0.235952714718024,"2018-2019","middle"
"sample_091","sample_091",20,"2",2019,2019-02-20,"18:55","21:55","Cierva Cove",-64.156,-60.873,"Cheesemans Safaris",NA,33,1.38834559050023,4.23130558904628,0.512487345210933,21,1.22555250366121,6.02557581111641,0.482530040800545,11,0.993064285859642,-142.684151348703,0.421404300771584,"2018-2019","middle"
"sample_125","sample_125",20,"2",2019,2019-02-20,"16:09","19:09","Neko Harbour",-64.851,-62.542,"Polar Latitudes",18.96,120,3.15087107274615,2.74542901106194,0.89993753121839,65,2.65535471084511,2.71903938003197,0.865683601141846,19,1.00031608232668,3165.23285445965,0.346486314934264,"2018-2019","middle"
"sample_157","sample_157",20,"2",2019,2019-02-20,"10:45","13:45","Mikkelson Harbour",-63.896,-60.776,"Antarctica21",20.18,28,0.646988383864522,-1.48587128329078,0.234721837929894,20,0.612872446716172,-1.25178593366801,0.22778438112511,15,0.537903001165305,-0.867477708211119,0.20787887796837,"2018-2019","middle"
"sample_104","sample_104",21,"2",2019,2019-02-21,"16:15","19:15","Cuverville Island",-64.671,-62.611,"Cheesemans Safaris",10.16,64,1.94697737294214,2.92216922460144,0.696274141028161,40,1.47499676333752,3.79512355311808,0.583400513909241,12,0.449443189158909,-0.561982542491608,0.20910476225205,"2018-2019","middle"
"sample_147","sample_147",21,"2",2019,2019-02-21,"9:58","12:58","Wilhelmina Bay",-64.642,-62.16,"Cheesemans Safaris",9.21,50,0.534951898695067,-0.855131603202127,0.169271434602626,30,0.326889453234314,-0.29235286532112,0.109125667009236,12,0.0686328070787878,-0.0256189626972447,0.018434296427836,"2018-2019","middle"
"sample_134","sample_134",22,"2",2019,2019-02-22,"8:47","11:47","Orne Harbour",-64.638,-62.534,"Cheesemans Safaris",11.24,52,0.883549987170715,-7.13648710847945,0.299675818016012,29,0.512231268000291,-0.765691033035898,0.175939531552727,6,0.122136079165954,-0.0580875816593736,0.0419726330369773,"2018-2019","middle"
"sample_142","sample_142",24,"2",2019,2019-02-24,"17:56","20:56","Paradise Harbour",-64.912,-62.862,"Cheesemans Safaris",9.48,76,0.572582122554251,-1.0268705849757,0.180263916956348,44,0.397224919759719,-0.430245108832615,0.134462369245907,12,0.0413006703628932,-0.0129596078624378,0.00989654864807588,"2018-2019","middle"
"sample_135","sample_135",25,"2",2019,2019-02-25,"12:00","15:00","Orne Harbour",-64.638,-62.534,"Polar Latitudes",NA,48,0.6459427204041,-1.47797946979854,0.215680249827526,29,0.401211732692425,-0.439315316431573,0.134545759918782,10,0.0935410259069409,-0.0394795290798517,0.0263483486332033,"2018-2019","middle"
"sample_153","sample_153",25,"2",2019,2019-02-25,"14:35","17:35","Enterprise Island",-64.539,-61.98,"Cheesemans Safaris",10.84,58,2.04942128983415,2.85610758230296,0.735173921601388,31,1.45063673748704,3.89953397916361,0.600423476316738,9,0.20065143308119,-0.124924154532301,0.0642827662122532,"2018-2019","middle"
"sample_113","sample_113",26,"2",2019,2019-02-26,"17:57","20:57","Danco Island",-64.746,-62.622,"Cheesemans",14.22,100,2.23342177724946,2.77949588454421,0.724386419759593,53,1.56647630076474,3.49014288076453,0.564161770536986,17,0.364593966986585,-0.361352288681447,0.111323325086811,"2018-2019","middle"
"sample_092","sample_092",27,"2",2019,2019-02-27,"15:00","18:00","Cierva Cove",-64.156,-60.873,"Polar Latitudes",NA,47,1.46534316031947,3.83507878677472,0.490110596902524,30,1.10188864928875,11.3566723805862,0.397244134416521,12,0.63550887130278,-1.40187049677794,0.243952888812575,"2018-2019","middle"
"sample_162","sample_162",28,"2",2019,2019-02-28,"10:15","13:15","Petermann Island",-65.173,-64.116,"Cheesemans Safaris",12.19,63,2.76449442919253,2.71866381534368,0.900042780153007,41,2.39289892994645,2.74256005445491,0.861726729074601,18,2.13099643348801,2.81658141959703,0.8454300342572,"2018-2019","middle"
"sample_164","sample_164",5,"3",2019,2019-03-05,"13:00","16:00","Neko Harbour",-64.851,-62.542,"Belgica 121",11.65,99,1.56015815821662,3.50765075892098,0.48062914586864,57,1.16421960463419,7.65677069339256,0.386029215676154,20,0.376076899184715,-0.384551790995011,0.12288870926727,"2018-2019","middle"
"sample_105","sample_105",6,"3",2019,2019-03-06,"15:40","18:40","Cuverville Island",-64.671,-62.611,"Polar Latitudes",14.9,74,1.71289481048586,3.18272603750241,0.581869081699853,47,1.05459947480029,19.8378224791327,0.378305388463737,12,0.12029109360382,-0.056798933916992,0.0330264638429367,"2018-2019","middle"
"sample_165","sample_165",7,"3",2019,2019-03-07,"12:15","15:15","Andvord Bay Transect Station 1 Useful",-64.725,-62.858,"Belgica 121",13.14,75,1.10304563123195,11.2469477379193,0.347681672878874,43,0.777982456701568,-3.09889828661925,0.257152504357968,17,0.425167708751669,-0.497114272422164,0.146410587857842,"2018-2019","middle"
"sample_126","sample_126",8,"3",2019,2019-03-08,"16:43","19:43","Neko Harbour",-64.851,-62.542,"Polar Latitudes",17.2,76,2.56217902364292,2.72323646336468,0.828267179841288,50,2.1017933169575,2.8295893253394,0.69022727675941,18,0.664474759402728,-1.62559297211078,0.220788472550572,"2018-2019","middle"
"sample_127","sample_127",10,"3",2019,2019-03-10,"14:26","17:26","Neko Harbour",-64.851,-62.542,"G Adventures",15.67,70,3.02942584234395,2.73321845631148,0.910125618688493,42,2.76505815869515,2.71867305981029,0.888961574987216,12,1.37008102671348,4.35126096981332,0.558005516040064,"2018-2019","middle"
"sample_166","sample_166",10,"3",2019,2019-03-10,"9:00","12:00","Paradise Harbour",-64.912,-62.862,"Belgica 121",10.29,92,1.14309609138449,8.54712306658037,0.363529153762386,54,0.785220959278164,-3.24753114901875,0.265650124729118,16,0.185444462870225,-0.110056071938853,0.0544372656902468,"2018-2019","middle"
"sample_163","sample_163",11,"3",2019,2019-03-11,"15:50","18:50","Petermann Island",-65.173,-64.116,"G Adventures",8.26,54,2.56116561146418,2.72330442536582,0.858577320184195,36,2.1857841161606,2.79521104593883,0.799396120571064,16,1.74775193447463,3.13031868017217,0.743245340838074,"2018-2019","middle"
"sample_167","sample_167",13,"3",2019,2019-03-13,"18:30","21:30","Petermann Island",-65.173,-64.116,"Belgica 121",NA,60,2.58742177054253,2.72170548097634,0.846859096206853,41,2.5459912703147,2.72438372206475,0.863035864439602,16,1.82749078157617,3.03094678876754,0.76695475,"2018-2019","middle"
"sample_128","sample_128",19,"3",2019,2019-03-19,"8:44","11:44","Neko Harbour",-64.851,-62.542,"G Adventures",15.73,69,1.99444502504854,2.88896834418793,0.639367857447137,46,1.43071151806586,3.99448302771085,0.46515006096747,17,0.76586632664072,-2.8711269850175,0.287713970295647,"2018-2019","middle"
"sample_200","sample_200",6,"11",2019,2019-11-06,"15:46","18:46","Yankee Harbour",-62.524,-59.778,"Hurtigruten Expeditions",13.82,37,1.59551145926917,3.41509151992639,0.641803150426125,27,1.53734989807068,3.57473278409809,0.634911004900766,19,1.38752307019457,4.23645044495571,0.609510200716158,"2019-2020","shetlands"
"sample_198","sample_198",7,"11",2019,2019-11-07,"17:27","20:27","Wilhelmina Bay",-64.642,-62.16,"Hurtigruten Expeditions",21.87,52,1.20827556526315,6.38643059001134,0.420428679086634,33,1.02823790521993,36.9251246676797,0.380314681878009,17,0.81868308753632,-4.09222418060666,0.333160219787009,"2019-2020","middle"
"sample_187","sample_187",8,"11",2019,2019-11-08,"9:30","12:30","Orne Harbour",-64.638,-62.534,"Hurtigruten Expeditions",17.6,144,2.01408783213658,2.87658450938624,0.632517572270793,78,2.71055359530349,2.71829286666079,0.856394709582736,34,2.14921008418459,2.80905638403345,0.74714624452861,"2019-2020","middle"
"sample_188","sample_188",8,"11",2019,2019-11-08,"10:25","13:25","Orne Harbour",-64.638,-62.534,"Hurtigruten Expeditions",17.6,35,1.49185884676488,3.72943369466025,0.590135063212158,26,1.43546485539354,3.97098085033108,0.582453542271993,16,1.35552872584945,4.45616778026534,0.570833532032862,"2019-2020","middle"
"sample_189","sample_189",8,"11",2019,2019-11-08,"14:15","17:15","Orne Harbour",-64.638,-62.534,"Hurtigruten Expeditions",NA,39,1.3515169420154,4.48669657646178,0.504780067342433,26,1.24838755833796,5.62709938174638,0.487493939648296,16,1.12313312358133,9.67199219366359,0.462959238288323,"2019-2020","middle"
"sample_175","sample_175",9,"11",2019,2019-11-09,"9:45","12:45","Halfmoon Island",-62.595,-59.974,"Hurtigruten Expeditions",9.075,47,1.64700369769771,3.30088845186289,0.628634587997311,33,1.57107630990518,3.47767192326474,0.619055206286873,20,1.36274217080604,4.40305879812623,0.581263825774778,"2019-2020","shetlands"
"sample_176","sample_176",16,"11",2019,2019-11-16,"9:50","12:50","Halfmoon Island",-62.595,-59.974,"Hurtigruten Expeditions",NA,40,1.4917165538932,3.72996738117304,0.534554687931717,25,1.26426048981663,5.39159338686,0.488434249944116,16,1.15799838349611,7.89402709110016,0.4679306888098,"2019-2020","shetlands"
"sample_190","sample_190",17,"11",2019,2019-11-17,"1:12","4:12","Orne Harbour",-64.638,-62.534,"Hurtigruten Expeditions",14.9,74,2.21868052326979,2.78409496273688,0.776695272581036,41,2.01712240042102,2.87473715428874,0.757964446094012,22,1.85986183265222,2.99734928952569,0.741328670379719,"2019-2020","middle"
"ManifestSample_115","ManifestSample_115",4,"12",2019,2019-12-04,"19:40","22:40","Danco Island",-64.746,-62.622,"Hurtigruten Expeditions",NA,78,1.97034544993268,2.90521917402174,0.716606424163217,50,1.840838402759,3.01667434615631,0.702249944182724,27,1.70315700857464,3.19851546951894,0.685504602331202,"2019-2020","middle"
"sample_172","sample_172",5,"12",2019,2019-12-05,"15:50","18:50","Cuverville Island",-64.671,-62.611,"Antarctica21",12.87,53,1.93987556507633,2.92756686265187,0.814710517706352,38,1.91065098527188,2.95106749623485,0.813122865774438,24,1.79940300580659,3.06304852258701,0.801995669225691,"2019-2020","middle"
"ManifestSample_045","ManifestSample_045",10,"12",2019,2019-12-10,"10:50","13:50","Paradise Harbour",-64.912,-62.862,"Antarctica21",9.346,14,1.71968034375654,3.17203182513379,0.776251823302521,12,1.70417401396886,3.19684151473185,0.775081495319567,9,1.57758218579063,3.46041890797145,0.756456480167672,"2019-2020","middle"
"sample_179","sample_179",12,"12",2019,2019-12-12,"9:08","12:08","Maxwell Bay",-62.223,-58.859,"Antarctica21",8.67,70,0.893080234214282,-7.8978535868011,0.273959198367065,38,0.725330215187488,-2.25869320362605,0.233128503220303,21,0.551415596718437,-0.926334005418842,0.185350713347617,"2019-2020","shetlands"
"sample_180","sample_180",13,"12",2019,2019-12-13,"16:00","19:00","Vega Island",-63.833,-57.366,"Antarctica21",4.740616368,53,1.93115576933318,2.93435798669763,0.735134076073554,40,1.80704380432706,3.05402647378483,0.717895061742671,21,1.77761991291177,3.0900332122934,0.737421657588347,"2019-2020","northern"
"sample_173","sample_173",15,"12",2019,2019-12-15,"16:20","19:20","Cuverville Island",-64.671,-62.611,"Antarctica21",NA,56,1.7959270606915,3.06722724853418,0.70422653838916,35,1.76524580176407,3.10624148262105,0.70175540792624,23,1.65961539374879,3.27607902796547,0.687058934808785,"2019-2020","middle"
"sample_184","sample_184",15,"12",2019,2019-12-15,"9:48","12:48","Andvord Bay Transect Station 4 Neko",-64.849,-62.539,"Antarctica21",8.3,44,1.92670525607551,2.93789523746825,0.740796737492817,32,1.90814638750037,2.95318220107877,0.739474247304793,22,1.76909800970641,3.10112464312793,0.718417996292524,"2019-2020","middle"
"sample_185","sample_185",15,"12",2019,2019-12-15,"11:30","14:30","Andvord Bay Transect Station 5 Interior",-64.8717217,-62.5721324,"Antarctica21",6.1,42,1.94604640956939,2.92287008123807,0.763937324261203,34,1.93392521600868,2.93218125765829,0.763132288017866,21,1.72924524164729,3.15737171079682,0.706889715065286,"2019-2020","middle"
"sample_183","sample_183",15,"12",2019,2019-12-15,"12:32","15:32","Andvord Bay Transect Station 3 Middle",-64.808,-62.672,"Antarctica21",6.77,37,1.97784490645877,2.90003258904406,0.778145565605155,30,1.96691118831696,2.9076344956151,0.777467416969893,20,1.7458184077839,3.13306702407116,0.71999009407053,"2019-2020","middle"
"sample_182","sample_182",15,"12",2019,2019-12-15,"13:15","16:15","Andvord Bay Transect Station 2 Errera",-64.81,-62.67,"Antarctica21",7.99,38,1.91495094858247,2.94747499590587,0.74954585497177,32,1.90510961267571,2.95576838280738,0.748851139431078,21,1.75700698136114,3.11740640533156,0.724966951254866,"2019-2020","middle"
"sample_181","sample_181",15,"12",2019,2019-12-15,"13:50","16:50","Andvord Bay Transect Station 1 Useful",-64.725,-62.858,"Antarctica21",10.16,46,1.79309556964027,3.07066623024336,0.707219214347819,33,1.77344268243055,3.09543112414956,0.705686832947609,20,1.64196919850673,3.31111435261818,0.685464727001939,"2019-2020","middle"
"sample_170","sample_170",18,"12",2019,2019-12-18,"17:15","20:15","Cierva Cove",-64.156,-60.873,"Antarctica21",10.7,46,1.65504502344805,3.28493915361915,0.70777505674873,37,1.628799582412,3.33877622686062,0.705141129067465,23,1.58620681775932,3.43821877507644,0.70115690700541,"2019-2020","middle"
"sample_195","sample_195",19,"12",2019,2019-12-19,"10:00","13:00","Petermann Island",-65.173,-64.116,"Antarctica21",12.05,55,1.53736823639231,3.57467627559729,0.675007237872463,30,1.44545266043857,3.9233557494585,0.664791607489425,17,1.37970359932048,4.28654177722573,0.657544971332853,"2019-2020","middle"
"sample_137","sample_137",20,"12",2019,2019-12-20,"12:00","15:00","Paradise Harbour",-64.912,-62.862,"Polar Latitudes",NA,119,1.91050518135809,2.95119015286527,0.596361440387014,69,1.56690465648106,3.48897187856931,0.531990148702545,28,1.07863703791216,14.2491688902085,0.391968112114681,"2019-2020","middle"
"sample_186","sample_186",20,"12",2019,2019-12-20,"9:52","12:52","Neko Harbour",-64.851,-62.542,"Antarctica21",NA,38,1.39174480765459,4.21028652424157,0.543349245281894,28,1.37667960368779,4.30650407352524,0.541576422793674,20,1.33751336431271,4.59923415271913,0.53528036661135,"2019-2020","middle"
"sample_191","sample_191",20,"12",2019,2019-12-20,"15:35","18:35","Orne Harbour",-64.638,-62.534,"Antarctica21",8.94,49,1.6438101705414,3.30735318810676,0.621183892232894,37,1.59643610907517,3.412838440261,0.61517646246003,20,1.44562843393715,3.92253822164809,0.585383494189192,"2019-2020","middle"
"ManifestSample_116","ManifestSample_116",21,"12",2019,2019-12-21,"14:12","17:12","Danco Island",-64.746,-62.622,"Hurtigruten Expeditions",NA,53,1.35033956709218,4.49579550091953,0.517469259617707,36,1.31606729116119,4.79183340248932,0.512926214603669,21,1.24327039813059,5.70974552410507,0.501324789744855,"2019-2020","middle"
"sample_169","sample_169",24,"12",2019,2019-12-24,"17:00","20:00","Charlotte Bay",-64.583,-61.633,"Antarctica21",7.18,61,1.33860571342721,4.5901050087455,0.471845257331889,37,0.774541189701614,-3.03165701629226,0.283438351943271,15,0.378104052613235,-0.388761622122174,0.162730020009099,"2019-2020","middle"
"sample_192","sample_192",25,"12",2019,2019-12-25,"10:00","13:00","Paradise Harbour",-64.912,-62.862,"Antarctica21",2.71,49,1.54014337969111,3.56617433355505,0.61811373771418,32,1.47654098726582,3.78889587259509,0.610050148304596,21,1.36890185285132,4.35943715545539,0.593540982095057,"2019-2020","middle"
"ManifestSample_117","ManifestSample_117",1,"1",2020,2020-01-01,"12:00","15:00","Danco Island",-64.746,-62.622,"",NA,9,1.4303324302893,3.99638142288651,0.68807915582373,9,1.4303324302893,3.99638142288651,0.68807915582373,9,1.4303324302893,3.99638142288651,0.68807915582373,"2019-2020","middle"
"ManifestSample_118","ManifestSample_118",2,"1",2020,2020-01-02,"17:45","20:45","Orne Harbour",-64.638,-62.534,"Hurtigruten Expeditions",NA,15,1.70870204622745,3.18945951289739,0.734070063465883,12,1.63957297645523,3.31604807849842,0.725706099300857,11,1.59673775543471,3.41210515944815,0.719722104970127,"2019-2020","middle"
"ManifestSample_119","ManifestSample_119",16,"1",2020,2020-01-16,"14:25","17:25","Halfmoon Island",-62.595,-59.974,"Hurtigruten Expeditions",NA,5,0.153207454042913,-0.0816687246607219,0.0499907060539334,5,0.153207454042913,-0.0816687246607219,0.0499907060539334,4,0.120544967015444,-0.0569755256230538,0.039776997340733,"2019-2020","shetlands"
"ManifestSample_120","ManifestSample_120",19,"1",2020,2020-01-19,"16:00","19:00","Orne Harbour",-64.638,-62.534,"Hurtigruten Expeditions",NA,14,1.27708310687919,5.22156403377994,0.49495488542787,11,1.08646012276104,13.1017487243492,0.442952533023661,6,0.799604323289856,-3.5754360149616,0.362434963579604,"2019-2020","middle"
"sample_196","sample_196",20,"1",2020,2020-01-20,"14:30","17:30","Petermann Island",-65.173,-64.116,"Antarctica21",12.05,72,1.61701241577937,3.36470836247557,0.713245971589083,47,1.49672919555856,3.71136943069651,0.700967065300217,21,1.3912530342943,4.2133034255029,0.690620502142902,"2019-2020","middle"
"sample_174","sample_174",21,"1",2020,2020-01-21,"17:15","20:15","Danco Island",-64.746,-62.622,"Antarctica21",15.96,102,3.01276099471234,2.73177862553217,0.869828241521966,65,2.59764077499516,2.72117208571288,0.816038244642803,25,1.64157212665229,3.31192891324645,0.620588957666477,"2019-2020","middle"
"sample_193","sample_193",21,"1",2020,2020-01-21,"10:12","13:12","Paradise Harbour",-64.912,-62.862,"Antarctica21",7.31,85,2.17374894923543,2.79958748324155,0.681609680824982,54,1.63963990132537,3.31590969300162,0.547708519178041,20,0.916408165667378,-10.4980213656754,0.358123664058996,"2019-2020","middle"
"sample_168","sample_168",26,"1",2020,2020-01-26,"20:15","23:15","Brown Bluff",-63.52,-56.873,"Antarctica21",20.32,105,2.55779806244887,2.72353393622342,0.853519029026152,61,2.32436265931267,2.75579349458858,0.837021011799233,28,2.12246202148526,2.82025990501439,0.821767373609518,"2019-2020","northern"
"sample_178","sample_178",26,"1",2020,2020-01-26,"15:00","18:00","Kinnes Cove",-63.316,-56.466,"Antarctica21",20.99,78,2.19266233298581,2.79278601510763,0.760376528297586,45,1.90693396058376,2.95421180674538,0.722914102990327,28,1.80374235092177,3.05789741924037,0.712632702114228,"2019-2020","northern"
"sample_177","sample_177",27,"1",2020,2020-01-27,"9:50","12:50","Heroina Island",-63.423,-54.692,"Antarctica21",15.85,4,1.06768329699432,16.3027090507737,0.607421875,3,0.889484414173721,-7.59507638719092,0.557777777777778,3,0.889484414173721,-7.59507638719092,0.557777777777778,"2019-2020","northern"
"sample_199","sample_199",30,"1",2020,2020-01-30,"16:00","19:00","Wilhelmina Bay",-64.642,-62.16,"Antarctica21",14.87,39,1.23630783935057,5.82808372402982,0.458600739369294,26,0.780890037555361,-3.15739560936646,0.283404180472494,10,0.255468472352884,-0.187203530617153,0.0928842638701405,"2019-2020","middle"
"sample_194","sample_194",31,"1",2020,2020-01-31,"16:30","19:30","Paradise Harbour",-64.912,-62.862,"Antarctica21",9.35,38,1.55106905219908,3.533634412591,0.668133939656902,28,1.38551820670645,4.24908838445549,0.644684657185802,14,1.24955810110846,5.60868203716809,0.628126944707672,"2019-2020","middle"
"ManifestSample_121","ManifestSample_121",31,"1",2020,2020-01-31,"16:00","19:00","Halfmoon Island",-62.595,-59.974,"Hurtigruten Expeditions",NA,120,1.44375205317665,3.93130146190962,0.463491977224714,59,0.959270862990718,-23.0694881924445,0.344884518013809,21,0.215667982795333,-0.14059051496623,0.0640265141471145,"2019-2020","shetlands"
"ManifestSample_122","ManifestSample_122",2,"2",2020,2020-02-02,"13:18","16:18","Brown Bluff",-63.52,-56.873,"Hurtigruten Expeditions",NA,92,2.25279328618283,2.7737921506573,0.835887824792032,59,2.17974674840443,2.7973850260329,0.831420004398947,31,2.07885765707377,2.84067367089236,0.824787159638105,"2019-2020","northern"
"sample_197","sample_197",4,"2",2020,2020-02-04,"11:00","14:00","Petermann Island",-65.173,-64.116,"Antarctica21",10.92,47,1.63399157984205,3.32770994040515,0.667541984651306,28,1.41888998412377,4.0554213167881,0.635505899270656,13,1.24571201187985,5.66987177310055,0.611390451263794,"2019-2020","middle"
"ManifestSample_123","ManifestSample_123",4,"2",2020,2020-02-04,"15:00","18:00","Danco Island",-64.746,-62.622,"Hurtigruten Expeditions",NA,10,1.07029673395339,15.7545014935539,0.441658654746594,9,1.01034325537066,98.1856656296034,0.425739648771213,6,0.716698229738753,-2.15159818728526,0.317846981930027,"2019-2020","middle"
"ManifestSample_124","ManifestSample_124",5,"2",2020,2020-02-05,"14:55","17:55","Petermann Island",-65.173,-64.116,"Hurtigruten Expeditions",NA,52,1.43116446022475,3.9922194898805,0.614187867226359,32,1.22804264609648,5.97815858644235,0.580800624096843,14,1.06497277037024,16.9179631210926,0.556725573861924,"2019-2020","middle"
"ManifestSample_125","ManifestSample_125",5,"2",2020,2020-02-05,"16:28","19:28","Petermann Island",-65.173,-64.116,"Hurtigruten Expeditions",NA,16,1.72874830860166,3.15812167927991,0.731697440881114,10,1.45647801998236,3.87339329671584,0.689120444407036,6,1.29387625405829,5.02198180804073,0.664194976982693,"2019-2020","middle"
"ManifestSample_001","ManifestSample_001",6,"2",2020,2020-02-06,"17:00","20:00","Cierva Cove",-64.156,-60.873,"Polar Latitudes",NA,184,3.68879429861203,2.82601338379729,0.958543204865357,106,3.21780344177826,2.75332103119026,0.938060402681427,31,2.11399588571697,2.82400819105506,0.82457970976747,"2019-2020","middle"
"ManifestSample_002","ManifestSample_002",7,"2",2020,2020-02-07,"11:29","14:29","Cuverville Island",-64.671,-62.611,"Polar Latitudes",16.93077274,215,2.59588046161114,2.72126049630082,0.726025875110988,112,1.92116655425513,2.94236588519953,0.586278945633314,42,0.657930444278508,-1.57152972457497,0.20314442334896,"2019-2020","middle"
"ManifestSample_003","ManifestSample_003",7,"2",2020,2020-02-07,"17:25","20:25","Neko Harbour",-64.851,-62.542,"Polar Latitudes",NA,240,3.35713078013884,2.7719987762378,0.93442909110853,117,2.95845528591587,2.7275233334517,0.911056335459654,41,1.78384006270588,3.0821311717211,0.618070880589788,"2019-2020","middle"
"ManifestSample_004","ManifestSample_004",20,"2",2020,2020-02-20,"10:25","13:25","Orne Harbour",-64.638,-62.534,"Polar Latitudes",5.35,306,3.48432469340411,2.79131344154979,0.926122273658541,139,3.0329705646594,2.73353251457599,0.903601308863784,43,1.87657750075323,2.98129887315352,0.645515609650372,"2019-2020","middle"
"ManifestSample_126","ManifestSample_126",6,"3",2020,2020-03-06,"19:00","22:00","Stonington Island",-68.186,-66.997,"Hurtigruten Expeditions",NA,63,1.84322082148326,3.01418994669153,0.685119356483086,42,1.73193042586049,3.15334102148644,0.670517512345719,22,1.41161149144332,4.0948089583195,0.614633549136035,"2019-2020","southern"
"ManifestSample_127","ManifestSample_127",7,"3",2020,2020-03-07,"12:30","15:30","Horshoe Island",-67.836,-67.189,"Hurtigruten Expeditions",NA,48,1.67803096225013,3.24181354416646,0.724466654910862,36,1.63130226870577,3.33341538920919,0.71973470048583,22,1.47455192244964,3.79692575947566,0.700535140599706,"2019-2020","southern"
"ManifestSample_005","ManifestSample_005",10,"3",2020,2020-03-10,"8:18","11:18","Orne Harbour",-64.638,-62.534,"Polar Latitudes",12.87,256,2.9365591369188,2.72600639809981,0.872052860564925,131,2.26796358013691,2.76958422926933,0.73497412833055,39,1.15450435403035,8.03574402913728,0.388009957629844,"2019-2020","middle"
"sample_171","sample_171",19,"12",2020,2019-12-19,"15:30","18:30","Cierva Cove",-64.156,-60.873,"Antarctica21",NA,58,2.13732973932394,2.81391520970024,0.752530106965418,42,1.69538527172494,3.2115042846375,0.656739994632677,20,1.1458967661708,8.41410917958051,0.548507436254634,"2019-2020","middle"
"ManifestSample_128","ManifestSample_128",28,"11",2021,2021-11-28,"15:44","18:44","Horshoe Island",-67.836,-67.189,"Hurtigruten Expeditions",NA,88,0.864842048882849,-5.9558682656314,0.44396885383879,50,0.801585694335904,-3.62440490487949,0.43517339113883,25,0.715630756988638,-2.13882282883782,0.420413864227062,"2021-2022","southern"
"ManifestSample_129","ManifestSample_129",29,"11",2021,2021-11-29,"15:30","18:30","Orne Harbour",-64.638,-62.534,"Hurtigruten Expeditions",18.96,81,1.22221780827458,6.09077375144928,0.468489627819042,56,1.11677126218609,10.1118604275944,0.449717037432835,29,0.992853939942454,-138.440230667621,0.428054478375787,"2021-2022","middle"
"ManifestSample_046","ManifestSample_046",8,"12",2021,2021-12-08,"9:15","12:15","Neko Harbour",-64.851,-62.542,"Polar Latitudes",10.43,24,2.49280137627993,2.72912406493405,0.857245404325708,15,2.31105508983169,2.75879621360007,0.869499852345029,3,0.88446066411349,-7.20378363749336,0.513232514177694,"2021-2022","middle"
"ManifestSample_047","ManifestSample_047",9,"12",2021,2021-12-09,"10:00","13:00","Neko Harbour",-64.851,-62.542,"Antarctica21",NA,88,1.29350068574426,5.02618753758938,0.472514088819133,58,1.16983922437334,7.45755489318698,0.450951783981185,30,1.03260704517365,32.1817614177882,0.425401915781593,"2021-2022","middle"
"ManifestSample_048","ManifestSample_048",9,"12",2021,2021-12-09,"15:48","18:48","Cuverville Island",-64.671,-62.611,"Antarctica21",NA,124,1.26523304645123,5.37810411965359,0.460060873235283,67,1.11732017153385,10.0720166318298,0.435560800008645,31,0.98456203352319,-63.2818130831256,0.410097387204371,"2021-2022","middle"
"ManifestSample_049","ManifestSample_049",14,"12",2021,2021-12-14,"10:05","13:05","Neko Harbour",-64.851,-62.542,"Antarctica21",NA,25,0.841018477272769,-4.85740134633734,0.287318622424934,17,0.722498292992327,-2.22279657991183,0.25837616925776,13,0.559413121328181,-0.963065694005787,0.196188805208,"2021-2022","middle"
"ManifestSample_050","ManifestSample_050",14,"12",2021,2021-12-14,"15:30","18:30","Danco Island",-64.746,-62.622,"Antarctica21",NA,95,1.08991798540832,12.6583851793292,0.417192092930807,58,1.03758335923331,28.123122141112,0.409328488827322,33,0.932382512590447,-13.3174429781625,0.387072915909557,"2021-2022","middle"
"ManifestSample_051","ManifestSample_051",15,"12",2021,2021-12-15,"15:00","18:00","Fournier Bay",-64.533,-63.15,"Antarctica21",NA,75,1.10452982436774,11.1097630761089,0.424701098872421,53,0.886612759240399,-7.36713846524366,0.36686779517881,22,0.237448051743295,-0.165146051838311,0.0799660103900273,"2021-2022","middle"
"ManifestSample_130","ManifestSample_130",16,"12",2021,2021-12-16,"12:00","15:00","Brown Bluff",-63.52,-56.873,"",NA,17,1.66860659554114,3.25906788564346,0.666747404844291,16,1.6533886988156,3.28818639491952,0.66478711462657,13,1.5744093480094,3.46877744550273,0.652724796868941,"2021-2022","northern"
"ManifestSample_131","ManifestSample_131",17,"12",2021,2021-12-17,"16:24","19:24","Neko Harbour",-64.851,-62.542,"Hurtigruten Expeditions",11.24,91,1.60697886863532,3.38770687360915,0.575807044581021,57,1.4426423234451,3.93652198680226,0.551014883218851,29,1.1430048228913,8.55154612553344,0.46920152448236,"2021-2022","middle"
"ManifestSample_052","ManifestSample_052",18,"12",2021,2021-12-18,"10:35","13:35","Danco Island",-64.746,-62.622,"Polar Latitudes",NA,131,1.24186739066288,5.73303081895786,0.46081325680415,77,1.11831232600472,10.0009421795932,0.440732017764123,34,0.920935897784766,-11.1811767344296,0.401575548328336,"2021-2022","middle"
"ManifestSample_053","ManifestSample_053",18,"12",2021,2021-12-18,"16:00","19:00","Portal Point",-64.502,-61.756,"Antarctica21",NA,101,1.70334930025465,3.19819851249431,0.692195435801198,55,1.55075529525036,3.5345486494344,0.674670888153165,22,1.23817721829531,5.79561601266582,0.615191522197621,"2021-2022","middle"
"ManifestSample_054","ManifestSample_054",20,"12",2021,2021-12-20,"10:00","13:00","Neko Harbour",-64.851,-62.542,"Antarctica21",NA,100,1.15337628850313,8.08289047679804,0.410732737270836,66,0.988057265010649,-82.2378959589054,0.376305938865399,32,0.805436152542202,-3.72247146075558,0.332468692815005,"2021-2022","middle"
"ManifestSample_055","ManifestSample_055",20,"12",2021,2021-12-20,"15:40","18:40","Cuverville Island",-64.671,-62.611,"Antarctica21",NA,116,1.1212683404828,9.79611677750978,0.415118984229406,63,0.948802567444617,-18.0536730351422,0.380322275505176,35,0.875028281115538,-6.55456452876987,0.366440599209081,"2021-2022","middle"
"ManifestSample_056","ManifestSample_056",24,"12",2021,2021-12-24,"16:06","19:06","Orne Harbour",-64.638,-62.534,"Antarctica21",NA,92,1.16815212042505,7.51594840183738,0.447948749259475,57,1.10933276152865,10.6914654875429,0.439277289328002,31,1.04979158620956,21.6043594956241,0.429124864858649,"2021-2022","middle"
"ManifestSample_057","ManifestSample_057",25,"12",2021,2021-12-25,"9:45","12:45","Danco Island",-64.746,-62.622,"Antarctica21",NA,87,0.896235017177885,-8.18086454203476,0.349693035618159,45,0.805688076787217,-3.72902549928665,0.332960778417517,30,0.755229249574809,-2.69019579788089,0.323222682729211,"2021-2022","middle"
"ManifestSample_058","ManifestSample_058",27,"12",2021,2021-12-27,"8:15","11:15","Cuverville Island",-64.671,-62.611,"Polar Latitudes",13.14,84,1.14268541338943,8.56707028774781,0.457846441777137,54,1.07899290666568,14.1920254826493,0.44843669831624,29,0.974485777452955,-37.7044843449341,0.428699765118805,"2021-2022","middle"
"ManifestSample_059","ManifestSample_059",27,"12",2021,2021-12-27,"16:15","19:15","Paradise Harbour",-64.912,-62.862,"Polar Latitudes",13.41,102,1.51074171881108,3.66151000622327,0.657741542119605,64,1.40652686139817,4.1232195398932,0.645844594794026,30,1.2670465130147,5.35322127815906,0.628757535323918,"2021-2022","middle"
"ManifestSample_060","ManifestSample_060",28,"12",2021,2021-12-28,"20:30","23:30","Brown Bluff",-63.52,-56.873,"Antarctica21",NA,17,2.02492814059289,2.87006370631019,0.806429346611765,15,1.9779113802331,2.89998714847981,0.802048979591837,12,1.89658508381383,2.9631598027704,0.794035648411801,"2021-2022","northern"
"ManifestSample_061","ManifestSample_061",29,"12",2021,2021-12-29,"9:35","12:35","Whalers Bay",-62.983,-60.562,"Polar Latitudes",5.69,13,0.964404114391128,-26.6080195572773,0.416878146191288,10,0.889262628343896,-7.57704856270771,0.399921278256659,9,0.838342464735903,-4.75443290961404,0.386757006985944,"2021-2022","shetlands"
"ManifestSample_062","ManifestSample_062",29,"12",2021,2021-12-29,"10:05","13:05","Heroina Island",-63.423,-54.692,"Antarctica21",NA,75,2.05067772186423,2.85541970089623,0.749313356308897,42,1.91506941514863,2.94737669645351,0.732732578161093,25,1.75148551965278,3.1250617237436,0.711679786468147,"2021-2022","northern"
"ManifestSample_063","ManifestSample_063",31,"12",2021,2021-12-31,"15:35","18:35","Kinnes Cove",-63.316,-56.466,"Antarctica21",NA,57,1.61442571842537,3.37055424861839,0.715498520048703,36,1.58813892497422,3.43334737795456,0.713537831229382,24,1.56568850388069,3.49230174227053,0.71142724387072,"2021-2022","northern"
"ManifestSample_064","ManifestSample_064",2,"1",2022,2022-01-02,"15:09","18:09","Mikkelsen Harbour",-63.896,-60.776,"Antarctica21",NA,96,0.679721418670423,-1.76060680527953,0.218731809518656,57,0.564705626891003,-0.988196582669188,0.19391596156973,27,0.467992525146105,-0.616344927938797,0.172443645263587,"2021-2022","middle"
"ManifestSample_065","ManifestSample_065",3,"1",2022,2022-01-03,"9:00","12:00","Fournier Bay",-64.533,-63.15,"Antarctica21",NA,88,0.945409528875784,-16.84108799491,0.331264686546279,55,0.672827501296064,-1.69791756029311,0.243179864562979,25,0.518048557256588,-0.787683362540983,0.204056750642606,"2021-2022","middle"
"ManifestSample_066","ManifestSample_066",3,"1",2022,2022-01-03,"15:15","18:15","Orne Harbour",-64.638,-62.534,"Antarctica21",NA,11,0.937852269703984,-14.6167518180985,0.371742112482853,7,0.732916397871601,-2.35874039636567,0.313510464193613,6,0.573277178830816,-1.03035884065113,0.248369439413951,"2021-2022","middle"
"ManifestSample_068","ManifestSample_068",4,"1",2022,2022-01-04,"15:00","18:00","Danco Island",-64.746,-62.622,"Antarctica21",NA,68,0.874524865977662,-6.52267610253388,0.370561332643076,47,0.82462918927833,-4.2766463028513,0.361916228883282,28,0.792399245435588,-3.40538712489384,0.356751190589292,"2021-2022","middle"
"ManifestSample_069","ManifestSample_069",9,"1",2022,2022-01-09,"15:30","18:30","Petermann Island",-65.173,-64.116,"Quixote Expeditions",NA,88,1.55796985995318,3.51381930503886,0.614806960386743,51,1.50739083928551,3.67315652611851,0.609174941750434,35,1.38822367000942,4.23206674090349,0.586754644458673,"2021-2022","middle"
"ManifestSample_132","ManifestSample_132",20,"1",2022,2022-01-20,"12:00","15:00","Petermann Island",-65.173,-64.116,"",NA,35,0.775802482901819,-3.05605712721211,0.235728897497334,19,0.485842124045941,-0.673031262065259,0.154515615395173,11,0.368291264590521,-0.368703779964857,0.123443582882363,"2021-2022","middle"
"ManifestSample_070","ManifestSample_070",22,"1",2022,2022-01-22,"12:15","15:15","Danco Island",-64.746,-62.622,"Quixote Expeditions",NA,95,1.69651808374753,3.20958911886484,0.616513442805007,59,2.1794658330943,2.79748722543652,0.749918531340422,25,1.65423046835312,3.28653366464985,0.653568186849332,"2021-2022","middle"
"ManifestSample_071","ManifestSample_071",25,"1",2022,2022-01-25,"12:10","15:10","Mikkelsen Harbour",-63.896,-60.776,"Quixote Expeditions",10.56,38,0.150084294769967,-0.0791350861486384,0.0412963803053076,23,0.138262685125184,-0.0698790523423557,0.0390098208861286,16,0.130395628478321,-0.0640078395654896,0.0374406238380613,"2021-2022","middle"
"ManifestSample_072","ManifestSample_072",10,"2",2022,2022-02-10,"18:40","21:40","Maxwell Bay",-62.223,-58.859,"Quixote Expeditions",5.15,59,0.567829258794915,-1.0033480068995,0.242199126462921,40,0.528031207498764,-0.826857652478549,0.234897551542828,25,0.488806650057851,-0.682892795307495,0.226779910511852,"2021-2022","shetlands"
"ManifestSample_133","ManifestSample_133",22,"2",2022,2022-02-22,"15:40","18:40","Paradise Harbour",-64.912,-62.862,"Hurtigruten Expeditions",17.81,82,2.17466854615316,2.79924700641636,0.785729233052228,49,1.9132158227535,2.94891888554532,0.759676213137141,18,1.65882987680715,3.27759145811858,0.732557465677881,"2021-2022","middle"
"ManifestSample_134","ManifestSample_134",24,"2",2022,2022-02-24,"12:00","15:00","Cuverville Island",-64.671,-62.611,"",NA,86,1.87498266072346,2.98279417007002,0.719034018383515,47,1.66872904381775,3.25883997406867,0.694450755279034,25,1.55943588130867,3.5096807404724,0.683052105302978,"2021-2022","middle"
"ManifestSample_135","ManifestSample_135",8,"3",2022,2022-03-08,"14:58","17:58","Petermann Island",-65.173,-64.116,"Hurtigruten Expeditions",15.31,70,1.71245831028642,3.18342252821136,0.613008418242421,41,1.23761951160589,5.80524768938552,0.502226074527821,16,1.04480023817823,23.8398943827618,0.468630728069485,"2021-2022","middle"
"ManifestSample_073","ManifestSample_073",11,"3",2022,2022-03-11,"14:40","17:40","Fournier Bay",-64.533,-63.15,"",NA,77,2.73096707772405,2.71831119871502,0.853380727947377,49,2.31203098216218,2.75857092257005,0.798697593971406,19,1.80409748615626,3.05747904036943,0.73840564372136,"2021-2022","middle"
"ManifestSample_074","ManifestSample_074",12,"3",2022,2022-03-12,"9:00","12:00","Damoy Point",-64.82,-63.52,"Viking Octantis",NA,76,2.211652329298,2.78636911044435,0.792959698911831,43,2.05186687920862,2.85477110555692,0.779785649846759,21,1.73056469037761,3.15538652550694,0.741053388941321,"2021-2022","middle"
"ManifestSample_075","ManifestSample_075",13,"3",2022,2022-03-13,"11:03","14:03","Detaille Island",-66.87,-66.79,"Viking Octantis",NA,64,1.52538918998267,3.61252976348095,0.586166758074641,38,1.45745109245682,3.86910892458563,0.576305532287468,19,1.11446726366769,10.2832926009734,0.477601962608125,"2021-2022","southern"
"ManifestSample_076","ManifestSample_076",14,"3",2022,2022-03-14,"14:10","17:10","Pleaneau Island",-65.089,-64.046,"Viking Octantis",11.96,73,2.4975244731678,2.7286402160865,0.816859243801686,45,2.09539813271901,2.83260065256709,0.765296491826503,20,1.74888007690088,3.12872331522939,0.72552382197712,"2021-2022","middle"
"ManifestSample_077","ManifestSample_077",15,"3",2022,2022-03-15,"8:45","11:45","Paradise Harbour",-64.912,-62.862,"Viking Octantis",NA,83,1.97438075195138,2.90241352932373,0.642306596119523,49,1.72370565008317,3.16580403380462,0.60471076957117,20,1.24644913624145,5.65799284896236,0.508395613912571,"2021-2022","middle"
"ManifestSample_078","ManifestSample_078",15,"3",2022,2022-03-15,"14:53","17:53","Cuverville Island",-64.671,-62.611,"Viking Octantis",9.75,85,1.98487657866418,2.89527689937161,0.683734985612893,55,1.77228452891942,3.0969408850062,0.655328057507054,19,1.39670484333553,4.18030195227672,0.593123565714807,"2021-2022","middle"
"ManifestSample_079","ManifestSample_079",16,"3",2022,2022-03-16,"10:20","13:20","Danco Island",-64.746,-62.622,"Viking Octantis",15.81,83,1.29053271923333,5.05981943012215,0.409637325427623,52,1.07578947901238,14.7257895408646,0.36504179361253,19,0.781692547177693,-3.17382174154887,0.29522554535908,"2021-2022","middle"
"ManifestSample_080","ManifestSample_080",16,"3",2022,2022-03-16,"16:30","19:30","Orne Harbour",-64.638,-62.534,"Viking Octantis",NA,99,2.03857301187265,2.86215913331631,0.686795228875719,61,1.75030395001027,3.12671831025383,0.6427015024581,21,1.32809056571009,4.68062329586005,0.569414155782798,"2021-2022","middle"
"ManifestSample_081","ManifestSample_081",16,"3",2022,2022-03-16,"12:20","15:20","Gerlache Front Ferrybox",NA,NA,"Viking Octantis",NA,101,2.44659324786925,2.73455090363927,0.774027601893553,62,1.87231601215281,2.98531113044289,0.665436378319152,15,0.571679244754729,-1.02235791949148,0.210419190323818,"2021-2022","shetlands"
"ManifestSample_082","ManifestSample_082",16,"3",2022,2022-03-16,"12:48","15:48","Gerlache Front Ferrybox",NA,NA,"Viking Octantis",NA,119,2.52403646121577,2.7261552752374,0.796558784688387,72,1.94768958425611,2.92163440646417,0.695249350915689,19,0.616029337090715,-1.27157754587993,0.226671715733192,"2021-2022","shetlands"
"ManifestSample_083","ManifestSample_083",16,"3",2022,2022-03-16,"18:40","21:40","Gerlache Front Ferrybox",NA,NA,"Viking Octantis",NA,113,2.92776149653746,2.7254306066473,0.851851292802197,71,2.4249210283468,2.73755235973074,0.796051613686641,17,1.20100383592555,6.5572104971526,0.532384270388496,"2021-2022","shetlands"
"ManifestSample_006","ManifestSample_006",18,"3",2022,2022-03-18,"12:00","15:00","Peltier Channel",-64.854,-63.495,"Aurora Expeditions",6.1,171,2.21747462769337,2.78448137282257,0.809991134394264,98,2.05764287034544,2.85165441840034,0.796703993667947,37,1.59876065777974,3.40720957771535,0.640713599465488,"2021-2022","middle"
"ManifestSample_007","ManifestSample_007",21,"3",2022,2022-03-21,"10:05","13:05","Paradise Harbour",-64.912,-62.862,"Aurora Expeditions",6.5,204,2.60957640177483,2.72061018971337,0.811579424763973,104,2.21185692670466,2.78630215114078,0.771940655382775,30,1.09300271476557,12.2907767820818,0.403968213670129,"2021-2022","middle"
"ManifestSample_136","ManifestSample_136",22,"3",2022,2022-03-22,"10:30","13:30","Paradise Harbour",-64.912,-62.862,"Hurtigruten Expeditions",12.19,109,2.05039689734629,2.85557321742403,0.65097207256823,60,1.7403172882536,3.14098455029546,0.605698262650146,22,1.12633283452823,9.4676012090371,0.424469823715928,"2021-2022","middle"
"ManifestSample_008","ManifestSample_008",22,"3",2022,2022-03-22,"12:00","15:00","Damoy Point",-64.82,-63.52,"Aurora Expeditions",7.04,199,2.32010123565562,2.75673883742671,0.804104613372818,101,2.06033943652857,2.85021831764766,0.779007064246651,37,1.52395908744642,3.61717798945774,0.588586624909185,"2021-2022","middle"
"ManifestSample_009","ManifestSample_009",22,"3",2022,2022-03-22,"12:00","15:00","Neko Harbour",-64.851,-62.542,"Aurora Expeditions",14.22,228,3.21997544929055,2.75358968025831,0.888220836917933,110,2.54340228185309,2.72457955945279,0.804147317543061,32,1.95434408946772,2.91669364424297,0.6830554666121,"2021-2022","middle"
"ManifestSample_137","ManifestSample_137",23,"3",2022,2022-03-23,"12:00","15:00","Cuverville Island",-64.671,-62.611,"Hurtigruten Expeditions",16.25,5,1.4158605248902,4.07163610866288,0.720703125,2,0.545594573969184,-0.90050070739237,0.359861591695502,1,0,0,0,"2021-2022","middle"
"ManifestSample_067","ManifestSample_067",1,"4",2022,2022-04-01,"9:45","12:45","Cuverville Island",-64.671,-62.611,"Antarctica21",NA,69,0.772920394748849,-3.00070945558473,0.315168119852459,48,0.712738453528385,-2.10470373391398,0.303690820040479,23,0.660224025695084,-1.59022659419368,0.293548228053887,"2021-2022","middle"
