UNIQUE ID CODE ,Season Year,Season Phase,YYYY,MM,DD,DD_MON_YY,TIME LOCAL ,LOC ID,Site Nickname,Site Name_OK ,Operator ID,Operator,Latitude DMS,Longitude DMS,Latitude DD,Longitude DD,Ds_m,Zeu_calc_m,CTD cast file name,Lugol collected (#),Micro processed (Y/N),Microscopy Sample ID,Net + lugol collected (#),Filter collected (#),Genetics Summ2020_18sv9_Sample ID,d180 isotope,HydroColor,,,,,,,,,,,,,,,
FP_NH_PL_20160214,2015 2016,0,2016,02,14,14/Feb/16,,NH,Neko Harbor,Neko Harbor,PL,Polar Latitudes,-64°49'59.88'',-62º33',,,NA,NA,,1,Y,33,,0,nd,NA,,,,,,,,,,,,,,,,
FP_NH_PL_20160222,2015 2016,0,2016,02,22,22/Feb/16,,NH,Neko Harbor,Neko Harbor,PL,Polar Latitudes,-64°49'59.88'',-62º33',,,NA,NA,,1,Y,38,,0,nd,NA,,,,,,,,,,,,,,,,
FP_NH_PL_20160303,2015 2016,0,2016,03,03,3/Mar/16,,NH,Neko Harbor,Neko Harbor,PL,Polar Latitudes,-64°49'59.88'',-62º33',,,NA,NA,,1,Y,41,,0,nd,NA,,,,,,,,,,,,,,,,
FP_CI_GA_20161116,2016 2017,1,2016,11,16,16/Nov/16,,CI,Between Cuverville and Ronge Island,Cuverville Island,GA,G Adventures,-64º40'4.8'',-62º37'48'',,,NA,NA,,1,Y,1,,0,nd,NA,,,,,,,,,,,,,,,,
FP_CC_GA_20161118,2016 2017,1,2016,11,18,18/Nov/16,,CC,Cierva Cove,Cierva Cove,GA,G Adventures,64º9'18'',60º55'12'',,,NA,NA,,1,Y,2,,0,nd,NA,,,,,,,,,,,,,,,,
FP_MH_GA_20161118,2016 2017,1,2016,11,18,18/Nov/16,,MH,Mikkelsen Harbour,Mikkelsen Harbour,GA,G Adventures,63º54'18'',60º46'44.4'',,,NA,NA,,1,Y,3,,0,nd,NA,,,,,,,,,,,,,,,,
FP_CC_PL_20161124,2016 2017,1,2016,11,24,24/Nov/16,,CC,Cierva Cove,Cierva Cove,PL,Polar Latitudes,64° 8' 0.24'',60°55'42.3'',,,NA,NA,,1,Y,4,,0,nd,NA,,,,,,,,,,,,,,,,
FP_PP_PL_20161124,2016 2017,1,2016,11,24,24/Nov/16,,PP,Portal Point,Portal Point,PL,Polar Latitudes,64°29'13.26'',61°43'49.26'',-64.487017,-61.73035,NA,NA,,1,Y,5,,0,nd,NA,,,,,,,,,,,,,,,,
FP_WB_PL_20161125,2016 2017,1,2016,11,25,25/Nov/16,,WB,Wilhelmina Bay,Wilhelmina Bay,PL,Polar Latitudes,64° 37'13.44'',62°12'7.14'',,,NA,NA,,1,Y,6,,0,nd,NA,,,,,,,,,,,,,,,,
FP_WB_GA_20161208,2016 2017,1,2016,12,08,8/Dec/16,,WB,Wilhelmina Bay,Wilhelmina Bay,GA,G Adventures,"64º39'24,84''","62º8'8,16''",,,NA,NA,,1,Y,7,,0,nd,NA,,,,,,,,,,,,,,,,
FP_DI_GA_20161210,2016 2017,1,2016,12,10,10/Dec/16,,DI,Danco Island 1,Danco Island,GA,G Adventures,"64º42'59,04''","62º35'18,96''",,,NA,NA,,1,Y,8,,0,nd,NA,,,,,,,,,,,,,,,,
FP_WB_PL_20161214,2016 2017,1,2016,12,14,14/Dec/16,,WB,Wilhelmina Bay,Wilhelmina Bay,PL,Polar Latitudes,64°37'13.44'',62°12'7.14'',,,NA,NA,,1,Y,9,,0,nd,NA,,,,,,,,,,,,,,,,
FP_PP_PL_20161214,2016 2017,1,2016,12,14,14/Dec/16,,PP,Portal Point,Portal Point,PL,Polar Latitudes,64°29'13.26'',61°43'49.26'',-64.487017,-61.73035,NA,NA,,1,Y,10,,0,nd,NA,,,,,,,,,,,,,,,,
FP_NH_GA_20161217,2016 2017,1,2016,12,17,17/Dec/16,,NH,Neko Harbour 1,Neko Harbor,GA,G Adventures,"64º50'34,44''","62º32'13,128''",,,NA,NA,,1,Y,11,,0,nd,NA,,,,,,,,,,,,,,,,
FP_CI_GA_20161217,2016 2017,1,2016,12,17,17/Dec/16,,CI,Cuverville 1,Cuverville Island,GA,G Adventures,"64°40'12,12''","62°38'24,72''",,,NA,NA,,1,Y,12,,0,nd,NA,,,,,,,,,,,,,,,,
FP_DI_GA_20161218,2016 2017,1,2016,12,18,18/Dec/16,,DI,Danco Island 2,Danco Island,GA,G Adventures,"64º42'58,788''","62º35'18,852''",,,NA,NA,,1,Y,13,,0,nd,NA,,,,,,,,,,,,,,,,
FP_CC_PL_20161223,2016 2017,1,2016,12,23,23/Dec/16,,CC,Cierva Cove 2,Cierva Cove,PL,Polar Latitudes,64° 8'12'',60° 56'48'',,,NA,NA,,1,Y,14,,0,nd,NA,,,,,,,,,,,,,,,,
FP_NP_GA_20161225,2016 2017,1,2016,12,25,25/Dec/16,,NP,New position,New Position,GA,G Adventures,"66º29'0,78''","67˚53'45,36''",,,NA,NA,,1,Y,15,,0,nd,NA,,,,,,,,,,,,,,,,
FP_NH_GA_20161226,2016 2017,1,2016,12,26,26/Dec/16,,NH,Neko 1,Neko Harbor,GA,G Adventures,"64°50'21,6''","62°32'19,8''",,,NA,NA,,1,Y,16,,0,nd,NA,,,,,,,,,,,,,,,,
FP_CI_GA_20161226,2016 2017,1,2016,12,26,26/Dec/16,,CI,Cuverville 2,Cuverville Island,GA,G Adventures,"64°40'0,12''",62°38'36'',,,NA,NA,,1,Y,17,,0,nd,NA,,,,,,,,,,,,,,,,
FP_PH_GA_20161227,2016 2017,1,2016,12,27,27/Dec/16,,PH,Paradise Harbour 1,Paradise Harbour,GA,G Adventures,64°53'15'',"62°51'50,58''",,,NA,NA,,1,Y,18,,0,nd,NA,,,,,,,,,,,,,,,,
FP_GS_PL_20161229,2016 2017,1,2016,12,29,29/Dec/16,,GS,Gerlache Strait,Gerlache Strait,PL,Polar Latitudes,64° 33'36'',62°35'24'',,,NA,NA,,1,Y,19,,0,nd,NA,,,,,,,,,,,,,,,,
FP_CC_PL_20170102,2016 2017,1,2017,01,02,2/Jan/17,,CC,Cierva Cove 3,Cierva Cove,PL,Polar Latitudes,64° 7'18'',60° 57'24'',,,NA,NA,,1,Y,20,,0,nd,NA,,,,,,,,,,,,,,,,
FP_WB_PL_20170104,2016 2017,1,2017,01,04,4/Jan/17,,WB,Inner Wilhelmina Bay,Wilhelmina Bay,PL,Polar Latitudes,64°40'24'',62° 06'30'',,,NA,NA,,1,Y,21,,0,nd,NA,,,,,,,,,,,,,,,,
FP_CI_GA_20170106,2016 2017,1,2017,01,06,6/Jan/17,,CI,Cuverville 3,Cuverville Island,GA,G Adventures,"64°40'18,3''","62°38'6,3''",,,NA,NA,,1,Y,22,,0,nd,NA,,,,,,,,,,,,,,,,
FP_DI_PL_20170108,2016 2017,1,2017,01,08,8/Jan/17,,DI,Errera Strait,Danco Island,PL,Polar Latitudes,64°43'47.4'',62° 36'31.2'',,,NA,NA,,1,Y,23,,0,nd,NA,,,,,,,,,,,,,,,,
FP_PH_GA_20170108,2016 2017,1,2017,01,08,8/Jan/17,,PH,Paradise Harbour 2,Paradise Harbour,GA,G Adventures,"64°53'18,3''","62°52'3,66''",,,NA,NA,,1,Y,24,,0,nd,NA,,,,,,,,,,,,,,,,
FP_NH_PL_20170112,2016 2017,1,2017,01,12,12/Jan/17,,NH,Andvord Bay,Neko Harbor,PL,Polar Latitudes,64°50'34.2'',62° 32'16.2'',,,NA,NA,,1,Y,25,,0,nd,NA,,,,,,,,,,,,,,,,
FP_NH_PL_20170120,2016 2017,1,2017,01,20,20/Jan/17,,NH,Neko Harbour 1,Neko Harbor,PL,Polar Latitudes,64°50'31'',62°32'13'',,,NA,NA,,1,Y,26,,0,nd,NA,,,,,,,,,,,,,,,,
FP_WB_PL_20170120,2016 2017,1,2017,01,20,20/Jan/17,,WB,Danco Island,Danco Island,PL,Polar Latitudes,64°42'58'',62°15'26'',,,NA,NA,,1,Y,27,,0,nd,NA,,,,,,,,,,,,,,,,
FP_NH_GA_20170203,2016 2017,1,2017,02,03,3/Feb/17,,NH,Neko 2,Neko Harbor,GA,G Adventures,64°50'6'',62°32'3.06'',,,NA,NA,,1,Y,28,,0,nd,NA,,,,,,,,,,,,,,,,
FP_CI_GA_20170203,2016 2017,1,2017,02,03,3/Feb/17,,CI,Cuverville 4,Cuverville Island,GA,G Adventures,64°40'23.34'',62°37'39.54'',,,NA,NA,,1,Y,29,,0,nd,NA,,,,,,,,,,,,,,,,
FP_PH_GA_20170205,2016 2017,1,2017,02,05,5/Feb/17,,PH,Paradise Harbour 3,Paradise Harbour,GA,G Adventures,64°53'1.2'',62°53'34.8'',,,NA,NA,,1,Y,30,,0,nd,NA,,,,,,,,,,,,,,,,
FP_NH_PL_20170209,2016 2017,1,2017,02,09,9/Feb/17,,NH,Neko Harbour 2,Neko Harbor,PL,Polar Latitudes,64°50'33'',62°32'04'',,,NA,NA,,1,Y,31,,0,nd,NA,,,,,,,,,,,,,,,,
FP_NH_GA_20170212,2016 2017,1,2017,02,12,12/Feb/17,,NH,Neko Harbour 2,Neko Harbor,GA,G Adventures,64°50'22.92'',62°32'6.72'',,,NA,NA,,1,Y,32,,0,nd,NA,,,,,,,,,,,,,,,,
FP_HB_GA_20170216,2016 2017,1,2017,02,16,16/Feb/17,,HB,Hanusse Bay,Hanusse Bay,GA,G Adventures,66°53'12.03'',67°16'43.26'',,,NA,NA,,1,Y,34,,0,nd,NA,,,,,,,,,,,,,,,,
FP_NH_PL_20170217,2016 2017,1,2017,02,17,17/Feb/17,,NH,Neko Harbour 3,Neko Harbor,PL,Polar Latitudes,64°50'30'',62°32'09'',,,NA,NA,,1,Y,35,,0,nd,NA,,,,,,,,,,,,,,,,
FP_PI_GA_20170217,2016 2017,1,2017,02,17,17/Feb/17,,PI,Petermann Island,Petermann Island,GA,G Adventures,65°10'56.67'',64°08'12.36'',,,NA,NA,,1,Y,36,,0,nd,NA,,,,,,,,,,,,,,,,
FP_CC_PL_20170220,2016 2017,1,2017,02,20,20/Feb/17,,CC,Cierva Cove 4,Cierva Cove,PL,Polar Latitudes,64°07'25'',60°56'47'',,,NA,NA,,1,Y,37,,0,nd,NA,,,,,,,,,,,,,,,,
FP_CC_PL_20170227,2016 2017,1,2017,02,27,27/Feb/17,,CC,Cierva Cove 5,Cierva Cove,PL,Polar Latitudes,64°07'26'',60°56'44'',,,NA,NA,,1,Y,39,,0,nd,NA,,,,,,,,,,,,,,,,
FP_NH_GA_20170301,2016 2017,1,2017,03,01,1/Mar/17,,NH,Neko Harbour 3,Neko Harbor,GA,G Adventures,64°50'25.2'',62°32'23.82'',,,NA,NA,,1,Y,40,,0,nd,NA,,,,,,,,,,,,,,,,
,,,,,,OCt-NOV,,,,,,,,,,,,,,,,,,,,,,,,,,,,,,,,,,,,
FP_CC_PL_20171113,2017 2018,2,2017,11,13,13/Nov/17,16:50,CC,Cierva Cove,Cierva Cove,PL,Polar Latitudes,64°7.41’S,60°56.79’W,-64.1281,-60.9553,12,16.25,,1,,,,,,NA,,,,,,,,,,,,,,,,
FP_NH_PL_20171114,2017 2018,2,2017,11,14,14/Nov/17,9:29,NH,Neko Harbour,Neko Harbor,PL,Polar Latitudes,64°50.57’S,62°32.22’W,-64.8492,-62.5394,8.5,11.51,,1,,,,,,NA,,,,,,,,,,,,,,,,
FP_CC_GA_20171119,2017 2018,2,2017,11,19,19/Nov/17,14:19,CC,Cierva Cove,Cierva Cove,GA,G Adventures,64°7.41’S,60°56.79’W,-64.1281,-60.9553,10.5,14.22,,0,,,,,,NA,,,,,,,,,,,,,,,,
FP_CI_PL_20171122,2017 2018,2,2017,11,22,22/Nov/17,11:55,CI,Cuverville Island,Cuverville Island,PL,Polar Latitudes,64°40.2’S,62°38.4’W,-64.6672,-62.6344,16.1,21.81,,1,,,,,,NA,,,,,,,,,,,,,,,,
FP_NH_PL_20171123,2017 2018,2,2017,11,23,23/Nov/17,16:14,NH,Neko Harbour,Neko Harbor,PL,Polar Latitudes,64°50.57’S,62°32.22’W,-64.8492,-62.5394,7.8,10.56,,1,,,,,,NA,,,,,,,,,,,,,,,,
FP_EI_PL_20171125,2017 2018,2,2017,11,25,25/Nov/17,9:35,EI,Enterprise Island,Enterprise Island,PL,Polar Latitudes,64°30.43'S,61°58.48'W,-64.5119,-61.98,10,13.54,,1,,,,,,NA,,,,,,,,,,,,,,,,
FP_CI_PL_2017122,2017 2018,2,2017,12,2,2/Dec/17,9:54,CI,Cuverville Island,Cuverville Island,PL,Polar Latitudes,64°40.2’S,62°38.4’W,-64.6672,-62.6344,6.37,8.63,,1,,,,,,NA,,,,,,,,,,,,,,,,
FP_NH_PL_2017122,2017 2018,2,2017,12,2,2/Dec/17,16:31,NH,Neko Harbour,Neko Harbor,PL,Polar Latitudes,64°50.57’S,62°32.22’W,-64.8492,-62.5394,2,2.71,,1,,,,,,NA,,,,,,,,,,,,,,,,
FP_NH_GA_2017129,2017 2018,2,2017,12,9,9/Dec/17,8:45,NH,Neko Harbour,Neko Harbor,GA,G Adventures,64°50.57’S,62°32.22’W,-64.8492,-62.5394,3.75,5.08,,0,,,,,,NA,,,,,,,,,,,,,,,,
FP_CC_A21_20171213,2017 2018,2,2017,12,13,13/Dec/17,16:11,CC,Cierva Cove,Cierva Cove,A21,Antarctica 21,64°7.41’S,60°56.79’W,-64.1281,-60.9553,7,9.48,,1,,,,,,NA,,,,,,,,,,,,,,,,
FP_CI_A21_20171214,2017 2018,2,2017,12,14,14/Dec/17,9:55,CI,Cuverville Island,Cuverville Island,A21,Antarctica 21,64°40.2’S,62°38.4’W,-64.6672,-62.6344,5,6.77,,1,,,,,,NA,,,,,,,,,,,,,,,,
FP_PH_A21_20171214,2017 2018,2,2017,12,14,14/Dec/17,16:00,PH,Paradise Bay/Base Brown,Base Brown,A21,Antarctica 21,64°54.664,62°51.942,,,7,9.48,,,,,,,,NA,,,,,,,,,,,,,,,,
FP_PH_A21_20171214,2017 2018,2,2017,12,14,14/Dec/17,16:00,PH,Paradise Bay/Base Brown,Base Brown,A21,Antarctica 21,64°54.665,62°51.943,,,7,9.48,,2,,,,,,NA,,,,,,,,,,,,,,,,
FP_WB_A21_20171215,2017 2018,2,2017,12,15,15/Dec/17,15:58,WB,Wilhelmina Bay,Wilhelmina Bay,A21,Antarctica 21,64°39.41’S,62°08.14’W,-64.6614,-62.1372,4.5,6.1,,1,,,,,,NA,,,,,,,,,,,,,,,,
FP_DI_GA_20171216,2017 2018,2,2017,12,16,16/Dec/17,15:45,DI,Danco Island,Danco Island,GA,G Adventures,64°45.03'S,062°36.19'W,-64.7508,-62.6053,6,8.13,,0,,Net sample #2,1,,,NA,,,,,,,,,,,,,,,,
FP_NH_GA_20171216,2017 2018,2,2017,12,16,16/Dec/17,10:15,NH,Neko Harbour,Neko Harbor,GA,G Adventures,64°50.57’S,62°32.22’W,-64.8492,-62.5394,5.5,7.45,,0,,Net sample #1,1,,,NA,,,,,,,,,,,,,,,,
FP_CC_A21_20171218,2017 2018,2,2017,12,18,18/Dec/17,10:06,CC,Cierva Cove,Cierva Cove,A21,Antarctica 21,64°7.41’S,60°56.79’W,-64.1281,-60.9553,11.2,15.17,,2,,,,,,NA,,,,,,,,,,,,,,,,
FP_PH_GA_20171218,2017 2018,2,2017,12,18,18/Dec/17,16:20,PH,Paradise Bay/Base Brown,Base Brown,GA,G Adventures,64°53.245,062°51.80,,,5.25,7.11,,0,,Net sample #3,1,,,NA,,,,,,,,,,,,,,,,
FP_DI_A21_20171219,2017 2018,2,2017,12,19,19/Dec/17,9:48,DI,Danco Island,Danco Island,A21,Antarctica 21,64°45.03'S,062°36.19'W,-64.7508,-62.6053,4.5,6.1,,2,,,,,,NA,,,,,,,,,,,,,,,,
FP_CI_A21_20171220,2017 2018,2,2017,12,20,20/Dec/17,15:47,CI,Cuverville Island,Cuverville Island,A21,Antarctica 21,64°40.2’S,62°38.4’W,-64.6672,-62.6344,4.8,6.5,,2,,,,,,NA,,,,,,,,,,,,,,,,
FP_DI_GA_20171225,2017 2018,2,2017,12,25,25/Dec/17,10:40,DI,Danco Island,Danco Island,GA,G Adventures,64°45.03'S,062°36.19'W,-64.7508,-62.6053,3.75,5.08,,0,,Net sample #5,1,,,NA,,,,,,,,,,,,,,,,
FP_OH_A21_20171225,2017 2018,2,2017,12,25,25/Dec/17,15:50,OH,Orne Harbour,Orne Harbour,A21,Antarctica 21,062°32.21'S,64°38.27'W,-64.6408,-62.5392,4.7,6.37,,2,,,,,,NA,,,,,,,,,,,,,,,,
FP_PH_GA_20171225,2017 2018,2,2017,12,25,25/Dec/17,16:55,PH,Paradise Bay/Base Brown,Base Brown,GA,G Adventures,64°53.21,062°52.25,,,7.5,10.16,,0,,Net sample #4,1,,,NA,,,,,,,,,,,,,,,,
FP_GS_A21_20171225,2017 2018,2,2017,12,25,25/Dec/17,9:15,GS,Gerlache Straight Andvord Bay,Gerlache Strait,A21,Antarctica 21,64°47.686,062°41.536,NA,NA,,,,2,,,,,,NA,,,,,,,,,,,,,,,,
FP_PI_GA_20171226,2017 2018,2,2017,12,26,26/Dec/17,15:00,PI,PETERMAN,Petermann Island,GA,G Adventures,65°10.95’S,64°08.21’W,-65.1931,-64.1392,8,10.84,,1,,,,,,NA,,,,,,,,,,,,,,,,
FP_CI_A21_20171228,2017 2018,2,2017,12,28,28/Dec/17,9:30,CI,Cuverville Island,Cuverville Island,A21,Antarctica 21,64°40.2’S,62°38.4’W,-64.6672,-62.6344,4.7,6.37,,2,,,,,,NA,,,,,,,,,,,,,,,,
FP_NH_GA_20171228,2017 2018,2,2017,12,28,28/Dec/17,16:00,NH,Neko Harbour,Neko Harbor,GA,G Adventures,64°50.57’S,62°32.22’W,-64.8492,-62.5394,5.75,7.79,,0,,Net sample #6,1,,,NA,,,,,,,,,,,,,,,,
FP_UI_A21_20171230,2017 2018,2,2017,12,30,30/Dec/17,14:10,UI,Station 1 Gerlache Useful Andvord Bay,Useful Island,A21,Antarctica 21,,,,,3.6,4.88,,2,Y,,,,,NA,,,,,,,,,,,,,,,,
FP_DI_A21_20171230,2017 2018,2,2017,12,30,30/Dec/17,14:51,DI,Station 2 Errera Andvord Bay,Danco Island,A21,Antarctica 21,,,,,5.4,7.31,,2,Y,,,,,NA,,,,,,,,,,,,,,,,
FP_AB_A21_20171230,2017 2018,2,2017,12,30,30/Dec/17,15:25,AB,Station 3 mid Andvord Bay,Andvord Bay,A21,Antarctica 21,,,,,7,9.48,,2,Y,,,,,NA,,,,,,,,,,,,,,,,
FP_NH_A21_20171230,2017 2018,2,2017,12,30,30/Dec/17,16:32,NH,Station 4 Int Andvord Bay,Neko Harbor,A21,Antarctica 21,,,,,7,9.48,,2,Y,,,,,NA,,,,,,,,,,,,,,,,
FP_NH_A21_20171230,2017 2018,2,2017,12,30,30/Dec/17,17:47,NH,Station 5 Neko Andvord Bay,Neko Harbor,A21,Antarctica 21,,,,,6.2,8.40,,2,Y,,,,,NA,,,,,,,,,,,,,,,,
FP_OH_A21_20171230,2017 2018,2,2017,12,30,30/Dec/17,10:20,OH,Orne Harbour,Orne Harbour,A21,Antarctica 21,64°38.27'W,062°32.21'S,-64.6408,-62.5392,7.4,10.02,,2,,,,,,NA,,,,,,,,,,,,,,,,
FP_BB_GA_20171230,2017 2018,2,2017,12,30,30/Dec/17,15:30,BB,BROWN BLUFF,Brown Bluff,GA,G Adventures,63°31.11'S,56°51.83'W,-63.5197,-56.8731,7,9.48,,1,,,,,,NA,,,,,,,,,,,,,,,,
FP_SI_PL_20171231,2017 2018,2,2017,12,31,31/Dec/17,,SI,Stonington,Stonington Island,PL,Polar Latitudes,,,,,,,,1,,,,,,NA,,,,,,,,,,,,,,,,
FP_PH_?_201811,2017 2018,2,2018,1,1,1/Jan/18,,PH,Paradise Bay/Base Brown,Base Brown,?,?,,,,,,,,0,,,,,,NA,,,,,,,,,,,,,,,,
FP_CC_A21_201812,2017 2018,2,2018,1,2,2/Jan/18,9:53,CC,Cierva Cove,Cierva Cove,A21,Antarctica 21,64°7.41’S,60°56.79’W,-64.1281,-60.9553,7.9,10.70,,1,,,,,,NA,,,,,,,,,,,,,,,,
FP_DI_?_201812,2017 2018,2,2018,1,2,2/Jan/18,or is this Jan 12?,DI,Danco Island,Danco Island,?,?,64°45.03'S,062°36.19'W,-64.7508,-62.6053,,,,0,,,,,,NA,,,,,,,,,,,,,,,,
FP_LF_LE_201812,2017 2018,2,2018,1,2,2/Jan/18,18:11,LF,Lallemand Fjord (Webster #1),Lallemand Fjord,LE,Lindblad Expeditions,,,-66.952,-66.8357,10,13.54,,1,,,,,,NA,,,,,,,,,,,,,,,,
FP_HB_LE_201812,2017 2018,2,2018,1,2,2/Jan/18,13:04,HB,Hanusse Bay (Webster #2),Hanusse Bay,LE,Lindblad Expeditions,,,-66.8927,-67.2231,25.5,34.54,,1,,,,,,NA,,,,,,,,,,,,,,,,
FP___201812,2017 2018,2,2018,1,2,2/Jan/18,20:08,,?,?,,,,,,,,,,,,,,,,NA,,,,,,,,,,,,,,,,
FP___201812,2017 2018,2,2018,1,2,2/Jan/18,21:14,,?,?,,,,,,,,,,,,,,,,NA,,,,,,,,,,,,,,,,
FP_NH_LE_201814,2017 2018,2,2018,1,4,4/Jan/18,14:30,NH,Neko Harbour,Neko Harbor,LE,Lindblad Expeditions,64°50.57’S,62°32.22’W,-64.8492,-62.5394,10,13.54,,1,,,,,,NA,,,,,,,,,,,,,,,,
FP_CI_QE_201815,2017 2018,2,2018,1,5,5/Jan/18,10:30,CI,Cuverville Island,Cuverville Island,QE,Quixote Expeditions,64°40.2’S,62°38.4’W,-64.6672,-62.6344,7.5,10.16,,0,,,,,,NA,,,,,,,,,,,,,,,,
FP_PH_QE_201815,2017 2018,2,2018,1,5,5/Jan/18,18:00,PH,Base Brown,Base Brown,QE,Quixote Expeditions,,,,,2,2.71,,1,,,,,,NA,,,,,,,,,,,,,,,,
FP_CI_GA_201816,2017 2018,2,2018,1,6,6/Jan/18,9:30,CI,Cuverville Island,Cuverville Island,GA,G Adventures,64°40.2’S,62°38.4’W,-64.6672,-62.6344,7.5,10.16,,,,,,,,NA,,,,,,,,,,,,,,,,
FP_PH_GA_201816,2017 2018,2,2018,1,6,6/Jan/18,16:15,PH,Paradise Bay/Base Brown,Base Brown,GA,G Adventures,64°53.27,062°51.78,,,4.75,6.43,,0,,,,,,NA,,,,,,,,,,,,,,,,
FP_CI_GA_201816,2017 2018,2,2018,1,6,6/Jan/18,,CI,Cuverville Island,Cuverville Island,GA,G Adventures,64°40.25,062°38.50,,,,,,0,,Net sample #7,1,,,NA,,,,,,,,,,,,,,,,
FP_CC_?_201817,2017 2018,2,2018,1,7,7/Jan/18,,CC,Cierva Cove,Cierva Cove,?,?,64°7.41’S,60°56.79’W,-64.1281,-60.9553,,,,0,,,,,,NA,,,,,,,,,,,,,,,,
FP_PI_GA_201817,2017 2018,2,2018,1,7,7/Jan/18,16:00,PI,Peterman,Petermann Island,GA,G Adventures,65°10.95’S,64°08.21’W,-65.1931,-64.1392,6.25,8.47,,1,,,,,,NA,,,,,,,,,,,,,,,,
FP_WB_QE_201817,2017 2018,2,2018,1,7,7/Jan/18,14:10,WB,Wilhelmina Bay,Wilhelmina Bay,QE,Quixote Expeditions,64°39.41’S,62°08.14’W,-64.6614,-62.1372,7,9.48,,1,,,,,,NA,,,,,,,,,,,,,,,,
FP_EI_QE_201819,2017 2018,2,2018,1,9,9/Jan/18,14:00,EI,FOYN,Enterprise Island,QE,Quixote Expeditions,,,,,5,6.77,,1,,,,,,NA,,,,,,,,,,,,,,,,
FP_CC_PL_2018110,2017 2018,2,2018,1,10,10/Jan/18,,CC,Cierva Cove,Cierva Cove,PL,Polar Latitudes,64°7.41’S,60°56.79’W,-64.1281,-60.9553,,,,1,,,,,,NA,,,,,,,,,,,,,,,,
FP_NH_LE_2018111,2017 2018,2,2018,1,11,11/Jan/18,18:23,NH,Neko Harbour,Neko Harbor,LE,Lindblad Expeditions,64°50.57’S,62°32.22’W,-64.8492,-62.5394,4,5.42,,1,,,,,,NA,,,,,,,,,,,,,,,,
FP_PH_PL_2018111,2017 2018,2,2018,1,11,11/Jan/18,,PH,Paradise Harbour,Paradise Harbour,PL,Polar Latitudes,,,,,,,,1,,,,,,NA,,,,,,,,,,,,,,,,
FP_BB_?_2018115,2017 2018,2,2018,1,15,15/Jan/18,,BB,Brown Bluff,Brown Bluff,?,?,63°31.11'S,56°51.83'W,-63.5197,-56.8731,,,,0,,,,,,NA,,,,,,,,,,,,,,,,
FP_DB_LE_2018115,2017 2018,2,2018,1,15,15/Jan/18,19:06,DB,Dallman Bay,Dallman Bay,LE,Lindblad Expeditions,,,-64.6514,-63.1511,7,9.48,,1,,,,,,NA,,,,,,,,,,,,,,,,
FP_EI_QE_2018118,2017 2018,2,2018,1,18,18/Jan/18,9:45,EI,Enterprise Island,Enterprise Island,QE,Quixote Expeditions,64°30.43'S,61°58.48'W,-64.5119,-61.98,9,12.19,,1,,,,,,NA,,,,,,,,,,,,,,,,
FP_CI_QE_2018119,2017 2018,2,2018,1,19,19/Jan/18,17:20,CI,Cuverville Island,Cuverville Island,QE,Quixote Expeditions,64°40.2’S,62°38.4’W,-64.6672,-62.6344,12,16.25,,1,,,,,,NA,,,,,,,,,,,,,,,,
FP_WB_QE_2018119,2017 2018,2,2018,1,19,19/Jan/18,13:35,WB,Wilhelmina Bay,Wilhelmina Bay,QE,Quixote Expeditions,64°39.41’S,62°08.14’W,-64.6614,-62.1372,13,17.61,,1,,,,,,NA,,,,,,,,,,,,,,,,
FP_DI_QE_2018120,2017 2018,2,2018,1,20,20/Jan/18,14:10,DI,Danco Island,Danco Island,QE,Quixote Expeditions,64°45.03'S,062°36.19'W,-64.7508,-62.6053,13,17.61,,1,,,,,,NA,,,,,,,,,,,,,,,,
FP_NH_PL_2018120,2017 2018,2,2018,1,20,20/Jan/18,,NH,Neko Harbour,Neko Harbor,PL,Polar Latitudes,64°50.57’S,62°32.22’W,-64.8492,-62.5394,,,,1,,,,,,NA,,,,,,,,,,,,,,,,
FP_CI_PL_2018121,2017 2018,2,2018,1,21,21/Jan/18,,CI,Cuverville Island,Cuverville Island,PL,Polar Latitudes,64°40.2’S,62°38.4’W,-64.6672,-62.6344,,,,1,,,,,,NA,,,,,,,,,,,,,,,,
FP_CC_PL_2018122,2017 2018,2,2018,1,22,22/Jan/18,,CC,Cierva Cove,Cierva Cove,PL,Polar Latitudes,64°7.41’S,60°56.79’W,-64.1281,-60.9553,,,,1,,,,,,NA,,,,,,,,,,,,,,,,
FP_BB_GA_2018125,2017 2018,2,2018,1,25,25/Jan/18,9:50,BB,Brown Bluff,Brown Bluff,GA,G Adventures,63°49.92,56°85.67,,,20.5,27.77,,1,,,,,,NA,,,,,,,,,,,,,,,,
FP_BB_HE_2018130,2017 2018,2,2018,1,30,30/Jan/18,16:16,BB,Brown Bluff,Brown Bluff,HE,Hanse Explorer,63°31.11'S,56°51.83'W,-63.5197,-56.8731,8.95,12.12,,1,,,,,,NA,,,,,,,,,,,,,,,,
FP_CC_HE_201823,2017 2018,2,2018,2,3,3/Feb/18,16:25,CC,Cierva Cove,Cierva Cove,HE,Hanse Explorer,64°7.41’S,60°56.79’W,-64.1281,-60.9553,10.05,13.61,,1,,,,,,NA,,,,,,,,,,,,,,,,
FP_DI_GA_201823,2017 2018,2,2018,2,3,3/Feb/18,9:12,DI,Danco Island,Danco Island,GA,G Adventures,64°45.03'S,062°36.19'W,-64.7508,-62.6053,13.5,18.29,,1,,,,,,NA,,,,,,,,,,,,,,,,
FP_PH_GA_201825,2017 2018,2,2018,2,5,5/Feb/18,10:00,PH,Paradise Bay/Base Brown,Base Brown,GA,G Adventures,64°53.313,062°52.058,,,11,14.90,,1,,,,,,NA,,,,,,,,,,,,,,,,
FP_DI_HE_201826,2017 2018,2,2018,2,6,6/Feb/18,14:10,DI,Danco Island,Danco Island,HE,Hanse Explorer,64°45.03'S,062°36.19'W,-64.7508,-62.6053,5.63,7.63,,1,,,,,,NA,,,,,,,,,,,,,,,,
FP_OH_HE_201826,2017 2018,2,2018,2,6,6/Feb/18,17:00,OH,Orne Harbour,Orne Harbour,HE,Hanse Explorer,64°38.27'W,062°32.21'S,-64.6408,-62.5392,NA,,,1,,,,,,NA,,,,,,,,,,,,,,,,
FP_DI_GA_2018212,2017 2018,2,2018,2,12,12/Feb/18,9:15,DI,Danco Island,Danco Island,GA,G Adventures,64°45.03'S,062°36.19'W,-64.7508,-62.6053,13.3,18.01,,1,,,,,,NA,,,,,,,,,,,,,,,,
FP_PH_GA_2018212,2017 2018,2,2018,2,12,12/Feb/18,14:50,PH,Paradise Bay/Base Brown,Base Brown,GA,G Adventures,64°51.68,62°52.027,,,8.8,11.92,,1,,,,,,NA,,,,,,,,,,,,,,,,
FP_EI_QE_2018215,2017 2018,2,2018,2,15,15/Feb/18,17:35,EI,Foyn,Enterprise Island,QE,Quixote Expeditions,,,,,9,12.19,,1,,,,,,NA,,,,,,,,,,,,,,,,
FP_SI_GA_2018215,2017 2018,2,2018,2,15,15/Feb/18,14:22,SI,Stonington,Stonington Island,GA,G Adventures,68°10.95'S,067°01.29'W,-68.1930556,-67.0247222,5.8,7.86,,1,,,,,,NA,,,,,,,,,,,,,,,,
FP_CI_PL_2018216,2017 2018,2,2018,2,16,16/Feb/18,10:00,CI,Cuverville Island,Cuverville Island,PL,Polar Latitudes,64°40.2’S,62°38.4’W,-64.6672,-62.6344,9.59,12.99,,1,,,,,,NA,,,,,,,,,,,,,,,,
FP_NH_PL_2018216,2017 2018,2,2018,2,16,16/Feb/18,17:17,NH,Neko Harbour,Neko Harbor,PL,Polar Latitudes,64°50.57’S,62°32.22’W,-64.8492,-62.5394,9.58,12.98,,1,,,,,,NA,,,,,,,,,,,,,,,,
FP_WB_QE_2018217,2017 2018,2,2018,2,17,17/Feb/18,11:13,WB,Wilhelmina Bay,Wilhelmina Bay,QE,Quixote Expeditions,64°39.41’S,62°08.14’W,-64.6614,-62.1372,11,14.90,,1,,,,,,NA,,,,,,,,,,,,,,,,
FP_DI_QE_2018218,2017 2018,2,2018,2,18,18/Feb/18,12:19,DI,Danco Island,Danco Island,QE,Quixote Expeditions,64°45.03'S,062°36.19'W,-64.7508,-62.6053,9.5,12.87,,1,,,,,,NA,,,,,,,,,,,,,,,,
FP_CI_QE_2018218,2017 2018,2,2018,2,18,18/Feb/18,10:48,CI,Cuverville,Cuverville Island,QE,Quixote Expeditions,64°40.501 S,062°37.864'W,,,NA,,,,,,,,,NA,,,,,,,,,,,,,,,,
FP_PH_QE_2018218,2017 2018,2,2018,2,18,18/Feb/18,19:28,PH,Paradise Bay/Base Brown,Base Brown,QE,Quixote Expeditions,,,,,8,10.84,,1,,,,,,NA,,,,,,,,,,,,,,,,
FP_MB_PL_2018219,2017 2018,2,2018,2,19,19/Feb/18,11:34,MB,Marguerite Bay,Marguerite Bay,PL,Polar Latitudes,68°11.3,67°00.0W,,,7.7,10.43,,1,,,,,,NA,,,,,,,,,,,,,,,,
FP_SI_?_2018219,2017 2018,2,2018,2,19,19/Feb/18,,SI,Stonington,Stonington Island,?,?,68°10.95'S,067°01.29'W,-68.1930556,-67.0247222,,,,,,,,,,NA,,,,,,,,,,,,,,,,
FP_NH_LE_2018220,2017 2018,2,2018,2,20,20/Feb/18,17:46,NH,Neko Harbour,Neko Harbor,LE,Lindblad Expeditions,64°50.57’S,62°32.22’W,-64.8492,-62.5394,11,14.90,,1,,,,,,NA,,,,,,,,,,,,,,,,
FP_dEI_HE_2018223,2017 2018,2,2018,2,23,23/Feb/18,,dEI,Isla de los Estados - Bahia York,de los Estados Island,HE,Hanse Esplorer,54°48.40,064°17.29,,,,,,1,,,,,,NA,,,,,,,,,,,,,,,,
FP_SI_GA_2018228,2017 2018,2,2018,2,28,28/Feb/18,9:00,SI,Stonington,Stonington Island,GA,G Adventures,68°10.95'S,067°01.29'W,-68.1930556,-67.0247222,4,5.42,,1,,,,,,NA,,,,,,,,,,,,,,,,
FP_PI_GA_201831,2017 2018,2,2018,3,1,1/Mar/18,15:50,PI,Peterman,Petermann Island,GA,G Adventures,65°10.95’S,64°08.21’W,-65.1931,-64.1392,5.2,7.04,,1,,,,,,NA,,,,,,,,,,,,,,,,
FP_CI_PL_201833,2017 2018,2,2018,3,3,3/Mar/18,9:35,CI,Cuverville Island,Cuverville Island,PL,Polar Latitudes,64°40.2’S,62°38.4’W,-64.6672,-62.6344,9.36,12.68,,1,,,,,,NA,,,,,,,,,,,,,,,,
FP_PH_PL_201833,2017 2018,2,2018,3,3,3/Mar/18,9:25,PH,Paradise Bay/Base Brown,Base Brown,PL,Polar Latitudes,64°53.40,062°52.44,,,8.1,10.97,,1,,,,,,NA,,,,,,,,,,,,,,,,
FP_PI_GA_201839,2017 2018,2,2018,3,9,9/Mar/18,15:00,PI,Peterman,Petermann Island,GA,G Adventures,65°10.95’S,64°08.21’W,-65.1931,-64.1392,4,5.42,,1,,,,,,NA,,,,,,,,,,,,,,,,
FP_NH_GA_2018310,2017 2018,2,2018,3,10,10/Mar/18,14:20,NH,Neko Harbour,Neko Harbor,GA,G Adventures,64°50.57’S,62°32.22’W,-64.8492,-62.5394,5.4,7.31,,1,,,,,,NA,,,,,,,,,,,,,,,,
FP_PH_GA_2018310,2017 2018,2,2018,3,10,10/Mar/18,9:30,PH,Paradise Bay/Base Brown,Base Brown,GA,G Adventures,64°54.7025,62°52.076,,,3,4.06,,1,,,,,,NA,,,,,,,,,,,,,,,,
FP_CI_GA_2018311,2017 2018,2,2018,3,11,11/Mar/18,9:00,CI,Cuverville Island,Cuverville Island,GA,G Adventures,64°40.2’S,62°38.4’W,-64.6672,-62.6344,10.7,14.49,,1,,,,,,NA,,,,,,,,,,,,,,,,
FP_CI_GA_2018317,2017 2018,2,2018,3,17,17/Mar/18,14:20,CI,Cuverville Island,Cuverville Island,GA,G Adventures,64°40.2’S,62°38.4’W,-64.6672,-62.6344,8.85,11.99,,1,,,,,,NA,,,,,,,,,,,,,,,,
FP_NH_GA_2018317,2017 2018,2,2018,3,17,17/Mar/18,9:00,NH,Neko Harbour,Neko Harbor,GA,G Adventures,64°50.57’S,62°32.22’W,-64.8492,-62.5394,NA - too much drift,,,1,,,,,,NA,,,,,,,,,,,,,,,,
FP_PM_GA_2018318,2017 2018,2,2018,3,18,18/Mar/18,14:40,PM,Peterman,Petermann Island,GA,G Adventures,65°10.95’S,64°08.21’W,-65.1931,-64.1392,4.8,6.50,,1,,,,,,NA,,,,,,,,,,,,,,,,
FP_NH_HU_2018112,2018 2019,3,2018,11,2,2/Nov/18,19:46,NH,Neko Harbour,Neko Harbor,HU,Hurtigruten Expeditions,,,,,5.7,7.72,,1,,,,,,NA,,,,,,,,,,,,,,,,
FP_OH_HU_20181111,2018 2019,3,2018,11,11,11/Nov/18,11:50,OH,Orne Harbour,Orne Harbour,HU,Hurtigruten Expeditions,64°38.27'W,062°32.21'S,-64.6408,-62.5392,16.46,22.29,,0,,,,,,NA,,,,,,,,,,,,,,,,
FP_CI_HU_20181112,2018 2019,3,2018,11,12,12/Nov/18,16:09,CI,Cuverville Island,Cuverville Island,HU,Hurtigruten Expeditions,64°40.2’S,62°38.4’W,-64.6672,-62.6344,NA,,,1,,,,,,NA,,,,,,,,,,,,,,,,
FP_CI_HU_20181122,2018 2019,3,2018,11,22,22/Nov/18,10:55,CI,Cuverville Island,Cuverville Island,HU,Hurtigruten Expeditions,64°40.2’S,62°38.4’W,-64.6672,-62.6344,11.3,15.31,,1,,,,,,NA,,,,,,,,,,,,,,,,
FP_CI_PL_20181128,2018 2019,3,2018,11,28,28/Nov/18,9:20,CI,Cuverville Island,Cuverville Island,PL,Polar Latitudes,64°40.2’S,62°38.4’W,-64.6672,-62.6344,14.3,19.37,,1,,,,,,NA,,,,,,,,,,,,,,,,
FP_CI_HU_2018125,2018 2019,3,2018,12,5,5/Dec/18,17:10,CI,Cuverville Island,Cuverville Island,HU,Hurtigruten Expeditions,64°40.2’S,62°38.4’W,-64.6672,-62.6344,13.1,17.74,,1,,,,,,NA,,,,,,,,,,,,,,,,
FP_CC_GA_2018128,2018 2019,3,2018,12,8,8/Dec/18,8:31,CC,Cierva Cove,Cierva Cove,GA,G Adventures,64°7.41’S,60°56.79’W,-64.1281,-60.9553,7.5,10.16,two,1,,,,,,NA,,,,,,,,,,,,,,,,
FP_CC_PL_2018128,2018 2019,3,2018,12,8,8/Dec/18,16:00,CC,Cierva Cove,Cierva Cove,PL,Polar Latitudes,64°7.41’S,60°56.79’W,-64.1281,-60.9553,8,10.84,,1,,,,,,NA,,,,,,,,,,,,,,,,
FP_NH_GA_2018129,2018 2019,3,2018,12,9,9/Dec/18,8:45,NH,Neko Harbour,Neko Harbor,GA,G Adventures,64°50.57’S,62°32.22’W,-64.8492,-62.5394,10.32,13.98,,1,,,,,,NA,,,,,,,,,,,,,,,,
FP_PH_GA_2018129,2018 2019,3,2018,12,9,9/Dec/18,15:32,PH,Paradise Bay,Paradise Harbour,GA,G Adventures,64°54.66'S,062°51.94'W,-64.9183,-62.8761,8.1,10.97,,1,,,,,,NA,,,,,,,,,,,,,,,,
FP_CI_PL_20181210,2018 2019,3,2018,12,10,10/Dec/18,10:30,CI,Cuverville Island,Cuverville Island,PL,Polar Latitudes,64°40.2’S,62°38.4’W,-64.6672,-62.6344,12,16.25,,1,,,,,,NA,,,,,,,,,,,,,,,,
FP_OH_PL_20181210,2018 2019,3,2018,12,10,10/Dec/18,15:00,OH,Orne Harbour,Orne Harbour,PL,Polar Latitudes,64°38.27'W,062°32.21'S,-64.6408,-62.5392,9.65,13.07,,1,,,,,,NA,,,,,,,,,,,,,,,,
FP_DI_PL_20181213,2018 2019,3,2018,12,13,13/Dec/18,15:41,DI,Danco Island,Danco Island,PL,Polar Latitudes,64°45.03'S,062°36.19'W,-64.7508,-62.6053,8.8,11.92,,1,,,,,,NA,,,,,,,,,,,,,,,,
FP_NH_PL_20181214,2018 2019,3,2018,12,14,14/Dec/18,9:10,NH,Neko Harbour,Neko Harbor,PL,Polar Latitudes,64°50.57’S,62°32.22’W,-64.8492,-62.5394,6.1,8.26,,1,,,,,,NA,,,,,,,,,,,,,,,,
FP_OH_PL_20181215,2018 2019,3,2018,12,15,15/Dec/18,15:25,OH,Orne Harbour,Orne Harbour,PL,Polar Latitudes,64°38.27'W,062°32.21'S,-64.6408,-62.5392,9.5,12.87,,1,,,,,,NA,,,,,,,,,,,,,,,,
FP_DI_GA_20181216,2018 2019,3,2018,12,16,16/Dec/18,8:50,DI,Danco Island,Danco Island,GA,G Adventures,64°45.03'S,062°36.19'W,-64.7508,-62.6053,6.93,9.39,,1,,,,,,NA,,,,,,,,,,,,,,,,
FP_NH_GA_20181216,2018 2019,3,2018,12,16,16/Dec/18,14:26,NH,Neko Harbour,Neko Harbor,GA,G Adventures,64°50.57’S,62°32.22’W,-64.8492,-62.5394,6.86,9.29,,1,,,,,,NA,,,,,,,,,,,,,,,,
FP_PH_PL_20181220,2018 2019,3,2018,12,20,20/Dec/18,9:47,PH,Paradise Bay,Paradise Harbour,PL,Polar Latitudes,,,,,8.59,11.63,,1,,,,,,NA,,,,,,,,,,,,,,,,
FP_CI_PL_20181224,2018 2019,3,2018,12,24,24/Dec/18,16:40,CI,Cuverville Island,Cuverville Island,PL,Polar Latitudes,64°40.2’S,62°38.4’W,-64.6672,-62.6344,8.8,11.92,,1,,,,,,NA,,,,,,,,,,,,,,,,
FP_CI_GA_20181225,2018 2019,3,2018,12,25,25/Dec/18,8:46,CI,Cuverville Island,Cuverville Island,GA,G Adventures,64°40.2’S,62°38.4’W,-64.6672,-62.6344,8.99,12.18,,1,,,,,,NA,,,,,,,,,,,,,,,,
FP_OH_PL_20181225,2018 2019,3,2018,12,25,25/Dec/18,15:36,OH,Orne Harbour,Orne Harbour,PL,Polar Latitudes,64°38.27'W,062°32.21'S,-64.6408,-62.5392,11,14.90,,1,,,,,,NA,,,,,,,,,,,,,,,,
FP_PH_GA_20181225,2018 2019,3,2018,12,25,25/Dec/18,15:08,PH,Paradise Bay,Paradise Harbour,GA,G Adventures,64°54.66'S,062°51.94'W,-64.9183,-62.8761,4.46,6.04,,1,,,,,,NA,,,,,,,,,,,,,,,,
FP_PH_QE_20181226,2018 2019,3,2018,12,26,26/Dec/18,11:46,PH,Paradise Bay,Paradise Harbour,QE,Quixote Expeditions,64°54.66'S,062°51.94'W,-64.9183,-62.8761,10,13.54,,1,,,,,,NA,,,,,,,,,,,,,,,,
FP_NH_GA_20181228,2018 2019,3,2018,12,28,28/Dec/18,14:37,NH,Neko Harbour,Neko Harbor,GA,G Adventures,64°50.57’S,62°32.22’W,-64.8492,-62.5394,8.8,11.92,,1,,,,,,NA,,,,,,,,,,,,,,,,
FP_WB_HU_20181231,2018 2019,3,2018,12,31,31/Dec/18,15:27,WB,Wilhelmina Bay,Wilhelmina Bay,HU,Hurtigruten Expeditions,64°39.41’S,62°08.14’W,-64.6614,-62.1372,11.1,15.03,,1,,,,,,NA,,,,,,,,,,,,,,,,
FP_DI_GA_201915,2018 2019,3,2019,1,5,5/Jan/19,3:00,DI,Danco Island,Danco Island,GA,G Expedition,,,,,10.16,13.76,,,,,,,,NA,,,,,,,,,,,,,,,,
FP_EI_QE_201916,2018 2019,3,2019,1,6,6/Jan/19,18:05,EI,Enterprise Island,Enterprise Island,QE,Quixote Expeditions,,,,,9.26,12.54,,1,,,,,,NA,,,,,,,,,,,,,,,,
FP_NH_HU_201919,2018 2019,3,2019,1,9,9/Jan/19,19:20,NH,Neko Harbour,Neko Harbor,HU,Hurtigruten Expeditions,64°50.57’S,62°32.22’W,-64.8492,-62.5394,4.18,5.66,,1,,,,,,NA,,,,,,,,,,,,,,,,
FP_EI_HU_2019111,2018 2019,3,2019,1,11,11/Jan/19,15:20,EI,Wilhelmina Bay/Enterprise Island,Enterprise Island,HU,Hurtigruten Expeditions,64°30.43'S,61°58.48'W,-64.5119,-61.98,7.23,9.79,,1,,,,,,NA,,,,,,,,,,,,,,,,
FP_EI_QE_2019112,2018 2019,3,2019,1,12,12/Jan/19,9:32,EI,Wilhelmina Bay/Enterprise Island,Enterprise Island,QE,Quixote Expeditions,64°30.43'S,61°58.48'W,-64.5119,-61.98,9,12.19,,1,,,,,,NA,,,,,,,,,,,,,,,,
FP_CC_PL_2019115,2018 2019,3,2019,1,15,15/Jan/19,14:55,CC,Cierva Cove,Cierva Cove,PL,Polar Latitudes,64°07.396',60°56.703',,,8.2,11.11,,1,,,,,,NA,,,,,,,,,,,,,,,,
FP_WB_HU_2019118,2018 2019,3,2019,1,18,18/Jan/19,15:30,WB,Wilhelmina Bay,Wilhelmina Bay,HU,Hurtigruten Expeditions,64°39.41’S,62°08.14’W,-64.6614,-62.1372,8.13,11.01,,1,,,,,,NA,,,,,,,,,,,,,,,,
FP_CC_PL_2019119,2018 2019,3,2019,1,19,19/Jan/19,,CC,Cierva Cove,Cierva Cove,PL,Polar Latitudes,64°7.41’S,60°56.79’W,-64.1281,-60.9553,,,,?,N,,,,,NA,,,,,,,,,,,,,,,,
FP_CI_QE_2019119,2018 2019,3,2019,1,19,19/Jan/19,18:55,CI,Cuverville Island,Cuverville Island,QE,Quixote Expeditions,64°40.2’S,62°38.4’W,-64.6672,-62.6344,3.8,5.15,,1,,,,,,NA,,,,,,,,,,,,,,,,
FP_DI_HU_2019119,2018 2019,3,2019,1,19,19/Jan/19,11:00,DI,Danco Island,Danco Island,HU,Hurtigruten Expeditions,64°45.03'S,062°36.19'W,-64.7508,-62.6053,6.41,8.68,,1,,,,,,NA,,,,,,,,,,,,,,,,
FP_NH_A21_2019121,2018 2019,3,2019,1,21,21/Jan/19,9:29,NH,Neko Harbour,Neko Harbor,A21,Antarctica 21,64°50.57’S,62°32.22’W,-64.8492,-62.5394,8,10.84,,1,,,,,,NA,,,,,,,,,,,,,,,,
FP_WB_A21_2019121,2018 2019,3,2019,1,21,21/Jan/19,16:00,WB,Wilhelmina Bay,Wilhelmina Bay,A21,Antarctica 21,64°39.41’S,62°08.14’W,-64.6614,-62.1372,5.5,7.45,,1,,,,,,NA,,,,,,,,,,,,,,,,
FP_PI_QE_2019122,2018 2019,3,2019,1,22,22/Jan/19,18:44,PI,Petermann Island,Petermann Island,QE,Quixote Expeditions,65°10.95’S,64°08.21’W,-65.1931,-64.1392,4.3,5.82,,1,,,,,,NA,,,,,,,,,,,,,,,,
,2018 2019,,,,,24/Jan/19,,,,,,,,,,,,,,,,,,,,,,,,,,,,,,,,,,,,
FP_DI_GA_2019126,2018 2019,3,2019,1,26,26/Jan/19,9:05,DI,Danco Island,Danco Island,GA,G Adventures,64°45.03'S,062°36.19'W,-64.7508,-62.6053,6.56,8.89,,1,,,,,,NA,,,,,,,,,,,,,,,,
FP_CI_GA_2019126,2018 2019,3,2019,1,26,26/Jan/19,14:35,CI,Cuverville Island,Cuverville Island,GA,G Adventures,64°40.2’S,62°38.4’W,-64.6672,-62.6344,9.16,12.41,,1,,,,,,NA,,,,,,,,,,,,,,,,
FP_PB_A21_2019126,2018 2019,3,2019,1,26,26/Jan/19,9:30,PB,Pleneau Bay,Pleneau Bay,A21,Antarctica 21,-65.0887,-64.0459,-65.0887,-64.0459,5,6.77,,1,,,,,,NA,,,,,,,,,,,,,,,,
FP_NH_GA_2019127,2018 2019,3,2019,1,27,27/Jan/19,8:50,NH,Neko Harbour,Neko Harbor,GA,G Adventures,64°50.57’S,62°32.22’W,-64.8492,-62.5394,7.06,9.56,,1,,,,,,NA,,,,,,,,,,,,,,,,
FP_NH_A21_2019127,2018 2019,3,2019,1,27,27/Jan/19,14:48,NH,Neko Harbour,Neko Harbor,A21,Antarctica 21,64°50.57’S,62°32.22’W,-64.8492,-62.5394,8.5,11.51,,1,,,,,,NA,,,,,,,,,,,,,,,,
FP_PH_A21_2019127,2018 2019,3,2019,1,27,27/Jan/19,11:45,PH,Paradise Bay/Base Brown,Base Brown,A21,Antarctica 21,,,-64.8944235,-62.8708816,5.5,7.45,,1,,,,,,NA,,,,,,,,,,,,,,,,
FP_EI_A21_2019128,2018 2019,3,2019,1,28,28/Jan/19,16:40,EI,Wilhelmina Bay/Enterprise Island,Enterprise Island,A21,Antarctica 21,64°30.43'S,61°58.48'W,-64.5119,-61.98,8.5,11.51,,1,,,,,,NA,,,,,,,,,,,,,,,,
FP_BB_HU_2019128,2018 2019,3,2019,1,28,28/Jan/19,11:30,BB,Brown Bluff,Brown Bluff,HU,Hurtigruten Expeditions,63°31.11'S,56°51.83'W,-63.5197,-56.8731,20.8,28.17,,1,,,,,,NA,,,,,,,,,,,,,,,,
FP_EI_QE_201921,2018 2019,3,2019,2,1,1/Feb/19,13:06,EI,Wilhelmina Bay/Enterprise Island,Enterprise Island,QE,Quixote Expeditions,64°30.43'S,61°58.48'W,-64.5119,-61.98,6.7,9.07,,1,,,,,,NA,,,,,,,,,,,,,,,,
FP_ER_A21_201921,2018 2019,3,2019,2,1,1/Feb/19,10:00,ER,EDEN ROCKS,Eden Rocks,A21,Antarctica 21,-63.5815,-55.6427,-63.5815,-55.6427,19,25.73,,1,,,,,,NA,,,,,,,,,,,,,,,,
FP_CI_QE_201922,2018 2019,3,2019,2,2,2/Feb/19,14:22,CI,Cuverville Island,Cuverville Island,QE,Quixote Expeditions,64°40.2’S,62°38.4’W,-64.6672,-62.6344,9.6,13.00,,1,,,,,,NA,,,,,,,,,,,,,,,,
FP_CI_GA_201923,2018 2019,3,2019,2,3,3/Feb/19,8:48,CI,Cuverville Island,Cuverville Island,GA,G Adventures,64°40.2’S,62°38.4’W,-64.6672,-62.6344,7.63,10.33,,1,,,,,,NA,,,,,,,,,,,,,,,,
FP_NH_GA_201923,2018 2019,3,2019,2,3,3/Feb/19,14:55,NH,Neko Harbour,Neko Harbor,GA,G Adventures,64°50.57’S,62°32.22’W,-64.8492,-62.5394,8.96,12.14,,1,,,,,,NA,,,,,,,,,,,,,,,,
FP_HM_A21_201923,2018 2019,3,2019,2,3,3/Feb/19,16:03,HM,HalfMoon,Half Moon Island,A21,Antarctica 21,-62.6035,-59.9029,-62.6035,-59.9029,7,9.48,,1,,,,,,NA,,,,,,,,,,,,,,,,
FP_PI_QE_201923,2018 2019,3,2019,2,3,3/Feb/19,14:39,PI,Petermann Island,Petermann Island,QE,Quixote Expeditions,65°10.95’S,64°08.21’W,-65.1931,-64.1392,2,2.71,,1,,,,,,NA,,,,,,,,,,,,,,,,
FP_CC_PL_201923,2018 2019,3,2019,2,3,3/Feb/19,15:10,CC,Cierva Cove,Cierva Cove,PL,Polar Latitudes,64°70.41',60°56.79',,,10.5,14.22,,1,,,,,,NA,,,,,,,,,,,,,,,,
FP_PH_PL_201925,2018 2019,3,2019,2,5,5/Feb/19,10:46,PH,Paradise Bay,Paradise Harbour,PL,Polar Latitudes,64°54.66'S,062°51.94'W,-64.9183,-62.8761,7,9.48,,1,,,,,,NA,,,,,,,,,,,,,,,,
,2018 2019,,,,,8/Feb/19,,,,,,,,,,,,,,,,,,,,,,,,,,,,,,,,,,,,
FP_CC_PL_201929,2018 2019,3,2019,2,9,9/Feb/19,,CC,Cierva Cove,Cierva Cove,PL,Polar Latitudes,64°54.665',62°51.94',,,,,,1,,,,,,NA,,,,,,,,,,,,,,,,
FP_OH_A21_2019210,2018 2019,3,2019,2,10,10/Feb/19,,OH,Orne Harbour,Orne Harbour,A21,Antarctica 21,,,,,,,,1,,,,,,NA,,,,,,,,,,,,,,,,
FP_OH_PL_2019210,2018 2019,3,2019,2,10,10/Feb/19,10:40,OH,Orne Harbour,Orne Harbour,PL,Polar Latitudes,64°38.27'W,062°32.21'S,-64.6408,-62.5392,6.6,8.94,,1,,,,,,NA,,,,,,,,,,,,,,,,
FP_PH_HU_2019211,2018 2019,3,2019,2,11,11/Feb/19,17:00,PH,Paradise Bay/Base Brown,Base Brown,HU,Hurtigruten Expeditions,,,,,6.95,9.41,,1,,,,,,NA,,,,,,,,,,,,,,,,
FP_DI_GA_2019212,2018 2019,3,2019,2,12,12/Feb/19,8:53,DI,Danco Island,Danco Island,GA,G Adventures,64°45.03'S,062°36.19'W,-64.7508,-62.6053,9.26,12.54,,1,,,,,,NA,,,,,,,,,,,,,,,,
FP_NH_GA_2019212,2018 2019,3,2019,2,12,12/Feb/19,15:00,NH,Neko Harbour,Neko Harbor,GA,G Adventures,64°50.57’S,62°32.22’W,-64.8492,-62.5394,6.76,9.16,,1,,,,,,NA,,,,,,,,,,,,,,,,
FP_NH_A21_2019215,2018 2019,3,2019,2,15,15/Feb/19,,NH,Neko Harbour,Neko Harbor,A21,Antarctica 21,,,,,,,,1,,,,,,NA,,,,,,,,,,,,,,,,
FP_NH_PL_2019215,2018 2019,3,2019,2,15,15/Feb/19,10:27,NH,Neko Harbour,Neko Harbor,PL,Polar Latitudes,64°50.57’S,62°32.22’W,-64.8492,-62.5394,8.1,10.97,,1,,,,,,NA,,,,,,,,,,,,,,,,
FP_PI_GA_2019217,2018 2019,3,2019,2,17,17/Feb/19,14:30,PI,Petermann Island,Petermann Island,GA,G Adventures,,,,,5.9,7.99,,,,,,,,NA,,,,,,,,,,,,,,,,
FP_PI_GA_2019217,2018 2019,3,2019,2,17,17/Feb/19,15:25,PI,Petermann Island,Petermann Island,GA,G Adventures,65°10.95’S,64°08.21’W,-65.1931,-64.1392,19.6,26.55,,,,,1,,,NA,,,,,,,,,,,,,,,,
FP_CC_A21_2019218,2018 2019,3,2019,2,18,18/Feb/19,,CC,Cierva Cove,Cierva Cove,A21,Antarctica 21,,,,,,,,1,,,,,,NA,,,,,,,,,,,,,,,,
FP_CC_PL_2019218,2018 2019,3,2019,2,18,18/Feb/19,16:15,CC,Cierva Cove,Cierva Cove,PL,Polar Latitudes,64°7.41’S,60°56.79’W,-64.1281,-60.9553,11.5,15.58,,1,,,,,,NA,,,,,,,,,,,,,,,,
FP_DI_HU_2019219,2018 2019,3,2019,2,19,19/Feb/19,17:06,DI,Danco Island,Danco Island,HU,Hurtigruten Expeditions,64°45.03'S,062°36.19'W,-64.7508,-62.6053,11.9,16.12,,1,,,,,,NA,,,,,,,,,,,,,,,,
FP_CC_CH_2019220,2018 2019,3,2019,2,20,20/Feb/19,18:55,CC,Cierva Cove,Cierva Cove,CH,Cheesemans Safaris,64°7.41’S,60°56.79’W,-64.1281,-60.9553,NA,,,1,,,,,,NA,,,,,,,,,,,,,,,,
FP_NH_A21_2019220,2018 2019,3,2019,2,20,20/Feb/19,,NH,Neko Harbour,Neko Harbor,A21,Antarctica 21,,,,,,,,1,,,,,,NA,,,,,,,,,,,,,,,,
FP_NH_PL_2019220,2018 2019,3,2019,2,20,20/Feb/19,16:09,NH,Neko Harbour,Neko Harbor,PL,Polar Latitudes,64°50.57’S,62°32.22’W,-64.8492,-62.5394,14,18.96,,1,,,,,,NA,,,,,,,,,,,,,,,,
FP_MH_A21_2019220,2018 2019,3,2019,2,20,20/Feb/19,10:40,MH,Mikkelson,Mikkelsen Harbour,A21,Antarctica 21,-63.9035,-60.7773,-63.9035,-60.7773,14.9,20.18,,1,,,,,,NA,,,,,,,,,,,,,,,,
FP_CI_CH_2019221,2018 2019,3,2019,2,21,21/Feb/19,16:15,CI,Cuverville Island,Cuverville Island,CH,Cheesemans Safaris,64°40.2’S,62°38.4’W,-64.6672,-62.6344,7.5,10.16,,1,,,,,,NA,,,,,,,,,,,,,,,,
FP_WB_CH_2019221,2018 2019,3,2019,2,21,21/Feb/19,9:58,WB,Wilhelmina Bay,Wilhelmina Bay,CH,Cheesemans Safaris,64°39.41’S,62°08.14’W,-64.6614,-62.1372,6.8,9.21,,1,,,,,,NA,,,,,,,,,,,,,,,,
FP_OH_CH_2019222,2018 2019,3,2019,2,22,22/Feb/19,8:47,OH,Orne Harbour (outside),Orne Harbour,CH,Cheesemans Safaris,64°38.27'W,062°32.21'S,-64.6408,-62.5392,8.3,11.24,,1,,,,,,NA,,,,,,,,,,,,,,,,
,2018 2019,,,,,23/Feb/19,,,,,,,,,,,,,,,,,,,,,,,,,,,,,,,,,,,,
FP_PH_CH_2019224,2018 2019,3,2019,2,24,24/Feb/19,17:56,PH,Paradise Bay,Paradise Harbour,CH,Cheesemans Safaris,64°54.66'S,062°51.94'W,-64.9183,-62.8761,7,9.48,,1,,,,,,NA,,,,,,,,,,,,,,,,
,2018 2019,,,,,24/Feb/19,,,,,,,,,-64.6697831,-62.6417325,,,,,,,,,,,,,,,,,,,,,,,,,,
FP_OH_PL_2019225,2018 2019,3,2019,2,25,25/Feb/19,NA,OH,Orne Harbour,Orne Harbour,PL,Polar Latitudes,64°38.27'W,062°32.21'S,-64.6408,-62.5392,NA,,,1,,,,,,NA,,,,,,,,,,,,,,,,
FP_EI_CH_2019225,2018 2019,3,2019,2,25,25/Feb/19,14:35,EI,Wilhelmina Bay/Enterprise Island,Enterprise Island,CH,Cheesemans Safaris,64°30.43'S,61°58.48'W,-64.5119,-61.98,8,10.84,,1,,,,,,NA,,,,,,,,,,,,,,,,
FP_DI_CH_2019226,2018 2019,3,2019,2,26,26/Feb/19,17:57,DI,Danco Island,Danco Island,CH,Cheesemans Safaris,64°45.03'S,062°36.19'W,-64.7508,-62.6053,10.5,14.22,,1,,,,,,NA,,,,,,,,,,,,,,,,
FP_CC_PL_2019227,2018 2019,3,2019,2,27,27/Feb/19,15:00,CC,Cierva Cove,Cierva Cove,PL,Polar Latitudes,64°7.41’S,60°56.79’W,-64.1281,-60.9553,NA,,,1,,,,,,NA,,,,,,,,,,,,,,,,
FP_PI_CH_2019228,2018 2019,3,2019,2,28,28/Feb/19,10:15,PI,Petermann Island,Petermann Island,CH,Cheesemans Safaris,65°10.95’S,64°08.21’W,-65.1931,-64.1392,9,12.19,,1,,,,,,NA,,,,,,,,,,,,,,,,
FP_MI_B121_201932,2018 2019,3,2019,3,2,2/Mar/19,10:00,MI,Melchior Island,Melchior Island,B121,Belgica 121,64°19.248S,"62°55,378W",,,3.3,4.47,,1,,,,,,NA,,,,,,,,,,,,,,,,
FP_NH_B121_201935,2018 2019,3,2019,3,5,5/Mar/19,13:00,NH,Neko Harbour,Neko Harbor,B121,Belgica 121,"64°50,584S","62°32,034W",,,8.6,11.65,,1,,,,,,NA,,,,,,,,,,,,,,,,
FP_CI_PL_201936,2018 2019,3,2019,3,6,6/Mar/19,15:40,CI,Cuverville Island,Cuverville Island,PL,Polar Latitudes,64°40.2’S,62°38.4’W,-64.6672,-62.6344,11,14.90,,1,,,,,,NA,,,,,,,,,,,,,,,,
FP_UI_B121_201937,2018 2019,3,2019,3,7,7/Mar/19,12:15,UI,Useful Island,Useful Island,B121,Belgica 121,"64°43,129S","62°52,174W",,,9.7,13.14,,1,,,,,,NA,,,,,,,,,,,,,,,,
FP_NH_PL_201938,2018 2019,3,2019,3,8,8/Mar/19,16:25,NH,Neko Harbour,Neko Harbor,PL,Polar Latitudes,64°50.57’S,62°32.22’W,-64.8492,-62.5394,12.7,17.20,,1,,,,,,NA,,,,,,,,,,,,,,,,
FP_PH_B121_201939,2018 2019,3,2019,3,9,9/Mar/19,,PH,Brown Cove,Paradise Harbour,B121,Belgica 121,"64°54,185S","62°51,825W",,,,,,1,,,,,,NA,,,,,,,,,,,,,,,,
FP_PH_B121_2019310,2018 2019,3,2019,3,10,10/Mar/19,9:00,PH,Brown Cove,Paradise Harbour,B121,Belgica 121,,,,,7.6,10.29,,0,,,,,,NA,,,,,,,,,,,,,,,,
FP_NH_GA_2019310,2018 2019,3,2019,3,10,10/Mar/19,14:26,NH,Neko Harbour,Neko Harbor,GA,G Adventures,64°50.57’S,62°32.22’W,-64.8492,-62.5394,11.57,15.67,,1,,,,,,NA,,,,,,,,,,,,,,,,
FP_PI_GA_2019311,2018 2019,3,2019,3,11,11/Mar/19,14:43,PI,Petermann Island,Petermann Island,GA,G Adventures,65°10.95’S,64°08.21’W,-65.1931,-64.1392,6.1,8.26,,1,,,,,,NA,,,,,,,,,,,,,,,,
FP_PI_B121_2019313,2018 2019,3,2019,3,13,13/Mar/19,18:30,PI,PETERMAN,Petermann Island,B121,Belgica 121,"65°11,079S","64°08,336W",,,NA,,,0,,,,,,NA,,,,,,,,,,,,,,,,
FP_NH_GA_2019319,2018 2019,3,2019,3,19,19/Mar/19,8:44,NH,Neko Harbour,Neko Harbor,GA,G Adventures,64°50.57’S,62°32.22’W,-64.8492,-62.5394,11.61,15.73,,1,,,,,,NA,,,,,,,,,,,,,,,,
,2018 2019,,,,,20/3/19,,,,,,,,,,,,,,,,,,,,,,,,,,,,,,,,,,,,
FP_YH_HU_2019116,2019 2020,4,2019,11,6,6/Nov/19,15:46,YH,Yankee Harbour,Yankee Harbor,HU,Hurtigruten Expeditions,62° 31′ 33″ S,59° 46′ 07″ W,-62.525719,-59.768677,,,,1,N,,,,,NA,,,,,,,,,,,,,,,,
,,4,2019,11,6,6/Nov/19,18:50,YH,Yankee Harbour,Yankee Harbor,HU,Hurtigruten Expeditions,,,-62.5416,-59.7789,10.2,13.82,,1,,,,,,,,,,,,,,,,,,,,,,
FP_WB_HU_2019117,2019 2020,4,2019,11,7,7/Nov/19,17:27,WB,Wilhelmina Bay,Wilhelmina Bay,HU,Hurtigruten Expeditions,64°39.41’S,62°08.14’W,-64.6614,-62.1372,16.15,21.87,,1,N,,,,,NA,,,,,,,,,,,,,,,,
FP_OH_HU_2019118,2019 2020,4,2019,11,8,8/Nov/19,9:30,OH,Orne Harbour,Orne Harbour,HU,Hurtigruten Expeditions,64°38.27'W,062°32.21'S,-64.6408,-62.5392,,,,1,N,,,,,NA,,,,,,,,,,,,,,,,
FP_OH_HU_2019118,2019 2020,4,2019,11,8,8/Nov/19,10:25,OH,Orne Harbour,Orne Harbour,HU,Hurtigruten Expeditions,64°38.27'W,062°32.21'S,-64.6408,-62.5392,13,17.61,,1,N,,,,,NA,,,,,,,,,,,,,,,,
FP_OH_HU_2019118,2019 2020,4,2019,11,8,8/Nov/19,14:15,OH,Orne Harbour,Orne Harbour,HU,Hurtigruten Expeditions,64°38.27'W,062°32.21'S,-64.6408,-62.5392,,,,1,N,,,,,NA,,,,,,,,,,,,,,,,
,,4,2019,11,9,9/Nov/19,7:58,HM,Half-moon Island,Half Moon Island,HU,Hurtigruten Expeditions,,,-62.601,-59.8994,11.5,15.58,,1,,,,,,,,,,,,,,,,,,,,,,
FP_HM_HU_2019119,2019 2020,4,2019,11,9,9/Nov/19,9:45,HM,Half-moon Island,Half Moon Island,HU,Hurtigruten Expeditions,-62.6035,-59.9029,-62.6035,-59.9029,6.7,9.07,,1,N,,,,,NA,,,,,,,,,,,,,,,,
FP_HM_HU_20191116,2019 2020,4,2019,11,16,16/Nov/19,9:50,HM,Half-moon Island,Half Moon Island,HU,Hurtigruten Expeditions,-62.6035,-59.9029,-62.6035,-59.9029,,,,2,N,,,,,NA,,,,,,,,,,,,,,,,
,,4,2019,11,17,17/Nov/19,11:05,OH,Orne Harbour,Orne Harbour,HU,Hurtigruten Expeditions,,,-64.37919,-62.32485,11,14.90,,1,,,,,,,,,,,,,,,,,,,,,,
FP_OH_HU_20191117,2019 2020,4,2019,11,17,17/Nov/19,1:12,OH,Orne Harbour,Orne Harbour,HU,Hurtigruten Expeditions,64°38.27'W,062°32.21'S,-64.6408,-62.5392,,,,2,N,,,,,NA,,,,,,,,,,,,,,,,
FP_DI_HU_2019124,2019 2020,4,2019,12,4,4/Dec/19,19:40,DI,Danco Island,Danco Island,HU,Hurtigruten Expeditions,"-64°45,2' ","-62°36,8' ",-64.7507,-62.6023,,,,2,N,,,,,NA,,,,,,,,,,,,,,,,
FP_CI_A21_2019125,2019 2020,4,2019,12,5,5/Dec/19,15:50,CI,Cuverville,Cuverville Island,A21,Antarctica 21,64°40.2’S,62°38.4’W,-64.6672,-62.6344,9.5,12.87,,2,N,,1,,,NA,,,,,,,,,,,,,,,,
,,4,2019,12,5,5/Dec/19,16:46,CI,Cuverville,Cuverville Island,A21,Antarctica 21,,,-64.6699,-62.6293,9,12.19,,1,,,,,,,,,,,,,,,,,,,,,,
,,4,2019,12,10,10/Dec/19,10:50,PH,Paradise Harbour,Paradise Harbour,A21,Antarctica 21,,,,,6.9,9.35,,1,,,,,,,,,,,,,,,,,,,,,,
FP_MB_A21_20191212,2019 2020,4,2019,12,12,12/Dec/19,9:08,MB,Maxwell Bay,Maxwell Bay,A21,Antarctica 21,62° 15′ 0″ S,58° 51′ 0″ W,-62.25,-58.85,6.4,8.67,,1,N,,1,,,NA,,,,,,,,,,,,,,,,
FP_PH_A21_20191212,2019 2020,4,2019,12,12,12/Dec/19,10:50,PH,Paradise Bay,Paradise Harbour,A21,Antarctica 21,,,,,,,,1,N,,1,,,NA,,,,,,,,,,,,,,,,
FP_VI_A21_20191213,2019 2020,4,2019,12,13,13/Dec/19,16:00,VI,Vega Island,Vega Island,A21,Antarctica 21,63° 50′ 0″ S,57° 25′ 0″ W,-63.833333,-57.416667,3.5,4.74,,1,N,,1,,,NA,,,,,,,,,,,,,,,,
FP_UI_A21_20191215,2019 2020,4,2019,12,15,15/Dec/19,13:50,UI,Transect 1 -Useful,Useful Island,A21,Antarctica 21,,,,,7.5,10.16,,1,N,,1,,,NA,,,,,,,,,,,,,,,,
FP_UI_A21_20191215,2019 2020,4,2019,12,15,15/Dec/19,13:15,UI,Transect 2 -Errera,Useful Island,A21,Antarctica 21,,,,,5.9,7.99,,2,N,,,,,NA,,,,,,,,,,,,,,,,
FP_AB_A21_20191215,2019 2020,4,2019,12,15,15/Dec/19,12:32,AB,Transect 3 -Mid,Andvord Bay,A21,Antarctica 21,,,,,5,6.77,,1,N,,1,,,NA,,,,,,,,,,,,,,,,
FP_NH_A21_20191215,2019 2020,4,2019,12,15,15/Dec/19,9:48,NH,Transect 4-Neko Harbour,Neko Harbor,A21,Antarctica 21,,,,,6.13,8.30,,2,N,,,,,NA,,,,,,,,,,,,,,,,
FP_NH_A21_20191215,2019 2020,4,2019,12,15,15/Dec/19,11:30,NH,Transect 5-Int,Neko Harbor,A21,Antarctica 21,,,,,4.5,6.10,,1,N,,1,,,NA,,,,,,,,,,,,,,,,
FP_CI_A21_20191215,2019 2020,4,2019,12,15,15/Dec/19,16:20,CI,Cuverville,Cuverville Island,A21,Antarctica 21,64°40.2’S,62°38.4’W,-64.6672,-62.6344,,,,,N,,1,,,NA,,,,,,,,,,,,,,,,
FP_NH_?_20191217,2019 2020,4,2019,12,17,17/Dec/19,,NH,Neko Harbour,Neko Harbor,?,?,,,,,,,,1,N,,,,,NA,,,,,,,,,,,,,,,,
FP_CC_A21_20191218,2019 2020,4,2019,12,18,18/Dec/19,17:15,CC,Cierva Cove,Cierva Cove,A21,Antarctica 21,64°7.41’S,60°56.79’W,-64.1281,-60.9553,7.9,10.70,,2,N,,,,,NA,,,,,,,,,,,,,,,,
FP_PI_A21_20191219,2019 2020,4,2019,12,19,19/Dec/19,10:00,PI,Petermann Island,Petermann Island,A21,Antarctica 21,65°10.95’S,64°08.21’W,-65.1931,-64.1392,8.9,12.05,,2,N,,,,,NA,,,,,,,,,,,,,,,,
FP_CC_A21_20191219,2019 2020,4,2019,12,19,19/Dec/19,15:30,CC,Cierva Cove,Cierva Cove,A21,Antarctica 21,64°7.41’S,60°56.79’W,-64.1281,-60.9553,,,,,N,,,,,NA,,,,,,,,,,,,,,,,
FP_PH_PL_20191220,2019 2020,4,2019,12,20,20/Dec/19,,PH,Paradise Bay,Paradise Harbour,PL,Polar Latitudes,64°54.66'S,062°51.94'W,-64.9183,-62.8761,,,,,N,,,,,NA,,,,,,,,,,,,,,,,
FP_NH_A21_20191220,2019 2020,4,2019,12,20,20/Dec/19,9:52,NH,Neko,Neko Harbor,A21,Antarctica 21,64°50.57’S,62°32.22’W,-64.8492,-62.5394,,,,1,N,,2,,,NA,,,,,,,,,,,,,,,,
FP_OH_A21_20191220,2019 2020,4,2019,12,20,20/Dec/19,15:35,OH,Orne Harbour,Orne Harbour,A21,Antarctica 21,64°38.27'W,062°32.21'S,-64.6408,-62.5392,6.6,8.94,,2,N,,,,,NA,,,,,,,,,,,,,,,,
FP_DI_HU_20191221,2019 2020,4,2019,12,21,21/Dec/19,14:12,DI,Danco Island,Danco Island,HU,Hurtigruten Expeditions,"-64°44,6'","-62°36,2'",-64.7496,-62.6042,,,,,N,,,,,NA,,,,,,,,,,,,,,,,
FP_PP_A21_20191224,2019 2020,4,2019,12,24,24/Dec/19,17:00,PP,Charlotte Bay,Portal Point,A21,Antarctica 21,64° 34′ 59″ S,61° 37′ 59″ W,-64.583,-61.633,5.3,7.18,,,N,,1,,,NA,,,,,,,,,,,,,,,,
FP_PH_A21_20191225,2019 2020,4,2019,12,25,25/Dec/19,10:00,PH,Paradise Bay,Paradise Harbour,A21,Antarctica 21,64°54.66'S,062°51.94'W,-64.9183,-62.8761,2,2.71,,2,N,,1,,,NA,,,,,,,,,,,,,,,,
FP_PI_QE_20191226,2019 2020,4,2019,12,26,26/Dec/19,,PI,Petermann Island,Petermann Island,QE,Quixote Expeditions,,,,,,,,1,N,,,,,NA,,,,,,,,,,,,,,,,
FP_OH_HU_2020012,2019 2020,4,2020,1,2,2/Jan/20,17:36,OH,Orne Harbour,Orne Harbour,HU,Hurtigruten Expeditions,-64º37.6' ,"-62º54,2'",-64.6184,-62.9006,,,,,N,,,,,NA,,,,,,,,,,,,,,,,
FP_PH_?_202015,2019 2020,4,2020,1,5,5/Jan/20,18:00,PH,Paradise Bay/Base Brown,Base Brown,?,,,,,,,,,,N,,,,,NA,,,,,,,,,,,,,,,,
FP_EI_QE_202016,2019 2020,4,2020,1,6,6/Jan/20,18:05,EI,Wilhelmina Bay/Enterprise Island,Enterprise Island,QE,Quixote Expeditions,64°30.43'S,61°58.48'W,-64.5119,-61.98,,,,1,N,,,,,NA,,,,,,,,,,,,,,,,
FP_WH_?_2020115,2019 2020,4,2020,1,15,15/Jan/20,,WH,NEAR WILHELMINA,Wilhelmina Bay,?,,,,,,,,,,N,,,,,NA,,,,,,,,,,,,,,,,
FP_HM_HU_2020116,2019 2020,4,2020,1,16,16/Jan/20,14:25,HM,Half-Moon Island,Half Moon Island,HU,Hurtigruten Expeditions,"-62º36,3'","-59º53,8'",-62.6009,-59.8856,,,,1,N,,,,,NA,,,,,,,,,,,,,,,,
FP_HM_HU_2020116,2019 2020,4,2020,1,16,16/Jan/20,15:45,HM,Half-Moon Island,Half Moon Island,HU,Hurtigruten Expeditions,"-62º36,2'","-59º53,8'",-62.6006,-59.8856,,,,1,N,,,,,NA,,,,,,,,,,,,,,,,
,,,2020,1,19,19/Jan/20,15:30,CC,Cierva Cove,Cierva Cove,A21,Antarctica 21,,,,,8.9,12.05,,1,,,,,,,,,,,,,,,,,,,,,,
FP_OH_HU_2020119,2019 2020,4,2020,1,19,19/Jan/20,16:52,OH,Orne Harbour,Orne Harbour,HU,Hurtigruten Expeditions,-62º31',-64º38',-62.5167,-64.6333,,,,1,N,,,,,NA,,,,,,,,,,,,,,,,
FP_OH_HU_2020120,2019 2020,4,2020,1,19,19/Jan/20,15:45,OH,Orne Harbour,Orne Harbour,HU,Hurtigruten Expeditions,"-64º38,5'","-62º31,5'",-64.6347,-62.5181,,,,1,N,,,,,NA,,,,,,,,,,,,,,,,
FP_PI_A21_2020120,2019 2020,4,2020,1,20,20/Jan/20,14:30,PI,Petermann Island,Petermann Island,A21,Antarctica 21,65°10.95’S,64°08.21’W,-65.1931,-64.1392,8.9,12.05,,1,N,,1,,,NA,,,,,,,,,,,,,,,,
FP_DI_A21_2020121,2019 2020,4,2020,1,21,21/Jan/20,17:15,DI,Danco Island,Danco Island,A21,Antarctica 21,64°45.03'S,062°36.19'W,-64.7508,-62.6053,11.78,15.96,,,N,,1,,,NA,,,,,,,,,,,,,,,,
FP_PH_A21_2020121,2019 2020,4,2020,1,21,21/Jan/20,10:12,PH,Paradise Bay,Paradise Harbour,A21,Antarctica 21,64°54.66'S,062°51.94'W,-64.9183,-62.8761,5.4,7.31,,1,N,,,,,NA,,,,,,,,,,,,,,,,
FP_BB_A21_2020126,2019 2020,4,2020,1,26,26/Jan/20,20:15,BB,Brown Bluff,Brown Bluff,A21,Antarctica 21,63°31.11'S,56°51.83'W,-63.5197,-56.8731,15,20.32,,,N,,1,,,NA,,,,,,,,,,,,,,,,
FP_KC_A21_2020126,2019 2020,4,2020,1,26,26/Jan/20,15:00,KC,KinnesCove/Madder Cliffs,Antarctic Sound,A21,Antarctica 21,63° 18′ 0″ S,56° 29′ 0″ W,-63.3,-56.483333,15.5,20.99,,2,N,,,,,NA,,,,,,,,,,,,,,,,
FP_HI_A21_2020127,2019 2020,4,2020,1,27,27/Jan/20,9:50,HI,"Heroina Island, Danger Islands",Antarctic Sound,A21,Antarctica 21,63° 24′ 0″ S,54° 36′ 0″ W,-63.4,-54.6,11.7,15.85,,1,N,,,,,NA,,,,,,,,,,,,,,,,
FP_WB_A21_2020130,2019 2020,4,2020,1,30,30/Jan/20,16:00,WB,Wilhelmina Bay,Wilhelmina Bay,A21,Antarctica 21,64°39.41’S,62°08.14’W,-64.6614,-62.1372,10.98,14.87,,1,N,,,,,NA,,,,,,,,,,,,,,,,
FP_HM_HU_2020131,2019 2020,4,2020,1,31,31/Jan/20,16:00,HM,Half-Moon Island,Half Moon Island,HU,Hurtigruten Expeditions,"-64º36,2'","-59º54,1'",-64.6006,-59.9003,,,,1,N,,,,,NA,,,,,,,,,,,,,,,,
FP_PH_A21_2020131,2019 2020,4,2020,1,31,31/Jan/20,16:30,PH,Paradise Bay,Paradise Harbour,A21,Antarctica 21,64°54.66'S,062°51.94'W,-64.9183,-62.8761,6.9,9.35,,1,N,,,,,NA,,,,,,,,,,,,,,,,
FP_HM_HU_2020131,2019 2020,4,2020,1,31,31/Jan/20,17:45,HM,Half-Moon Island,Half Moon Island,HU,Hurtigruten Expeditions,"-62°36,13'","-59°53,34'",-62.6037,-59.8928,,,,1,N,,,,,NA,,,,,,,,,,,,,,,,
FP_BB_HU_202022,2019 2020,4,2020,2,2,2/Feb/20,19:02,BB,Brown Bluff,Brown Bluff,HU,Hurtigruten Expeditions,"-63°31,1'","-56°51,3'",-63.5200,-56.8596,,,,1,N,,,,,NA,,,,,,,,,,,,,,,,
FP_BB_HU_202022,2019 2020,4,2020,2,2,2/Feb/20,12:31,BB,Brown Bluff,Brown Bluff,HU,Hurtigruten Expeditions,"-63°31,2'","-56°51,9'",-63.5172,-56.8527,,,,1,N,,,,,NA,,,,,,,,,,,,,,,,
,,4,2020,2,4,4/Feb/20,9:00,PI,Petermann Island,Petermann Island,A21,Antarctica 21,,,,,8.32,11.27,,1,,,,,,,,,,,,,,,,,,,,,,
FP_DI_HU_202024,2019 2020,4,2020,2,4,4/Feb/20,15:45,DI,Danco Island,Danco Island,HU,Hurtigruten Expeditions,"-64°44,7'","-62°37,3'",-64.7354,-62.6257,,,,1,N,,,,,NA,,,,,,,,,,,,,,,,
FP_DI_HU_202024,2019 2020,4,2020,2,4,4/Feb/20,17:25,DI,Danco Island,Danco Island,HU,Hurtigruten Expeditions,"-64°44,6'","-62°37,4'",-64.7352,-62.6272,,,,1,N,,,,,NA,,,,,,,,,,,,,,,,
FP_PI_A21_202024,2019 2020,4,2020,2,4,4/Feb/20,11:00,PI,Petermann Island,Petermann Island,A21,Antarctica 21,65°10.95’S,64°08.21’W,-65.1931,-64.1392,8.06,10.92,,1,N,,,,,NA,,,,,,,,,,,,,,,,
FP_FB_A21_202025,2019 2020,4,2020,2,5,5/Feb/20,10:30,FB,Fournier Bay,Fournier Bay,A21,Antarctica 21,64° 31′ 0″ S,63° 6′ 0″ W,-64.516667,-63.1,,,,1,N,,,,,NA,,,,,,,,,,,,,,,,
FP_PI_HU_202025,2019 2020,4,2020,2,5,5/Feb/20,14:55,PI,Petermann Island,Petermann Island,HU,Hurtigruten Expeditions,"-65°10,19'","-64°8,3'",-65.1721,-64.1419,,,,1,N,,,,,NA,,,,,,,,,,,,,,,,
FP_PI_HU_202025,2019 2020,4,2020,2,5,5/Feb/20,16:28,PI,Petermann Island,Petermann Island,HU,Hurtigruten Expeditions,"-65°10,5'","-64°7,5'",-65.1800,-64.1300,,,,1,N,,,,,NA,,,,,,,,,,,,,,,,
FP_CC_PL_202026,2019 2020,4,2020,2,6,6/Feb/20,17:00,CC,Cierva Cove,Cierva Cove,PL,Polar Latitudes,,,,,,,,1,N,,,,,NA,,,,,,,,,,,,,,,,
,,4,2020,2,7,7/Feb/20,10:51,CI,Cuverville Island,Cuverville Island,PL,Polar Latitudes,"-64°40,169""","-62°38,3""",,,12.5,16.93,,1,,,,,,,,,,,,,,,,,,,,,,
FP_NH_PL_202027,2019 2020,4,2020,2,7,7/Feb/20,17:10,NH,Neko Harbour,Neko Harbor,PL,Polar Latitudes,,,,,,,,1,N,,,,,NA,,,,,,,,,,,,,,,,
,,4,2020,2,10,10/Feb/20,6:44,NH,Neko Harbour,Neko Harbor,A21,Antarctica 21,,,,,8.3,11.24,,1,,,,,,,,,,,,,,,,,,,,,,
FP_WP_HU_2020211,2019 2020,4,2020,2,11,11/Feb/20,10:52,WP,"West Point, Flakland Islands",West Point,HU,Hurtigruten Expeditions,"-51°20,9'","-60°40,4'",-51.3359,-60.6775,,,,0,N,,,,,NA,,,,,,,,,,,,,,,,
FP_WP_HU_2020211,2019 2020,4,2020,2,11,11/Feb/20,13:45,WP,"West Point, Flakland Islands",West Point,HU,Hurtigruten Expeditions,"-51°19,6'","-60°40,4'",-51.3326,-60.6778,,,,0,N,,,,,NA,,,,,,,,,,,,,,,,
,,4,2020,2,19,19/Feb/20,16:22,HF,Holdfast Point,Holdfast Point,A21,Antarctica 21,"-66°48,36'","-66°36,50'",,,7.9,10.70,,1,,,,,,,,,,,,,,,,,,,,,,
,,4,2020,2,20,20/Feb/20,10:05,FI,Fish Islands,Fish Islands,A21,Antarctica 21,-66°51.349',-65°26.5969',,,3.95,5.35,,1,,,,,,,,,,,,,,,,,,,,,,
FP_OH_PL_2020220,2019 2020,4,2020,2,20,20/Feb/20,17:39,OH,Orne Harbour,Orne Harbour,PL,Polar Latitudes,,,,,,,,1,N,,,,,NA,,,,,,,,,,,,,,,,
FP_CI_PL_2020221,2019 2020,4,2020,2,21,21/Feb/20,,CI,Cuvervielle Island,Cuverville Island,PL,Polar Latitudes,,,,,,,,1,N,,,,,NA,,,,,,,,,,,,,,,,
FP_AB_PL_2020223,2019 2020,4,2020,2,23,23/Feb/20,,AB,Andvord Bay,Andvord Bay,PL,Polar Latitudes,,,,,,,,1,N,,,,,NA,,,,,,,,,,,,,,,,
FP_MB_HU_202036,2019 2020,4,2020,3,6,6/Mar/20,19:00,MB,Marguerite Bay,Marguerite Bay,HU,Hurtigruten Expeditions,"-68º10,5'","-66º59,6'",-68.1800,-66.9997,,,,1,N,,,,,NA,,,,,,,,,,,,,,,,
FP_HI_HU_202037,2019 2020,4,2020,3,7,7/Mar/20,11:45,HI,Horseshoe Island,Horseshoe Island,HU,Hurtigruten Expeditions,"-67º18,5'","-67º47,4'",-67.7871,-67.3253,,,,1,N,,,,,NA,,,,,,,,,,,,,,,,
FP_CI_PL_202039,2019 2020,4,2020,3,9,9/Mar/20,8:58,CI,Cuvervielle Island,Cuverville Island,PL,Polar Latitudes,"-64°40,25'","-62°38,4'",,,11.68,15.82,,1,N,,,,,NA,,,,,,,,,,,,,,,,
FP__PL_2020310,2019 2020,4,2020,3,10,10/Mar/20,8:02,,Orne Harbour,Orne Harbour,PL,Polar Latitudes,"-64°38,27'","-62°32,21'",,,9.5,12.87,,1,,,,,,,,,,,,,,,,,,,,,,
FP_HM_HU_20211128,2021 2022,5,2021,11,28,28/Nov/21,15:44,HM,Half-Moon Island,Half Moon Island,HU,Hurtigruten Expeditions,"-62º35,5'","-59º53,3'",-62.5847,-59.8842,,,,1,N,,,,,,,,,,,,,,,,,,,,,
FP_OH_HU_20211129,2021 2022,5,2021,11,29,29/Nov/21,15:20,OH,Orne Harbour,Orne Harbour,HU,Hurtigruten Expeditions,"-64º37,59'",-62º32.45',-64.6331,-62.5458,14,18.96,,1,N,,,,,,,,,,,,,,,,,,,,,
FP_OH_HU_20211129,2021 2022,5,2021,11,29,29/Nov/21,16:50,OH,Orne Harbour,Orne Harbour,HU,Hurtigruten Expeditions,"-64º37,64'","-62º32,57'",-64.6178,-62.5489,14,18.96,,1,N,,,,,,,,,,,,,,,,,,,,,
FP_NH_PL_2021128,2021 2022,5,2021,12,8,8/Dec/21,9:00,NH,Neko Harbour,Neko Harbour,PL,Polar Latitudes,"-64º50,6'","-62º32,28'",-64.8430,-62.5380,7.7,10.43,,1,N,,,,,,,,,,,,,,,,,,,,,
FP_WP_HU_2021128,2021 2022,5,2021,12,8,8/Dec/21,13:00,WP,"West Point, Flakland Islands",West Point,HU,Hurtigruten Expeditions,"-51°20,6'","-60°40,4'",-51.3359,-60.6775,11.3,15.31,,1,N,,,,,,,,,,,,,,,,,,,,,
FP_WP_HU_2021128,2021 2022,5,2021,12,8,8/Dec/21,15:15,WP,"West Point, Flakland Islands",West Point,HU,Hurtigruten Expeditions,"-51°20,6'","-60°40,4'",-51.3359,-60.6775,7,9.48,,1,N,,,,,,,,,,,,,,,,,,,,,
FP_NH_A21_2021129,2021 2022,5,2021,12,9,9/Dec/21,10:00,NH,Neko Harbour,Neko Harbor,A21,Antarctica 21,,,,,,,,1,N,,,,,53,,,,,,,,,,,,,,,,
FP_CI_A21_2021129,2021 2022,5,2021,12,9,9/Dec/21,15:48,CI,Cuverville Island,Cuverville Island,A21,Antarctica 21,,,-64.843345,-62.536665,,,,1,N,,,,,54,,,,,,,,,,,,,,,,
FP_NH_A21_20211214,2021 2022,5,2021,12,14,14/Dec/21,10:05,NH,Neko Harbour,Neko Harbor,A21,Antarctica 21,,,-64.695701,-62.6328,,,,1,N,,,,,55,,,,,,,,,,,,,,,,
FP_BB_HU_20211214,2021 2022,5,2021,12,14,14/Dec/21,11:30,BB,Brown Bluff,Brown Bluff,HU,Hurtigruten Expeditions,"-63º31,07'","-54º52,19'",-63.518611,-54.871944,7.5,10.16,,1,N,,,,,N,,,,,,,,,,,,,,,,
FP_DI_A21_20211214,2021 2022,5,2021,12,14,14/Dec/21,13:30,DI,Danco Island,Danco Island,A21,Antarctica 21,,,-64.843345,-62.536665,,,,1,N,,,,,56,,,,,,,,,,,,,,,,
FP_FI_A21_20211215,2021 2022,5,2021,12,15,15/Dec/21,10:00,FI,False Island,False Island,A21,Antarctica 21,,,-64.524136,-62.88596,,,,1,N,,,,,N,,,,,,,,,,,,,,,,
FP_FB_A21_20211215,2021 2022,5,2021,12,15,15/Dec/21,15:15,FB,Fournier Bay,Fournier Bay,A21,Antarctica 21,,,-64.524136,-62.88596,,,,1,N,,,,,N,,,,,,,,,,,,,,,,
FP_NH_HU_20211217,2021 2022,5,2021,12,17,17/Dec/21,16:24,NH,Neko Harbour,Neko Harbour,HU,Hurtigruten Expeditions,"-64º48,3'","-62º39,1'",-64.804722,-62.652222,8.3,11.24,,1,N,,,,,N,,,,,,,,,,,,,,,,
FP_DI_PL_20211218,2021 2022,5,2021,12,18,18/Dec/21,10:34,DI,Danco Island,Danco Island,PL,Polar Latitudes,"-64°43,9'","-62°34,6'",-64.73314,-62.57729,NA,,,1,N,,,,,,,,,,,,,,,,,,,,,
FP_PP_A21_20211218,2021 2022,5,2021,12,18,18/Dec/21,16:30,PP,Portal Point,Portal Point,A21,Antarctica 21,,,-64.487017,-61.73035,,,,1,N,,,,,57,,,,,,,,,,,,,,,,
FP_PP_A21_20211218,2021 2022,5,2021,12,18,18/Dec/21,16:30,PP,Portal Point,Portal Point,A21,Antarctica 21,,,-64.487017,-61.73035,,,,,N,,,,,,,,,,,,,,,,,,,,,
FP_NH_A21_20211220,2021 2022,5,2021,12,20,20/Dec/21,10:00,NH,Neko Harbour,Neko Harbour,A21,Antarctica 21,,,,,,,,1,N,,,,,58,,,,,,,,,,,,,,,,
FP_CI_A21_20211220,2021 2022,5,2021,12,20,20/Dec/21,15:40,CI,Cuverville Island,Cuverville Island,A21,Antarctica 21,,,,,,,,1,N,,,,,59,,,,,,,,,,,,,,,,
FP_CaI_HU_20211223,2021 2022,5,2021,12,23,23/Dec/21,15:25,CaI,Carcass Island,Carcass Island,HU,Hurtigruten Expeditions,-51° 18.619',-60° 32.514',,,7.3,9.89,,1,N,,,,,,,,,,,,,,,,,,,,,
FP_WB_A21_20211223,2021 2022,5,2021,12,23,24/Dec/21,10:45,WB,Wilhelmina Bay,Wilhelmina Bay,A21,Antarctica 21,,,-64.67137,-62.632381,,,,1,N,,,,,60,,,,,,,,,,,,,,,,
FP_SI_HU_20211224,2021 2022,5,2021,12,24,24/Dec/21,10:00,SI,Saunders Island,Saunders Island,HU,Hurtigruten Expeditions,"-51º18,9'","-60º14,7",-51.3025,-60.235278,8.3,11.24,,1,N,,,,,,,,,,,,,,,,,,,,,
FP_SI_HU_20211224,2021 2022,5,2021,12,24,24/Dec/21,13:48,SI,Saunders Island,Saunders Island,HU,Hurtigruten Expeditions,"-51º19,1'",-60º14.8',-51.316944,-60.235556,7.5,10.16,,1,N,,,,,,,,,,,,,,,,,,,,,
FP_OH_A21_20211224,2021 2022,5,2021,12,24,24/Dec/21,16:06,OH,Orne Harbour,Orne Harbour,A21,Antarctica 21,,,-64.664752,-62.047336,,,,1,N,,,,,61,,,,,,,,,,,,,,,,
FP_DI_A21_20211225,2021 2022,5,2021,12,25,25/Dec/21,9:45,DI,Danco Island,Danco Island,A21,Antarctica 21,,,-64.635,-62.537,,,,1,N,,,,,62,,,,,,,,,,,,,,,,
FP_NI_HU_20211225,2021 2022,5,2021,12,25,25/Dec/21,10:28,NI,New Island. Falkland Islands,New Island,HU,Hurtigruten Expeditions,"-51°43,6'","-61°16,24'",-51.732,-61.2735,11,14.90,,1,N,,,,,,,,,,,,,,,,,,,,,
FP_CI_PL_20211227,2021 2022,5,2021,12,27,27/Dec/21,8:19,CI,Cuverville Island,Cuverville Island,PL,Polar Latitudes,"-64º40,7'","-62º37,4'",-64.6783,-62.6233,9.7,13.14,,1,N,,,,,,,,,,,,,,,,,,,,,
FP_PH_PL_20211227,2021 2022,5,2021,12,27,27/Dec/21,16:15,PH,Base Brown,Base Brown,PL,Polar Latitudes,"-64°53,5'","-62°53,0'",-64.8847,-62.8833,9.9,13.41,,1,N,,,,,,,,,,,,,,,,,,,,,
FP_BB_A21_20211228,2021 2022,5,2021,12,28,28/Dec/21,20:30,BB,Brown Bluff,Brown Bluff,A21,Antarctica 21,,,-64.737065,-62.613191,,,,1,N,,,,,63,,,,,,,,,,,,,,,,
FP_DI_QE_20211228,2021 2022,5,2021,12,28,28/Dec/21,11:15,DI,Danco Island,Danco Island,QE,Quixote Expeditions,"-64°51,01'","63°29,40'",-64.8503,-64.4944,,,,1,N,,,,,,,,,,,,,,,,,,,,,
FP_WB_PL_20211229,2021 2022,5,2021,12,29,29/Dec/21,9:35,WB,Whalers bay,Whalers bay,PL,Polar Latitudes,"-62°59,03'","-60°33,6'",-62.9832,-60.5617,4.2,5.69,,1,N,,,,,,,,,,,,,,,,,,,,,
FP_HI_A21_20211229,2021 2022,5,2021,12,29,29/Dec/21,10:05,HI,Heroina,Heroina Island,A21,Antarctica 21,,,,,,,,1,N,,,,,64,,,,,,,,,,,,,,,,
FP_KC_A21_20211231,2021 2022,5,2021,12,31,31/Dec/21,15:35,KC,Kinnes Cove,Kinnes Cove,A21,Antarctica 21,,,-63.39367,-54.629825,,,,1,N,,,,,65,,,,,,,,,,,,,,,,
FP_MH_A21_202212,2021 2022,5,2022,1,2,2/Jan/22,15:09,MH,Mikkelsen Harbour,Mikkelsen Harbour,A21,Antarctica 21,,,-63.321892,-56.49966,,,,1,N,,,,,66,,,,,,,,,,,,,,,,
FP_FB_A21_202213,2021 2022,5,2022,1,3,3/Jan/22,9:00,FB,Fournier Bay,Fournier Bay,A21,Antarctica 21,,,-63.898675,-60.77795,,,,1,N,,,,,67,,,,,,,,,,,,,,,,
FP_OH_A21_202213,2021 2022,5,2022,1,3,3/Jan/22,15:15,OH,Orne Harbour,Orne Harbour,A21,Antarctica 21,,,-64.5309,-63.1348,,,,1,N,,,,,68,,,,,,,,,,,,,,,,
FP_CI_A21_202214,2021 2022,5,2022,1,4,4/Jan/22,9:45,CI,Cuverville Island,Cuverville Island,A21,Antarctica 21,,,-64.637672,-62.53422,,,,1,N,,,,,69,,,,,,,,,,,,,,,,
FP_DI_A21_202214,2021 2022,5,2022,1,4,4/Jan/22,15:00,DI,Danco Island,Danco Island,A21,Antarctica 21,,,-64.6676,-62.6645,,,,1,N,,,,,70,,,,,,,,,,,,,,,,
FP_PI_QE_202219,2021 2022,5,2022,1,9,9/Jan/22,15:00,PI,Petermann Island,Petermann Island,QE,Quixote Expeditions,"-65°10,19'","-64°08,31'",-65.1753,-64.1475,,,,1,N,,,,,,,,,,,,,,,,,,,,,
FP_DP_A21_2022117,2021 2022,5,2022,1,17,17/Jan/22,15:42,DP,Damoy Point,Damoy Point,A21,Antarctica 21,,,-64.80595,-63.50418,4.25,5.76,,1,N,,,,,,,,,,,,,,,,,,,,,
FP_DI_QE_2022122,2021 2022,5,2022,1,22,22/Jan/22,12:15,DI,Danco Island,Danco Island,QE,Quixote Expeditions,"-64°51,02'","-63°29,40'",64.8506,64.4944,,,,1,N,,,,,,,,,,,,,,,,,,,,,
FP_MH_QE_2022125,2021 2022,5,2022,1,25,25/Jan/22,12:05,MH,Mikkelsen Harbour,Mikkelsen Harbour,QE,Quixote Expeditions,"-63°53,47'","-60°46,34",-63.8911,-60.7722,7.8,10.56,,1,N,,,,,,,,,,,,,,,,,,,,,
FP_PC_A21_2022128,2021 2022,5,2022,1,28,28/Jan//22,15:30,PC,Port Charcot,Port Charcot,A21,Antarctica 21,"-65°03'36.7""","-64°00'34.0""",-65.060185,-64.00945,12.5,16.93,,1,N,,,,,,,,,,,,,,,,,,,,,
FP_NH_A21_2022129,2021 2022,5,2022,1,29,29/Jan/22,9:28,NH,Neko Harbour,Neko Harbour,A21,Antarctica 21,,,-64.84568,-62.54276,11.05,14.97,,1,N,,,,,,,,,,,,,,,,,,,,,
FP_EI_A21_202225,2021 2022,5,2022,2,5,5/Feb/22,10:28,EI,Ezcurra Inlet,Ezcurra Inlet,A21,Antarctica 21,,,-62.17019,-58.57969,5,6.77,,1,N,,,,,,,,,,,,,,,,,,,,,
FP_PP_A21_202229,2021 2022,5,2022,2,9,9/Feb/22,3:40,PP,Portal Point,Portal Point,A21,Antarctica 21,"-64º29,144'","-61º44,198'",,,6.9,9.35,,1,N,,,,,,,,,,,,,,,,,,,,,
FP_NH_A21_202229,2021 2022,5,2022,2,9,9/Feb/22,15:15,NH,Neko Harbour,Neko Harbour,A21,Antarctica 21,"-64º50,5265'","-62º32,9116'",,,8.5,11.51,,1,N,,,,,,,,,,,,,,,,,,,,,
FP_MB_QE_2022210,2021 2022,5,2022,2,10,10/Feb/22,18:40,MB,Maxwell Bay,Maxwell Bay,QE,Quixote Expeditions,"-62º13,22'","-58º51,31'",-62.22,-58.8552,3.8,5.15,,1,N,,,,,,,,,,,,,,,,,,,,,
FP_PP_A21_2022213,2021 2022,5,2022,2,13,13/Feb/22,15:38,PP,Portal Point,Portal Point,A21,Antarctica 21,,,-64.488495,-61.7534,7.2,9.75,,1,N,,,,,,,,,,,,,,,,,,,,,
FP_PI_HU_2022220,2021 2022,5,2022,2,20,20/Feb/22,14:30,PI,Petermann Island,Petermann Island,HU,Hurtigruten Expeditions,"-65º10,03'","-6408,0'",,,8,10.84,,1,N,,,,,,,,,,,,,,,,,,,,,
FP_PH_HU_2022222,2021 2022,5,2022,2,22,22/Feb/22,15:40,PH,Base Brown,Paradise Harbour,HU,Hurtigruten Expeditions,"-64º53,0'","-62º52,51'",,,13.15,17.81,,1,N,,,,,,,,,,,,,,,,,,,,,
FP_PI_HU_202238,2021 2022,5,2022,3,8,8/Mar/22,14:58,PI,Petermann Island,Petermann Island,HU,Hurtigruten Expeditions,-65º10.8',"-64º8,12'",,,11.3,15.31,,1,N,,,,,,,,,,,,,,,,,,,,,
FP_DI_VK_2022313,2021 2022,5,2022,3,13,13/Mar/22,11:03,DI,Detaille Bay,Detaille Island,VK,Viking Expeditions,,,-66.58635,-66.817776,5.13,6.95,,1,N,,,,,,,,,,,,,,,,,,,,,
FP_DI_VK_2022313,2021 2022,5,2022,3,13,13/Mar/22,12:09,DI,Detaille Island ,Detaille Island ,VK,Viking Expeditions,,,-66.816,-66.808,,,,1,N,,,,,,,,,,,,,,,,,,,,,
FP_PB_VK_2022314,2021 2022,5,2022,3,14,14/Mar/22,14:15,PB,Pleneau Bay,Pleneau Bay,VK,Viking Expeditions,,,-65.085,-64.044,8.83,11.96,,1,N,,,,,,,,,,,,,,,,,,,,,
FP_PS_VK_2022314,2021 2022,5,2022,3,14,14/Mar/22,15:30,PS,Penola Strait,Penola Strait,VK,Viking Expeditions,,,-65.08,-64.0291,,,,1,N,,,,,,,,,,,,,,,,,,,,,
FP_PH_VK_2022315,2021 2022,5,2022,3,15,15/Mar/22,8:45,PH,Skontorp Cove,Paradise Harbour,VK,Viking Expeditions,,,-64.894556,-62.869137,,,,1,N,,,,,,,,,,,,,,,,,,,,,
FP_CI_VK_2022315,2021 2022,5,2022,3,15,15/Mar/22,14:53,CI,Cuverville Island,Cuverville Island,VK,Viking Expeditions,,,-64.670377,-62.63861,7.2,9.75,,1,N,,,,,,,,,,,,,,,,,,,,,
FP_OH_VK_2022316,2021 2022,5,2022,3,16,16/Mar/22,16:30,OH,Orne Harbour,Orne Harbour,VK,Viking Expeditions,,,-64.621324,-62.560987,,,,1,N,,,,,,,,,,,,,,,,,,,,,
FP_DI_VK_2022316,2021 2022,5,2022,3,16,16/Mar/22,12:21,DI,Errera Channel,Danco Island,VK,Viking Expeditions,,,-62.599108,-64.681645,,,,1,N,,,,,,,,,,,,,,,,,,,,,
FP_DI_VK_2022316,2021 2022,5,2022,3,16,16/Mar/22,10:20,DI,Danco Island,Danco Island,VK,Viking Expeditions,,,-64.742166,-62.623835,11.67,15.81,,1,N,,,,,,,,,,,,,,,,,,,,,
FP_GS_VK_2022316,2021 2022,5,2022,3,16,17/Mar/22,12:48,GS,Gerlache,Gerlache Strait,VK,Viking Expeditions,,,-62.581716,-64.623807,,,,1,N,,,,,,,,,,,,,,,,,,,,,
FP_PelC_AU_2022320,2021 2022,5,2022,3,20,20/Mar/22,9:00,PelC,Peltier channel,Peltier Channel,AU,Aurora Expeditions,"-64°52,55'","-63°33,59'",,,4.5,6.10,,,N,,,,,,,,,,,,,,,,,,,,,
FP_PH_AU_2022321,2021 2022,5,2022,3,21,21/Mar/22,10:05,PH,Paradise Harbour,Paradise Harbour,AU,Aurora Expeditions,"-64°54,42'","-62°51,44'",,,4.8,6.50,,,N,,,,,,,,,,,,,,,,,,,,,
FP_NH_AU_2022322,2021 2022,5,2022,3,22,22/Mar/22,8:55,NH,Neko Harbour,Neko Harbour,AU,Aurora Expeditions,"-64°50,63'","-62°32,45'",,,10.5,14.22,,,N,,,,,,,,,,,,,,,,,,,,,
FP_PH_HU_2022322,2021 2022,5,2022,3,22,22/Mar/22,10:30,PH,Base Brown,Paradise Harbour,HU,Hurtigruten Expeditions,"-64º54,19'","-62º52,50'",,,9,12.19,,1,N,,,,,,,,,,,,,,,,,,,,,
FP_DP_AU_2022322,2021 2022,5,2022,3,22,23/Mar/22,17:00,DP,Damoy Point,Damoy Point,AU,Aurora Expeditions,"-64°49,11'","-63°31,12'",,,5.2,7.04,,,N,,,,,,,,,,,,,,,,,,,,,
FP_CI_HU_2022323,2021 2022,5,2022,3,23,23/Mar/22,,CI,Cuverville Island,Cuverville Island,HU,Hurtigruten Expeditions,"-64º40,884'","62º38,139'",,,12,16.25,,1,N,,,,,,,,,,,,,,,,,,,,,
,,,,,,,,,,,,,,,,,,,,,,,,,,,,,,,,,,,,,,,,,,
,,,,,,,,,,,,,,,,,,,,,,,,,,,,,,,,,,,,,,,,,,
,,,,,,,,,,,,,,,,,,,,,,,,,,,,,,,,,,,,,,,,,,
,,,,,,,,,,,,,,,,,,,,,,,,,,,,,,,,,,,,,,,,,,
,,,,,,,,,,,,,,,,,,,,,,,,,,,,,,,,,,,,,,,,,,
,,,,,,,,,,,,,,,,,,,,,,,,,,,,,,,,,,,,,,,,,,
,,,,,,,,,,,,,,,,,,,,,,,,,,,,,,,,,,,,,,,,,,
,,,,,,,,,,,,,,,,,,,,,,,,,,,,,,,,,,,,,,,,,,
,,,,,,,,,,,,,,,,,,,,,,,,,,,,,,,,,,,,,,,,,,
,,,,,,,,,,,,,,,,,,,,,,,,,,,,,,,,,,,,,,,,,,
,,,,,,,,,,,,,,,,,,,,,,,,,,,,,,,,,,,,,,,,,,
,,,,,,,,,,,,,,,,,,,,,,,,,,,,,,,,,,,,,,,,,,
,,,,,,,,,,,,,,,,,,,,,,,,,,,,,,,,,,,,,,,,,,
,,,,,,,,,,,,,,,,,,,,,,,,,,,,,,,,,,,,,,,,,,
,,,,,,,,,,,,,,,,,,,,,,,,,,,,,,,,,,,,,,,,,,
,,,,,,,,,,,,,,,,,,,,,,,,,,,,,,,,,,,,,,,,,,
,,,,,,,,,,,,,,,,,,,,,,,,,,,,,,,,,,,,,,,,,,
,,,,,,,,,,,,,,,,,,,,,,,,,,,,,,,,,,,,,,,,,,
,,,,,,,,,,,,,,,,,,,,,,,,,,,,,,,,,,,,,,,,,,
,,,,,,,,,,,,,,,,,,,,,,,,,,,,,,,,,,,,,,,,,,
,,,,,,,,,,,,,,,,,,,,,,,,,,,,,,,,,,,,,,,,,,
,,,,,,,,,,,,,,,,,,,,,,,,,,,,,,,,,,,,,,,,,,
,,,,,,,,,,,,,,,,,,,,,,,,,,,,,,,,,,,,,,,,,,
,,,,,,,,,,,,,,,,,,,,,,,,,,,,,,,,,,,,,,,,,,
,,,,,,,,,,,,,,,,,,,,,,,,,,,,,,,,,,,,,,,,,,
,,,,,,,,,,,,,,,,,,,,,,,,,,,,,,,,,,,,,,,,,,
,,,,,,,,,,,,,,,,,,,,,,,,,,,,,,,,,,,,,,,,,,
,,,,,,,,,,,,,,,,,,,,,,,,,,,,,,,,,,,,,,,,,,
,,,,,,,,,,,,,,,,,,,,,,,,,,,,,,,,,,,,,,,,,,
,,,,,,,,,,,,,,,,,,,,,,,,,,,,,,,,,,,,,,,,,,
,,,,,,,,,,,,,,,,,,,,,,,,,,,,,,,,,,,,,,,,,,
,,,,,,,,,,,,,,,,,,,,,,,,,,,,,,,,,,,,,,,,,,
,,,,,,,,,,,,,,,,,,,,,,,,,,,,,,,,,,,,,,,,,,
,,,,,,,,,,,,,,,,,,,,,,,,,,,,,,,,,,,,,,,,,,
,,,,,,,,,,,,,,,,,,,,,,,,,,,,,,,,,,,,,,,,,,
,,,,,,,,,,,,,,,,,,,,,,,,,,,,,,,,,,,,,,,,,,
,,,,,,,,,,,,,,,,,,,,,,,,,,,,,,,,,,,,,,,,,,
,,,,,,,,,,,,,,,,,,,,,,,,,,,,,,,,,,,,,,,,,,
,,,,,,,,,,,,,,,,,,,,,,,,,,,,,,,,,,,,,,,,,,
,,,,,,,,,,,,,,,,,,,,,,,,,,,,,,,,,,,,,,,,,,
,,,,,,,,,,,,,,,,,,,,,,,,,,,,,,,,,,,,,,,,,,
,,,,,,,,,,,,,,,,,,,,,,,,,,,,,,,,,,,,,,,,,,
,,,,,,,,,,,,,,,,,,,,,,,,,,,,,,,,,,,,,,,,,,
,,,,,,,,,,,,,,,,,,,,,,,,,,,,,,,,,,,,,,,,,,
,,,,,,,,,,,,,,,,,,,,,,,,,,,,,,,,,,,,,,,,,,
,,,,,,,,,,,,,,,,,,,,,,,,,,,,,,,,,,,,,,,,,,
,,,,,,,,,,,,,,,,,,,,,,,,,,,,,,,,,,,,,,,,,,
,,,,,,,,,,,,,,,,,,,,,,,,,,,,,,,,,,,,,,,,,,
,,,,,,,,,,,,,,,,,,,,,,,,,,,,,,,,,,,,,,,,,,
,,,,,,,,,,,,,,,,,,,,,,,,,,,,,,,,,,,,,,,,,,
,,,,,,,,,,,,,,,,,,,,,,,,,,,,,,,,,,,,,,,,,,
,,,,,,,,,,,,,,,,,,,,,,,,,,,,,,,,,,,,,,,,,,
,,,,,,,,,,,,,,,,,,,,,,,,,,,,,,,,,,,,,,,,,,
,,,,,,,,,,,,,,,,,,,,,,,,,,,,,,,,,,,,,,,,,,
,,,,,,,,,,,,,,,,,,,,,,,,,,,,,,,,,,,,,,,,,,
,,,,,,,,,,,,,,,,,,,,,,,,,,,,,,,,,,,,,,,,,,
,,,,,,,,,,,,,,,,,,,,,,,,,,,,,,,,,,,,,,,,,,
,,,,,,,,,,,,,,,,,,,,,,,,,,,,,,,,,,,,,,,,,,
,,,,,,,,,,,,,,,,,,,,,,,,,,,,,,,,,,,,,,,,,,
,,,,,,,,,,,,,,,,,,,,,,,,,,,,,,,,,,,,,,,,,,
,,,,,,,,,,,,,,,,,,,,,,,,,,,,,,,,,,,,,,,,,,
,,,,,,,,,,,,,,,,,,,,,,,,,,,,,,,,,,,,,,,,,,
,,,,,,,,,,,,,,,,,,,,,,,,,,,,,,,,,,,,,,,,,,
,,,,,,,,,,,,,,,,,,,,,,,,,,,,,,,,,,,,,,,,,,
,,,,,,,,,,,,,,,,,,,,,,,,,,,,,,,,,,,,,,,,,,
,,,,,,,,,,,,,,,,,,,,,,,,,,,,,,,,,,,,,,,,,,
,,,,,,,,,,,,,,,,,,,,,,,,,,,,,,,,,,,,,,,,,,
,,,,,,,,,,,,,,,,,,,,,,,,,,,,,,,,,,,,,,,,,,
,,,,,,,,,,,,,,,,,,,,,,,,,,,,,,,,,,,,,,,,,,
,,,,,,,,,,,,,,,,,,,,,,,,,,,,,,,,,,,,,,,,,,
,,,,,,,,,,,,,,,,,,,,,,,,,,,,,,,,,,,,,,,,,,
,,,,,,,,,,,,,,,,,,,,,,,,,,,,,,,,,,,,,,,,,,
,,,,,,,,,,,,,,,,,,,,,,,,,,,,,,,,,,,,,,,,,,
,,,,,,,,,,,,,,,,,,,,,,,,,,,,,,,,,,,,,,,,,,
,,,,,,,,,,,,,,,,,,,,,,,,,,,,,,,,,,,,,,,,,,
,,,,,,,,,,,,,,,,,,,,,,,,,,,,,,,,,,,,,,,,,,
,,,,,,,,,,,,,,,,,,,,,,,,,,,,,,,,,,,,,,,,,,
,,,,,,,,,,,,,,,,,,,,,,,,,,,,,,,,,,,,,,,,,,
,,,,,,,,,,,,,,,,,,,,,,,,,,,,,,,,,,,,,,,,,,
,,,,,,,,,,,,,,,,,,,,,,,,,,,,,,,,,,,,,,,,,,
,,,,,,,,,,,,,,,,,,,,,,,,,,,,,,,,,,,,,,,,,,
,,,,,,,,,,,,,,,,,,,,,,,,,,,,,,,,,,,,,,,,,,
,,,,,,,,,,,,,,,,,,,,,,,,,,,,,,,,,,,,,,,,,,
,,,,,,,,,,,,,,,,,,,,,,,,,,,,,,,,,,,,,,,,,,
,,,,,,,,,,,,,,,,,,,,,,,,,,,,,,,,,,,,,,,,,,
,,,,,,,,,,,,,,,,,,,,,,,,,,,,,,,,,,,,,,,,,,
,,,,,,,,,,,,,,,,,,,,,,,,,,,,,,,,,,,,,,,,,,
,,,,,,,,,,,,,,,,,,,,,,,,,,,,,,,,,,,,,,,,,,
,,,,,,,,,,,,,,,,,,,,,,,,,,,,,,,,,,,,,,,,,,
,,,,,,,,,,,,,,,,,,,,,,,,,,,,,,,,,,,,,,,,,,
,,,,,,,,,,,,,,,,,,,,,,,,,,,,,,,,,,,,,,,,,,
,,,,,,,,,,,,,,,,,,,,,,,,,,,,,,,,,,,,,,,,,,
,,,,,,,,,,,,,,,,,,,,,,,,,,,,,,,,,,,,,,,,,,
,,,,,,,,,,,,,,,,,,,,,,,,,,,,,,,,,,,,,,,,,,
,,,,,,,,,,,,,,,,,,,,,,,,,,,,,,,,,,,,,,,,,,
,,,,,,,,,,,,,,,,,,,,,,,,,,,,,,,,,,,,,,,,,,
,,,,,,,,,,,,,,,,,,,,,,,,,,,,,,,,,,,,,,,,,,
,,,,,,,,,,,,,,,,,,,,,,,,,,,,,,,,,,,,,,,,,,
,,,,,,,,,,,,,,,,,,,,,,,,,,,,,,,,,,,,,,,,,,
,,,,,,,,,,,,,,,,,,,,,,,,,,,,,,,,,,,,,,,,,,
,,,,,,,,,,,,,,,,,,,,,,,,,,,,,,,,,,,,,,,,,,
,,,,,,,,,,,,,,,,,,,,,,,,,,,,,,,,,,,,,,,,,,
,,,,,,,,,,,,,,,,,,,,,,,,,,,,,,,,,,,,,,,,,,
,,,,,,,,,,,,,,,,,,,,,,,,,,,,,,,,,,,,,,,,,,
,,,,,,,,,,,,,,,,,,,,,,,,,,,,,,,,,,,,,,,,,,
,,,,,,,,,,,,,,,,,,,,,,,,,,,,,,,,,,,,,,,,,,
,,,,,,,,,,,,,,,,,,,,,,,,,,,,,,,,,,,,,,,,,,
,,,,,,,,,,,,,,,,,,,,,,,,,,,,,,,,,,,,,,,,,,
,,,,,,,,,,,,,,,,,,,,,,,,,,,,,,,,,,,,,,,,,,
,,,,,,,,,,,,,,,,,,,,,,,,,,,,,,,,,,,,,,,,,,
,,,,,,,,,,,,,,,,,,,,,,,,,,,,,,,,,,,,,,,,,,
,,,,,,,,,,,,,,,,,,,,,,,,,,,,,,,,,,,,,,,,,,
,,,,,,,,,,,,,,,,,,,,,,,,,,,,,,,,,,,,,,,,,,
,,,,,,,,,,,,,,,,,,,,,,,,,,,,,,,,,,,,,,,,,,
,,,,,,,,,,,,,,,,,,,,,,,,,,,,,,,,,,,,,,,,,,
,,,,,,,,,,,,,,,,,,,,,,,,,,,,,,,,,,,,,,,,,,
,,,,,,,,,,,,,,,,,,,,,,,,,,,,,,,,,,,,,,,,,,
,,,,,,,,,,,,,,,,,,,,,,,,,,,,,,,,,,,,,,,,,,
,,,,,,,,,,,,,,,,,,,,,,,,,,,,,,,,,,,,,,,,,,
,,,,,,,,,,,,,,,,,,,,,,,,,,,,,,,,,,,,,,,,,,
,,,,,,,,,,,,,,,,,,,,,,,,,,,,,,,,,,,,,,,,,,
,,,,,,,,,,,,,,,,,,,,,,,,,,,,,,,,,,,,,,,,,,
,,,,,,,,,,,,,,,,,,,,,,,,,,,,,,,,,,,,,,,,,,
,,,,,,,,,,,,,,,,,,,,,,,,,,,,,,,,,,,,,,,,,,
,,,,,,,,,,,,,,,,,,,,,,,,,,,,,,,,,,,,,,,,,,
,,,,,,,,,,,,,,,,,,,,,,,,,,,,,,,,,,,,,,,,,,
,,,,,,,,,,,,,,,,,,,,,,,,,,,,,,,,,,,,,,,,,,
,,,,,,,,,,,,,,,,,,,,,,,,,,,,,,,,,,,,,,,,,,
,,,,,,,,,,,,,,,,,,,,,,,,,,,,,,,,,,,,,,,,,,
,,,,,,,,,,,,,,,,,,,,,,,,,,,,,,,,,,,,,,,,,,
,,,,,,,,,,,,,,,,,,,,,,,,,,,,,,,,,,,,,,,,,,
,,,,,,,,,,,,,,,,,,,,,,,,,,,,,,,,,,,,,,,,,,
,,,,,,,,,,,,,,,,,,,,,,,,,,,,,,,,,,,,,,,,,,
,,,,,,,,,,,,,,,,,,,,,,,,,,,,,,,,,,,,,,,,,,
,,,,,,,,,,,,,,,,,,,,,,,,,,,,,,,,,,,,,,,,,,
,,,,,,,,,,,,,,,,,,,,,,,,,,,,,,,,,,,,,,,,,,
,,,,,,,,,,,,,,,,,,,,,,,,,,,,,,,,,,,,,,,,,,
,,,,,,,,,,,,,,,,,,,,,,,,,,,,,,,,,,,,,,,,,,
,,,,,,,,,,,,,,,,,,,,,,,,,,,,,,,,,,,,,,,,,,
,,,,,,,,,,,,,,,,,,,,,,,,,,,,,,,,,,,,,,,,,,
,,,,,,,,,,,,,,,,,,,,,,,,,,,,,,,,,,,,,,,,,,
,,,,,,,,,,,,,,,,,,,,,,,,,,,,,,,,,,,,,,,,,,
,,,,,,,,,,,,,,,,,,,,,,,,,,,,,,,,,,,,,,,,,,
,,,,,,,,,,,,,,,,,,,,,,,,,,,,,,,,,,,,,,,,,,
,,,,,,,,,,,,,,,,,,,,,,,,,,,,,,,,,,,,,,,,,,
,,,,,,,,,,,,,,,,,,,,,,,,,,,,,,,,,,,,,,,,,,
,,,,,,,,,,,,,,,,,,,,,,,,,,,,,,,,,,,,,,,,,,
,,,,,,,,,,,,,,,,,,,,,,,,,,,,,,,,,,,,,,,,,,
,,,,,,,,,,,,,,,,,,,,,,,,,,,,,,,,,,,,,,,,,,
,,,,,,,,,,,,,,,,,,,,,,,,,,,,,,,,,,,,,,,,,,
,,,,,,,,,,,,,,,,,,,,,,,,,,,,,,,,,,,,,,,,,,
,,,,,,,,,,,,,,,,,,,,,,,,,,,,,,,,,,,,,,,,,,
,,,,,,,,,,,,,,,,,,,,,,,,,,,,,,,,,,,,,,,,,,
,,,,,,,,,,,,,,,,,,,,,,,,,,,,,,,,,,,,,,,,,,
,,,,,,,,,,,,,,,,,,,,,,,,,,,,,,,,,,,,,,,,,,
,,,,,,,,,,,,,,,,,,,,,,,,,,,,,,,,,,,,,,,,,,
,,,,,,,,,,,,,,,,,,,,,,,,,,,,,,,,,,,,,,,,,,
,,,,,,,,,,,,,,,,,,,,,,,,,,,,,,,,,,,,,,,,,,
,,,,,,,,,,,,,,,,,,,,,,,,,,,,,,,,,,,,,,,,,,
,,,,,,,,,,,,,,,,,,,,,,,,,,,,,,,,,,,,,,,,,,
,,,,,,,,,,,,,,,,,,,,,,,,,,,,,,,,,,,,,,,,,,
,,,,,,,,,,,,,,,,,,,,,,,,,,,,,,,,,,,,,,,,,,
,,,,,,,,,,,,,,,,,,,,,,,,,,,,,,,,,,,,,,,,,,
,,,,,,,,,,,,,,,,,,,,,,,,,,,,,,,,,,,,,,,,,,
,,,,,,,,,,,,,,,,,,,,,,,,,,,,,,,,,,,,,,,,,,
,,,,,,,,,,,,,,,,,,,,,,,,,,,,,,,,,,,,,,,,,,
,,,,,,,,,,,,,,,,,,,,,,,,,,,,,,,,,,,,,,,,,,
,,,,,,,,,,,,,,,,,,,,,,,,,,,,,,,,,,,,,,,,,,
,,,,,,,,,,,,,,,,,,,,,,,,,,,,,,,,,,,,,,,,,,
,,,,,,,,,,,,,,,,,,,,,,,,,,,,,,,,,,,,,,,,,,
,,,,,,,,,,,,,,,,,,,,,,,,,,,,,,,,,,,,,,,,,,
,,,,,,,,,,,,,,,,,,,,,,,,,,,,,,,,,,,,,,,,,,
,,,,,,,,,,,,,,,,,,,,,,,,,,,,,,,,,,,,,,,,,,
,,,,,,,,,,,,,,,,,,,,,,,,,,,,,,,,,,,,,,,,,,
,,,,,,,,,,,,,,,,,,,,,,,,,,,,,,,,,,,,,,,,,,
,,,,,,,,,,,,,,,,,,,,,,,,,,,,,,,,,,,,,,,,,,
,,,,,,,,,,,,,,,,,,,,,,,,,,,,,,,,,,,,,,,,,,
,,,,,,,,,,,,,,,,,,,,,,,,,,,,,,,,,,,,,,,,,,
,,,,,,,,,,,,,,,,,,,,,,,,,,,,,,,,,,,,,,,,,,
,,,,,,,,,,,,,,,,,,,,,,,,,,,,,,,,,,,,,,,,,,
,,,,,,,,,,,,,,,,,,,,,,,,,,,,,,,,,,,,,,,,,,
,,,,,,,,,,,,,,,,,,,,,,,,,,,,,,,,,,,,,,,,,,
,,,,,,,,,,,,,,,,,,,,,,,,,,,,,,,,,,,,,,,,,,
,,,,,,,,,,,,,,,,,,,,,,,,,,,,,,,,,,,,,,,,,,
,,,,,,,,,,,,,,,,,,,,,,,,,,,,,,,,,,,,,,,,,,
,,,,,,,,,,,,,,,,,,,,,,,,,,,,,,,,,,,,,,,,,,
,,,,,,,,,,,,,,,,,,,,,,,,,,,,,,,,,,,,,,,,,,
,,,,,,,,,,,,,,,,,,,,,,,,,,,,,,,,,,,,,,,,,,
,,,,,,,,,,,,,,,,,,,,,,,,,,,,,,,,,,,,,,,,,,
,,,,,,,,,,,,,,,,,,,,,,,,,,,,,,,,,,,,,,,,,,
,,,,,,,,,,,,,,,,,,,,,,,,,,,,,,,,,,,,,,,,,,
,,,,,,,,,,,,,,,,,,,,,,,,,,,,,,,,,,,,,,,,,,
,,,,,,,,,,,,,,,,,,,,,,,,,,,,,,,,,,,,,,,,,,
,,,,,,,,,,,,,,,,,,,,,,,,,,,,,,,,,,,,,,,,,,
,,,,,,,,,,,,,,,,,,,,,,,,,,,,,,,,,,,,,,,,,,
,,,,,,,,,,,,,,,,,,,,,,,,,,,,,,,,,,,,,,,,,,
,,,,,,,,,,,,,,,,,,,,,,,,,,,,,,,,,,,,,,,,,,
,,,,,,,,,,,,,,,,,,,,,,,,,,,,,,,,,,,,,,,,,,
,,,,,,,,,,,,,,,,,,,,,,,,,,,,,,,,,,,,,,,,,,
,,,,,,,,,,,,,,,,,,,,,,,,,,,,,,,,,,,,,,,,,,
,,,,,,,,,,,,,,,,,,,,,,,,,,,,,,,,,,,,,,,,,,
,,,,,,,,,,,,,,,,,,,,,,,,,,,,,,,,,,,,,,,,,,
,,,,,,,,,,,,,,,,,,,,,,,,,,,,,,,,,,,,,,,,,,
,,,,,,,,,,,,,,,,,,,,,,,,,,,,,,,,,,,,,,,,,,
,,,,,,,,,,,,,,,,,,,,,,,,,,,,,,,,,,,,,,,,,,
,,,,,,,,,,,,,,,,,,,,,,,,,,,,,,,,,,,,,,,,,,
,,,,,,,,,,,,,,,,,,,,,,,,,,,,,,,,,,,,,,,,,,
,,,,,,,,,,,,,,,,,,,,,,,,,,,,,,,,,,,,,,,,,,
,,,,,,,,,,,,,,,,,,,,,,,,,,,,,,,,,,,,,,,,,,
,,,,,,,,,,,,,,,,,,,,,,,,,,,,,,,,,,,,,,,,,,
,,,,,,,,,,,,,,,,,,,,,,,,,,,,,,,,,,,,,,,,,,
,,,,,,,,,,,,,,,,,,,,,,,,,,,,,,,,,,,,,,,,,,
,,,,,,,,,,,,,,,,,,,,,,,,,,,,,,,,,,,,,,,,,,
,,,,,,,,,,,,,,,,,,,,,,,,,,,,,,,,,,,,,,,,,,
,,,,,,,,,,,,,,,,,,,,,,,,,,,,,,,,,,,,,,,,,,
,,,,,,,,,,,,,,,,,,,,,,,,,,,,,,,,,,,,,,,,,,
,,,,,,,,,,,,,,,,,,,,,,,,,,,,,,,,,,,,,,,,,,
,,,,,,,,,,,,,,,,,,,,,,,,,,,,,,,,,,,,,,,,,,
,,,,,,,,,,,,,,,,,,,,,,,,,,,,,,,,,,,,,,,,,,
,,,,,,,,,,,,,,,,,,,,,,,,,,,,,,,,,,,,,,,,,,
,,,,,,,,,,,,,,,,,,,,,,,,,,,,,,,,,,,,,,,,,,
,,,,,,,,,,,,,,,,,,,,,,,,,,,,,,,,,,,,,,,,,,
,,,,,,,,,,,,,,,,,,,,,,,,,,,,,,,,,,,,,,,,,,
,,,,,,,,,,,,,,,,,,,,,,,,,,,,,,,,,,,,,,,,,,
,,,,,,,,,,,,,,,,,,,,,,,,,,,,,,,,,,,,,,,,,,
,,,,,,,,,,,,,,,,,,,,,,,,,,,,,,,,,,,,,,,,,,
,,,,,,,,,,,,,,,,,,,,,,,,,,,,,,,,,,,,,,,,,,
,,,,,,,,,,,,,,,,,,,,,,,,,,,,,,,,,,,,,,,,,,
,,,,,,,,,,,,,,,,,,,,,,,,,,,,,,,,,,,,,,,,,,
,,,,,,,,,,,,,,,,,,,,,,,,,,,,,,,,,,,,,,,,,,
,,,,,,,,,,,,,,,,,,,,,,,,,,,,,,,,,,,,,,,,,,
,,,,,,,,,,,,,,,,,,,,,,,,,,,,,,,,,,,,,,,,,,
,,,,,,,,,,,,,,,,,,,,,,,,,,,,,,,,,,,,,,,,,,
,,,,,,,,,,,,,,,,,,,,,,,,,,,,,,,,,,,,,,,,,,
,,,,,,,,,,,,,,,,,,,,,,,,,,,,,,,,,,,,,,,,,,
,,,,,,,,,,,,,,,,,,,,,,,,,,,,,,,,,,,,,,,,,,
,,,,,,,,,,,,,,,,,,,,,,,,,,,,,,,,,,,,,,,,,,
,,,,,,,,,,,,,,,,,,,,,,,,,,,,,,,,,,,,,,,,,,
,,,,,,,,,,,,,,,,,,,,,,,,,,,,,,,,,,,,,,,,,,
,,,,,,,,,,,,,,,,,,,,,,,,,,,,,,,,,,,,,,,,,,
,,,,,,,,,,,,,,,,,,,,,,,,,,,,,,,,,,,,,,,,,,
,,,,,,,,,,,,,,,,,,,,,,,,,,,,,,,,,,,,,,,,,,
,,,,,,,,,,,,,,,,,,,,,,,,,,,,,,,,,,,,,,,,,,
,,,,,,,,,,,,,,,,,,,,,,,,,,,,,,,,,,,,,,,,,,
,,,,,,,,,,,,,,,,,,,,,,,,,,,,,,,,,,,,,,,,,,
,,,,,,,,,,,,,,,,,,,,,,,,,,,,,,,,,,,,,,,,,,
,,,,,,,,,,,,,,,,,,,,,,,,,,,,,,,,,,,,,,,,,,
,,,,,,,,,,,,,,,,,,,,,,,,,,,,,,,,,,,,,,,,,,
,,,,,,,,,,,,,,,,,,,,,,,,,,,,,,,,,,,,,,,,,,
,,,,,,,,,,,,,,,,,,,,,,,,,,,,,,,,,,,,,,,,,,
,,,,,,,,,,,,,,,,,,,,,,,,,,,,,,,,,,,,,,,,,,
,,,,,,,,,,,,,,,,,,,,,,,,,,,,,,,,,,,,,,,,,,
,,,,,,,,,,,,,,,,,,,,,,,,,,,,,,,,,,,,,,,,,,
,,,,,,,,,,,,,,,,,,,,,,,,,,,,,,,,,,,,,,,,,,
,,,,,,,,,,,,,,,,,,,,,,,,,,,,,,,,,,,,,,,,,,
,,,,,,,,,,,,,,,,,,,,,,,,,,,,,,,,,,,,,,,,,,
,,,,,,,,,,,,,,,,,,,,,,,,,,,,,,,,,,,,,,,,,,
,,,,,,,,,,,,,,,,,,,,,,,,,,,,,,,,,,,,,,,,,,
,,,,,,,,,,,,,,,,,,,,,,,,,,,,,,,,,,,,,,,,,,
,,,,,,,,,,,,,,,,,,,,,,,,,,,,,,,,,,,,,,,,,,
,,,,,,,,,,,,,,,,,,,,,,,,,,,,,,,,,,,,,,,,,,
,,,,,,,,,,,,,,,,,,,,,,,,,,,,,,,,,,,,,,,,,,
,,,,,,,,,,,,,,,,,,,,,,,,,,,,,,,,,,,,,,,,,,
,,,,,,,,,,,,,,,,,,,,,,,,,,,,,,,,,,,,,,,,,,
,,,,,,,,,,,,,,,,,,,,,,,,,,,,,,,,,,,,,,,,,,
,,,,,,,,,,,,,,,,,,,,,,,,,,,,,,,,,,,,,,,,,,
,,,,,,,,,,,,,,,,,,,,,,,,,,,,,,,,,,,,,,,,,,
,,,,,,,,,,,,,,,,,,,,,,,,,,,,,,,,,,,,,,,,,,
,,,,,,,,,,,,,,,,,,,,,,,,,,,,,,,,,,,,,,,,,,
,,,,,,,,,,,,,,,,,,,,,,,,,,,,,,,,,,,,,,,,,,
,,,,,,,,,,,,,,,,,,,,,,,,,,,,,,,,,,,,,,,,,,
,,,,,,,,,,,,,,,,,,,,,,,,,,,,,,,,,,,,,,,,,,
,,,,,,,,,,,,,,,,,,,,,,,,,,,,,,,,,,,,,,,,,,
,,,,,,,,,,,,,,,,,,,,,,,,,,,,,,,,,,,,,,,,,,
,,,,,,,,,,,,,,,,,,,,,,,,,,,,,,,,,,,,,,,,,,
,,,,,,,,,,,,,,,,,,,,,,,,,,,,,,,,,,,,,,,,,,
,,,,,,,,,,,,,,,,,,,,,,,,,,,,,,,,,,,,,,,,,,
,,,,,,,,,,,,,,,,,,,,,,,,,,,,,,,,,,,,,,,,,,
,,,,,,,,,,,,,,,,,,,,,,,,,,,,,,,,,,,,,,,,,,
,,,,,,,,,,,,,,,,,,,,,,,,,,,,,,,,,,,,,,,,,,
,,,,,,,,,,,,,,,,,,,,,,,,,,,,,,,,,,,,,,,,,,
,,,,,,,,,,,,,,,,,,,,,,,,,,,,,,,,,,,,,,,,,,
,,,,,,,,,,,,,,,,,,,,,,,,,,,,,,,,,,,,,,,,,,
,,,,,,,,,,,,,,,,,,,,,,,,,,,,,,,,,,,,,,,,,,
,,,,,,,,,,,,,,,,,,,,,,,,,,,,,,,,,,,,,,,,,,
,,,,,,,,,,,,,,,,,,,,,,,,,,,,,,,,,,,,,,,,,,
,,,,,,,,,,,,,,,,,,,,,,,,,,,,,,,,,,,,,,,,,,
,,,,,,,,,,,,,,,,,,,,,,,,,,,,,,,,,,,,,,,,,,
,,,,,,,,,,,,,,,,,,,,,,,,,,,,,,,,,,,,,,,,,,
,,,,,,,,,,,,,,,,,,,,,,,,,,,,,,,,,,,,,,,,,,
,,,,,,,,,,,,,,,,,,,,,,,,,,,,,,,,,,,,,,,,,,
,,,,,,,,,,,,,,,,,,,,,,,,,,,,,,,,,,,,,,,,,,
,,,,,,,,,,,,,,,,,,,,,,,,,,,,,,,,,,,,,,,,,,
,,,,,,,,,,,,,,,,,,,,,,,,,,,,,,,,,,,,,,,,,,
,,,,,,,,,,,,,,,,,,,,,,,,,,,,,,,,,,,,,,,,,,
,,,,,,,,,,,,,,,,,,,,,,,,,,,,,,,,,,,,,,,,,,
,,,,,,,,,,,,,,,,,,,,,,,,,,,,,,,,,,,,,,,,,,
,,,,,,,,,,,,,,,,,,,,,,,,,,,,,,,,,,,,,,,,,,
,,,,,,,,,,,,,,,,,,,,,,,,,,,,,,,,,,,,,,,,,,
,,,,,,,,,,,,,,,,,,,,,,,,,,,,,,,,,,,,,,,,,,
,,,,,,,,,,,,,,,,,,,,,,,,,,,,,,,,,,,,,,,,,,
,,,,,,,,,,,,,,,,,,,,,,,,,,,,,,,,,,,,,,,,,,
,,,,,,,,,,,,,,,,,,,,,,,,,,,,,,,,,,,,,,,,,,
,,,,,,,,,,,,,,,,,,,,,,,,,,,,,,,,,,,,,,,,,,
,,,,,,,,,,,,,,,,,,,,,,,,,,,,,,,,,,,,,,,,,,
,,,,,,,,,,,,,,,,,,,,,,,,,,,,,,,,,,,,,,,,,,
,,,,,,,,,,,,,,,,,,,,,,,,,,,,,,,,,,,,,,,,,,
,,,,,,,,,,,,,,,,,,,,,,,,,,,,,,,,,,,,,,,,,,
,,,,,,,,,,,,,,,,,,,,,,,,,,,,,,,,,,,,,,,,,,
,,,,,,,,,,,,,,,,,,,,,,,,,,,,,,,,,,,,,,,,,,
,,,,,,,,,,,,,,,,,,,,,,,,,,,,,,,,,,,,,,,,,,
,,,,,,,,,,,,,,,,,,,,,,,,,,,,,,,,,,,,,,,,,,
,,,,,,,,,,,,,,,,,,,,,,,,,,,,,,,,,,,,,,,,,,
,,,,,,,,,,,,,,,,,,,,,,,,,,,,,,,,,,,,,,,,,,
,,,,,,,,,,,,,,,,,,,,,,,,,,,,,,,,,,,,,,,,,,
,,,,,,,,,,,,,,,,,,,,,,,,,,,,,,,,,,,,,,,,,,
,,,,,,,,,,,,,,,,,,,,,,,,,,,,,,,,,,,,,,,,,,
,,,,,,,,,,,,,,,,,,,,,,,,,,,,,,,,,,,,,,,,,,
,,,,,,,,,,,,,,,,,,,,,,,,,,,,,,,,,,,,,,,,,,
,,,,,,,,,,,,,,,,,,,,,,,,,,,,,,,,,,,,,,,,,,
,,,,,,,,,,,,,,,,,,,,,,,,,,,,,,,,,,,,,,,,,,
,,,,,,,,,,,,,,,,,,,,,,,,,,,,,,,,,,,,,,,,,,
,,,,,,,,,,,,,,,,,,,,,,,,,,,,,,,,,,,,,,,,,,
,,,,,,,,,,,,,,,,,,,,,,,,,,,,,,,,,,,,,,,,,,
,,,,,,,,,,,,,,,,,,,,,,,,,,,,,,,,,,,,,,,,,,
,,,,,,,,,,,,,,,,,,,,,,,,,,,,,,,,,,,,,,,,,,
,,,,,,,,,,,,,,,,,,,,,,,,,,,,,,,,,,,,,,,,,,
,,,,,,,,,,,,,,,,,,,,,,,,,,,,,,,,,,,,,,,,,,
,,,,,,,,,,,,,,,,,,,,,,,,,,,,,,,,,,,,,,,,,,
,,,,,,,,,,,,,,,,,,,,,,,,,,,,,,,,,,,,,,,,,,
,,,,,,,,,,,,,,,,,,,,,,,,,,,,,,,,,,,,,,,,,,
,,,,,,,,,,,,,,,,,,,,,,,,,,,,,,,,,,,,,,,,,,
,,,,,,,,,,,,,,,,,,,,,,,,,,,,,,,,,,,,,,,,,,
,,,,,,,,,,,,,,,,,,,,,,,,,,,,,,,,,,,,,,,,,,
,,,,,,,,,,,,,,,,,,,,,,,,,,,,,,,,,,,,,,,,,,
,,,,,,,,,,,,,,,,,,,,,,,,,,,,,,,,,,,,,,,,,,
,,,,,,,,,,,,,,,,,,,,,,,,,,,,,,,,,,,,,,,,,,
,,,,,,,,,,,,,,,,,,,,,,,,,,,,,,,,,,,,,,,,,,
,,,,,,,,,,,,,,,,,,,,,,,,,,,,,,,,,,,,,,,,,,
,,,,,,,,,,,,,,,,,,,,,,,,,,,,,,,,,,,,,,,,,,
,,,,,,,,,,,,,,,,,,,,,,,,,,,,,,,,,,,,,,,,,,
,,,,,,,,,,,,,,,,,,,,,,,,,,,,,,,,,,,,,,,,,,
,,,,,,,,,,,,,,,,,,,,,,,,,,,,,,,,,,,,,,,,,,
,,,,,,,,,,,,,,,,,,,,,,,,,,,,,,,,,,,,,,,,,,
,,,,,,,,,,,,,,,,,,,,,,,,,,,,,,,,,,,,,,,,,,
,,,,,,,,,,,,,,,,,,,,,,,,,,,,,,,,,,,,,,,,,,
,,,,,,,,,,,,,,,,,,,,,,,,,,,,,,,,,,,,,,,,,,
,,,,,,,,,,,,,,,,,,,,,,,,,,,,,,,,,,,,,,,,,,
,,,,,,,,,,,,,,,,,,,,,,,,,,,,,,,,,,,,,,,,,,
,,,,,,,,,,,,,,,,,,,,,,,,,,,,,,,,,,,,,,,,,,
,,,,,,,,,,,,,,,,,,,,,,,,,,,,,,,,,,,,,,,,,,
,,,,,,,,,,,,,,,,,,,,,,,,,,,,,,,,,,,,,,,,,,
,,,,,,,,,,,,,,,,,,,,,,,,,,,,,,,,,,,,,,,,,,
,,,,,,,,,,,,,,,,,,,,,,,,,,,,,,,,,,,,,,,,,,
,,,,,,,,,,,,,,,,,,,,,,,,,,,,,,,,,,,,,,,,,,
,,,,,,,,,,,,,,,,,,,,,,,,,,,,,,,,,,,,,,,,,,
,,,,,,,,,,,,,,,,,,,,,,,,,,,,,,,,,,,,,,,,,,
,,,,,,,,,,,,,,,,,,,,,,,,,,,,,,,,,,,,,,,,,,
,,,,,,,,,,,,,,,,,,,,,,,,,,,,,,,,,,,,,,,,,,
,,,,,,,,,,,,,,,,,,,,,,,,,,,,,,,,,,,,,,,,,,
,,,,,,,,,,,,,,,,,,,,,,,,,,,,,,,,,,,,,,,,,,
,,,,,,,,,,,,,,,,,,,,,,,,,,,,,,,,,,,,,,,,,,
,,,,,,,,,,,,,,,,,,,,,,,,,,,,,,,,,,,,,,,,,,
,,,,,,,,,,,,,,,,,,,,,,,,,,,,,,,,,,,,,,,,,,
,,,,,,,,,,,,,,,,,,,,,,,,,,,,,,,,,,,,,,,,,,
,,,,,,,,,,,,,,,,,,,,,,,,,,,,,,,,,,,,,,,,,,
,,,,,,,,,,,,,,,,,,,,,,,,,,,,,,,,,,,,,,,,,,
,,,,,,,,,,,,,,,,,,,,,,,,,,,,,,,,,,,,,,,,,,
,,,,,,,,,,,,,,,,,,,,,,,,,,,,,,,,,,,,,,,,,,
,,,,,,,,,,,,,,,,,,,,,,,,,,,,,,,,,,,,,,,,,,
,,,,,,,,,,,,,,,,,,,,,,,,,,,,,,,,,,,,,,,,,,
,,,,,,,,,,,,,,,,,,,,,,,,,,,,,,,,,,,,,,,,,,
,,,,,,,,,,,,,,,,,,,,,,,,,,,,,,,,,,,,,,,,,,
,,,,,,,,,,,,,,,,,,,,,,,,,,,,,,,,,,,,,,,,,,
,,,,,,,,,,,,,,,,,,,,,,,,,,,,,,,,,,,,,,,,,,
,,,,,,,,,,,,,,,,,,,,,,,,,,,,,,,,,,,,,,,,,,
,,,,,,,,,,,,,,,,,,,,,,,,,,,,,,,,,,,,,,,,,,
,,,,,,,,,,,,,,,,,,,,,,,,,,,,,,,,,,,,,,,,,,
,,,,,,,,,,,,,,,,,,,,,,,,,,,,,,,,,,,,,,,,,,
,,,,,,,,,,,,,,,,,,,,,,,,,,,,,,,,,,,,,,,,,,
,,,,,,,,,,,,,,,,,,,,,,,,,,,,,,,,,,,,,,,,,,
,,,,,,,,,,,,,,,,,,,,,,,,,,,,,,,,,,,,,,,,,,
,,,,,,,,,,,,,,,,,,,,,,,,,,,,,,,,,,,,,,,,,,
,,,,,,,,,,,,,,,,,,,,,,,,,,,,,,,,,,,,,,,,,,
,,,,,,,,,,,,,,,,,,,,,,,,,,,,,,,,,,,,,,,,,,
,,,,,,,,,,,,,,,,,,,,,,,,,,,,,,,,,,,,,,,,,,
,,,,,,,,,,,,,,,,,,,,,,,,,,,,,,,,,,,,,,,,,,
,,,,,,,,,,,,,,,,,,,,,,,,,,,,,,,,,,,,,,,,,,
,,,,,,,,,,,,,,,,,,,,,,,,,,,,,,,,,,,,,,,,,,
,,,,,,,,,,,,,,,,,,,,,,,,,,,,,,,,,,,,,,,,,,
,,,,,,,,,,,,,,,,,,,,,,,,,,,,,,,,,,,,,,,,,,
,,,,,,,,,,,,,,,,,,,,,,,,,,,,,,,,,,,,,,,,,,
,,,,,,,,,,,,,,,,,,,,,,,,,,,,,,,,,,,,,,,,,,
,,,,,,,,,,,,,,,,,,,,,,,,,,,,,,,,,,,,,,,,,,
,,,,,,,,,,,,,,,,,,,,,,,,,,,,,,,,,,,,,,,,,,
,,,,,,,,,,,,,,,,,,,,,,,,,,,,,,,,,,,,,,,,,,
,,,,,,,,,,,,,,,,,,,,,,,,,,,,,,,,,,,,,,,,,,
,,,,,,,,,,,,,,,,,,,,,,,,,,,,,,,,,,,,,,,,,,
,,,,,,,,,,,,,,,,,,,,,,,,,,,,,,,,,,,,,,,,,,
,,,,,,,,,,,,,,,,,,,,,,,,,,,,,,,,,,,,,,,,,,
,,,,,,,,,,,,,,,,,,,,,,,,,,,,,,,,,,,,,,,,,,
,,,,,,,,,,,,,,,,,,,,,,,,,,,,,,,,,,,,,,,,,,
,,,,,,,,,,,,,,,,,,,,,,,,,,,,,,,,,,,,,,,,,,
,,,,,,,,,,,,,,,,,,,,,,,,,,,,,,,,,,,,,,,,,,
,,,,,,,,,,,,,,,,,,,,,,,,,,,,,,,,,,,,,,,,,,
,,,,,,,,,,,,,,,,,,,,,,,,,,,,,,,,,,,,,,,,,,
,,,,,,,,,,,,,,,,,,,,,,,,,,,,,,,,,,,,,,,,,,
,,,,,,,,,,,,,,,,,,,,,,,,,,,,,,,,,,,,,,,,,,
,,,,,,,,,,,,,,,,,,,,,,,,,,,,,,,,,,,,,,,,,,
,,,,,,,,,,,,,,,,,,,,,,,,,,,,,,,,,,,,,,,,,,
,,,,,,,,,,,,,,,,,,,,,,,,,,,,,,,,,,,,,,,,,,
,,,,,,,,,,,,,,,,,,,,,,,,,,,,,,,,,,,,,,,,,,
,,,,,,,,,,,,,,,,,,,,,,,,,,,,,,,,,,,,,,,,,,
,,,,,,,,,,,,,,,,,,,,,,,,,,,,,,,,,,,,,,,,,,
,,,,,,,,,,,,,,,,,,,,,,,,,,,,,,,,,,,,,,,,,,
,,,,,,,,,,,,,,,,,,,,,,,,,,,,,,,,,,,,,,,,,,
,,,,,,,,,,,,,,,,,,,,,,,,,,,,,,,,,,,,,,,,,,
,,,,,,,,,,,,,,,,,,,,,,,,,,,,,,,,,,,,,,,,,,
,,,,,,,,,,,,,,,,,,,,,,,,,,,,,,,,,,,,,,,,,,
,,,,,,,,,,,,,,,,,,,,,,,,,,,,,,,,,,,,,,,,,,
,,,,,,,,,,,,,,,,,,,,,,,,,,,,,,,,,,,,,,,,,,
,,,,,,,,,,,,,,,,,,,,,,,,,,,,,,,,,,,,,,,,,,
,,,,,,,,,,,,,,,,,,,,,,,,,,,,,,,,,,,,,,,,,,
,,,,,,,,,,,,,,,,,,,,,,,,,,,,,,,,,,,,,,,,,,
,,,,,,,,,,,,,,,,,,,,,,,,,,,,,,,,,,,,,,,,,,
,,,,,,,,,,,,,,,,,,,,,,,,,,,,,,,,,,,,,,,,,,
,,,,,,,,,,,,,,,,,,,,,,,,,,,,,,,,,,,,,,,,,,
,,,,,,,,,,,,,,,,,,,,,,,,,,,,,,,,,,,,,,,,,,
,,,,,,,,,,,,,,,,,,,,,,,,,,,,,,,,,,,,,,,,,,
,,,,,,,,,,,,,,,,,,,,,,,,,,,,,,,,,,,,,,,,,,
,,,,,,,,,,,,,,,,,,,,,,,,,,,,,,,,,,,,,,,,,,
,,,,,,,,,,,,,,,,,,,,,,,,,,,,,,,,,,,,,,,,,,
,,,,,,,,,,,,,,,,,,,,,,,,,,,,,,,,,,,,,,,,,,
,,,,,,,,,,,,,,,,,,,,,,,,,,,,,,,,,,,,,,,,,,
,,,,,,,,,,,,,,,,,,,,,,,,,,,,,,,,,,,,,,,,,,
,,,,,,,,,,,,,,,,,,,,,,,,,,,,,,,,,,,,,,,,,,
,,,,,,,,,,,,,,,,,,,,,,,,,,,,,,,,,,,,,,,,,,
,,,,,,,,,,,,,,,,,,,,,,,,,,,,,,,,,,,,,,,,,,
,,,,,,,,,,,,,,,,,,,,,,,,,,,,,,,,,,,,,,,,,,
,,,,,,,,,,,,,,,,,,,,,,,,,,,,,,,,,,,,,,,,,,
,,,,,,,,,,,,,,,,,,,,,,,,,,,,,,,,,,,,,,,,,,
,,,,,,,,,,,,,,,,,,,,,,,,,,,,,,,,,,,,,,,,,,
,,,,,,,,,,,,,,,,,,,,,,,,,,,,,,,,,,,,,,,,,,
,,,,,,,,,,,,,,,,,,,,,,,,,,,,,,,,,,,,,,,,,,
,,,,,,,,,,,,,,,,,,,,,,,,,,,,,,,,,,,,,,,,,,
,,,,,,,,,,,,,,,,,,,,,,,,,,,,,,,,,,,,,,,,,,
,,,,,,,,,,,,,,,,,,,,,,,,,,,,,,,,,,,,,,,,,,
,,,,,,,,,,,,,,,,,,,,,,,,,,,,,,,,,,,,,,,,,,
,,,,,,,,,,,,,,,,,,,,,,,,,,,,,,,,,,,,,,,,,,
,,,,,,,,,,,,,,,,,,,,,,,,,,,,,,,,,,,,,,,,,,
,,,,,,,,,,,,,,,,,,,,,,,,,,,,,,,,,,,,,,,,,,
,,,,,,,,,,,,,,,,,,,,,,,,,,,,,,,,,,,,,,,,,,
,,,,,,,,,,,,,,,,,,,,,,,,,,,,,,,,,,,,,,,,,,
,,,,,,,,,,,,,,,,,,,,,,,,,,,,,,,,,,,,,,,,,,
,,,,,,,,,,,,,,,,,,,,,,,,,,,,,,,,,,,,,,,,,,
,,,,,,,,,,,,,,,,,,,,,,,,,,,,,,,,,,,,,,,,,,
,,,,,,,,,,,,,,,,,,,,,,,,,,,,,,,,,,,,,,,,,,
,,,,,,,,,,,,,,,,,,,,,,,,,,,,,,,,,,,,,,,,,,
,,,,,,,,,,,,,,,,,,,,,,,,,,,,,,,,,,,,,,,,,,
,,,,,,,,,,,,,,,,,,,,,,,,,,,,,,,,,,,,,,,,,,
,,,,,,,,,,,,,,,,,,,,,,,,,,,,,,,,,,,,,,,,,,
,,,,,,,,,,,,,,,,,,,,,,,,,,,,,,,,,,,,,,,,,,
,,,,,,,,,,,,,,,,,,,,,,,,,,,,,,,,,,,,,,,,,,
,,,,,,,,,,,,,,,,,,,,,,,,,,,,,,,,,,,,,,,,,,
,,,,,,,,,,,,,,,,,,,,,,,,,,,,,,,,,,,,,,,,,,
,,,,,,,,,,,,,,,,,,,,,,,,,,,,,,,,,,,,,,,,,,
,,,,,,,,,,,,,,,,,,,,,,,,,,,,,,,,,,,,,,,,,,
,,,,,,,,,,,,,,,,,,,,,,,,,,,,,,,,,,,,,,,,,,
,,,,,,,,,,,,,,,,,,,,,,,,,,,,,,,,,,,,,,,,,,
,,,,,,,,,,,,,,,,,,,,,,,,,,,,,,,,,,,,,,,,,,
,,,,,,,,,,,,,,,,,,,,,,,,,,,,,,,,,,,,,,,,,,
,,,,,,,,,,,,,,,,,,,,,,,,,,,,,,,,,,,,,,,,,,
,,,,,,,,,,,,,,,,,,,,,,,,,,,,,,,,,,,,,,,,,,
,,,,,,,,,,,,,,,,,,,,,,,,,,,,,,,,,,,,,,,,,,
,,,,,,,,,,,,,,,,,,,,,,,,,,,,,,,,,,,,,,,,,,
,,,,,,,,,,,,,,,,,,,,,,,,,,,,,,,,,,,,,,,,,,
,,,,,,,,,,,,,,,,,,,,,,,,,,,,,,,,,,,,,,,,,,
,,,,,,,,,,,,,,,,,,,,,,,,,,,,,,,,,,,,,,,,,,
,,,,,,,,,,,,,,,,,,,,,,,,,,,,,,,,,,,,,,,,,,
,,,,,,,,,,,,,,,,,,,,,,,,,,,,,,,,,,,,,,,,,,
,,,,,,,,,,,,,,,,,,,,,,,,,,,,,,,,,,,,,,,,,,
,,,,,,,,,,,,,,,,,,,,,,,,,,,,,,,,,,,,,,,,,,
,,,,,,,,,,,,,,,,,,,,,,,,,,,,,,,,,,,,,,,,,,
,,,,,,,,,,,,,,,,,,,,,,,,,,,,,,,,,,,,,,,,,,
,,,,,,,,,,,,,,,,,,,,,,,,,,,,,,,,,,,,,,,,,,
,,,,,,,,,,,,,,,,,,,,,,,,,,,,,,,,,,,,,,,,,,
,,,,,,,,,,,,,,,,,,,,,,,,,,,,,,,,,,,,,,,,,,
,,,,,,,,,,,,,,,,,,,,,,,,,,,,,,,,,,,,,,,,,,
,,,,,,,,,,,,,,,,,,,,,,,,,,,,,,,,,,,,,,,,,,
,,,,,,,,,,,,,,,,,,,,,,,,,,,,,,,,,,,,,,,,,,
,,,,,,,,,,,,,,,,,,,,,,,,,,,,,,,,,,,,,,,,,,
,,,,,,,,,,,,,,,,,,,,,,,,,,,,,,,,,,,,,,,,,,
,,,,,,,,,,,,,,,,,,,,,,,,,,,,,,,,,,,,,,,,,,
,,,,,,,,,,,,,,,,,,,,,,,,,,,,,,,,,,,,,,,,,,
,,,,,,,,,,,,,,,,,,,,,,,,,,,,,,,,,,,,,,,,,,
,,,,,,,,,,,,,,,,,,,,,,,,,,,,,,,,,,,,,,,,,,
,,,,,,,,,,,,,,,,,,,,,,,,,,,,,,,,,,,,,,,,,,
,,,,,,,,,,,,,,,,,,,,,,,,,,,,,,,,,,,,,,,,,,
,,,,,,,,,,,,,,,,,,,,,,,,,,,,,,,,,,,,,,,,,,
,,,,,,,,,,,,,,,,,,,,,,,,,,,,,,,,,,,,,,,,,,
,,,,,,,,,,,,,,,,,,,,,,,,,,,,,,,,,,,,,,,,,,
,,,,,,,,,,,,,,,,,,,,,,,,,,,,,,,,,,,,,,,,,,
,,,,,,,,,,,,,,,,,,,,,,,,,,,,,,,,,,,,,,,,,,
,,,,,,,,,,,,,,,,,,,,,,,,,,,,,,,,,,,,,,,,,,
,,,,,,,,,,,,,,,,,,,,,,,,,,,,,,,,,,,,,,,,,,
,,,,,,,,,,,,,,,,,,,,,,,,,,,,,,,,,,,,,,,,,,
,,,,,,,,,,,,,,,,,,,,,,,,,,,,,,,,,,,,,,,,,,
,,,,,,,,,,,,,,,,,,,,,,,,,,,,,,,,,,,,,,,,,,
,,,,,,,,,,,,,,,,,,,,,,,,,,,,,,,,,,,,,,,,,,
,,,,,,,,,,,,,,,,,,,,,,,,,,,,,,,,,,,,,,,,,,
,,,,,,,,,,,,,,,,,,,,,,,,,,,,,,,,,,,,,,,,,,
,,,,,,,,,,,,,,,,,,,,,,,,,,,,,,,,,,,,,,,,,,
,,,,,,,,,,,,,,,,,,,,,,,,,,,,,,,,,,,,,,,,,,
,,,,,,,,,,,,,,,,,,,,,,,,,,,,,,,,,,,,,,,,,,
,,,,,,,,,,,,,,,,,,,,,,,,,,,,,,,,,,,,,,,,,,
,,,,,,,,,,,,,,,,,,,,,,,,,,,,,,,,,,,,,,,,,,
,,,,,,,,,,,,,,,,,,,,,,,,,,,,,,,,,,,,,,,,,,
,,,,,,,,,,,,,,,,,,,,,,,,,,,,,,,,,,,,,,,,,,
,,,,,,,,,,,,,,,,,,,,,,,,,,,,,,,,,,,,,,,,,,
,,,,,,,,,,,,,,,,,,,,,,,,,,,,,,,,,,,,,,,,,,
,,,,,,,,,,,,,,,,,,,,,,,,,,,,,,,,,,,,,,,,,,
,,,,,,,,,,,,,,,,,,,,,,,,,,,,,,,,,,,,,,,,,,
,,,,,,,,,,,,,,,,,,,,,,,,,,,,,,,,,,,,,,,,,,
,,,,,,,,,,,,,,,,,,,,,,,,,,,,,,,,,,,,,,,,,,
,,,,,,,,,,,,,,,,,,,,,,,,,,,,,,,,,,,,,,,,,,
,,,,,,,,,,,,,,,,,,,,,,,,,,,,,,,,,,,,,,,,,,
,,,,,,,,,,,,,,,,,,,,,,,,,,,,,,,,,,,,,,,,,,
,,,,,,,,,,,,,,,,,,,,,,,,,,,,,,,,,,,,,,,,,,
,,,,,,,,,,,,,,,,,,,,,,,,,,,,,,,,,,,,,,,,,,
,,,,,,,,,,,,,,,,,,,,,,,,,,,,,,,,,,,,,,,,,,
,,,,,,,,,,,,,,,,,,,,,,,,,,,,,,,,,,,,,,,,,,
,,,,,,,,,,,,,,,,,,,,,,,,,,,,,,,,,,,,,,,,,,
,,,,,,,,,,,,,,,,,,,,,,,,,,,,,,,,,,,,,,,,,,
,,,,,,,,,,,,,,,,,,,,,,,,,,,,,,,,,,,,,,,,,,
,,,,,,,,,,,,,,,,,,,,,,,,,,,,,,,,,,,,,,,,,,
,,,,,,,,,,,,,,,,,,,,,,,,,,,,,,,,,,,,,,,,,,
,,,,,,,,,,,,,,,,,,,,,,,,,,,,,,,,,,,,,,,,,,
,,,,,,,,,,,,,,,,,,,,,,,,,,,,,,,,,,,,,,,,,,
,,,,,,,,,,,,,,,,,,,,,,,,,,,,,,,,,,,,,,,,,,
,,,,,,,,,,,,,,,,,,,,,,,,,,,,,,,,,,,,,,,,,,
,,,,,,,,,,,,,,,,,,,,,,,,,,,,,,,,,,,,,,,,,,
,,,,,,,,,,,,,,,,,,,,,,,,,,,,,,,,,,,,,,,,,,
,,,,,,,,,,,,,,,,,,,,,,,,,,,,,,,,,,,,,,,,,,
,,,,,,,,,,,,,,,,,,,,,,,,,,,,,,,,,,,,,,,,,,
,,,,,,,,,,,,,,,,,,,,,,,,,,,,,,,,,,,,,,,,,,
,,,,,,,,,,,,,,,,,,,,,,,,,,,,,,,,,,,,,,,,,,
,,,,,,,,,,,,,,,,,,,,,,,,,,,,,,,,,,,,,,,,,,
,,,,,,,,,,,,,,,,,,,,,,,,,,,,,,,,,,,,,,,,,,
,,,,,,,,,,,,,,,,,,,,,,,,,,,,,,,,,,,,,,,,,,
,,,,,,,,,,,,,,,,,,,,,,,,,,,,,,,,,,,,,,,,,,
,,,,,,,,,,,,,,,,,,,,,,,,,,,,,,,,,,,,,,,,,,
,,,,,,,,,,,,,,,,,,,,,,,,,,,,,,,,,,,,,,,,,,
,,,,,,,,,,,,,,,,,,,,,,,,,,,,,,,,,,,,,,,,,,
,,,,,,,,,,,,,,,,,,,,,,,,,,,,,,,,,,,,,,,,,,
,,,,,,,,,,,,,,,,,,,,,,,,,,,,,,,,,,,,,,,,,,
,,,,,,,,,,,,,,,,,,,,,,,,,,,,,,,,,,,,,,,,,,
,,,,,,,,,,,,,,,,,,,,,,,,,,,,,,,,,,,,,,,,,,
,,,,,,,,,,,,,,,,,,,,,,,,,,,,,,,,,,,,,,,,,,
,,,,,,,,,,,,,,,,,,,,,,,,,,,,,,,,,,,,,,,,,,
,,,,,,,,,,,,,,,,,,,,,,,,,,,,,,,,,,,,,,,,,,
,,,,,,,,,,,,,,,,,,,,,,,,,,,,,,,,,,,,,,,,,,
,,,,,,,,,,,,,,,,,,,,,,,,,,,,,,,,,,,,,,,,,,
,,,,,,,,,,,,,,,,,,,,,,,,,,,,,,,,,,,,,,,,,,
,,,,,,,,,,,,,,,,,,,,,,,,,,,,,,,,,,,,,,,,,,
,,,,,,,,,,,,,,,,,,,,,,,,,,,,,,,,,,,,,,,,,,
,,,,,,,,,,,,,,,,,,,,,,,,,,,,,,,,,,,,,,,,,,
,,,,,,,,,,,,,,,,,,,,,,,,,,,,,,,,,,,,,,,,,,
,,,,,,,,,,,,,,,,,,,,,,,,,,,,,,,,,,,,,,,,,,
,,,,,,,,,,,,,,,,,,,,,,,,,,,,,,,,,,,,,,,,,,
,,,,,,,,,,,,,,,,,,,,,,,,,,,,,,,,,,,,,,,,,,
,,,,,,,,,,,,,,,,,,,,,,,,,,,,,,,,,,,,,,,,,,
,,,,,,,,,,,,,,,,,,,,,,,,,,,,,,,,,,,,,,,,,,
,,,,,,,,,,,,,,,,,,,,,,,,,,,,,,,,,,,,,,,,,,
,,,,,,,,,,,,,,,,,,,,,,,,,,,,,,,,,,,,,,,,,,
,,,,,,,,,,,,,,,,,,,,,,,,,,,,,,,,,,,,,,,,,,
,,,,,,,,,,,,,,,,,,,,,,,,,,,,,,,,,,,,,,,,,,
,,,,,,,,,,,,,,,,,,,,,,,,,,,,,,,,,,,,,,,,,,
,,,,,,,,,,,,,,,,,,,,,,,,,,,,,,,,,,,,,,,,,,
,,,,,,,,,,,,,,,,,,,,,,,,,,,,,,,,,,,,,,,,,,
,,,,,,,,,,,,,,,,,,,,,,,,,,,,,,,,,,,,,,,,,,
,,,,,,,,,,,,,,,,,,,,,,,,,,,,,,,,,,,,,,,,,,
,,,,,,,,,,,,,,,,,,,,,,,,,,,,,,,,,,,,,,,,,,
,,,,,,,,,,,,,,,,,,,,,,,,,,,,,,,,,,,,,,,,,,
,,,,,,,,,,,,,,,,,,,,,,,,,,,,,,,,,,,,,,,,,,
,,,,,,,,,,,,,,,,,,,,,,,,,,,,,,,,,,,,,,,,,,
,,,,,,,,,,,,,,,,,,,,,,,,,,,,,,,,,,,,,,,,,,
,,,,,,,,,,,,,,,,,,,,,,,,,,,,,,,,,,,,,,,,,,
,,,,,,,,,,,,,,,,,,,,,,,,,,,,,,,,,,,,,,,,,,
,,,,,,,,,,,,,,,,,,,,,,,,,,,,,,,,,,,,,,,,,,
,,,,,,,,,,,,,,,,,,,,,,,,,,,,,,,,,,,,,,,,,,
,,,,,,,,,,,,,,,,,,,,,,,,,,,,,,,,,,,,,,,,,,
,,,,,,,,,,,,,,,,,,,,,,,,,,,,,,,,,,,,,,,,,,
,,,,,,,,,,,,,,,,,,,,,,,,,,,,,,,,,,,,,,,,,,
,,,,,,,,,,,,,,,,,,,,,,,,,,,,,,,,,,,,,,,,,,
,,,,,,,,,,,,,,,,,,,,,,,,,,,,,,,,,,,,,,,,,,
,,,,,,,,,,,,,,,,,,,,,,,,,,,,,,,,,,,,,,,,,,
,,,,,,,,,,,,,,,,,,,,,,,,,,,,,,,,,,,,,,,,,,
,,,,,,,,,,,,,,,,,,,,,,,,,,,,,,,,,,,,,,,,,,
,,,,,,,,,,,,,,,,,,,,,,,,,,,,,,,,,,,,,,,,,,
,,,,,,,,,,,,,,,,,,,,,,,,,,,,,,,,,,,,,,,,,,
,,,,,,,,,,,,,,,,,,,,,,,,,,,,,,,,,,,,,,,,,,
,,,,,,,,,,,,,,,,,,,,,,,,,,,,,,,,,,,,,,,,,,
,,,,,,,,,,,,,,,,,,,,,,,,,,,,,,,,,,,,,,,,,,
,,,,,,,,,,,,,,,,,,,,,,,,,,,,,,,,,,,,,,,,,,
,,,,,,,,,,,,,,,,,,,,,,,,,,,,,,,,,,,,,,,,,,
,,,,,,,,,,,,,,,,,,,,,,,,,,,,,,,,,,,,,,,,,,
,,,,,,,,,,,,,,,,,,,,,,,,,,,,,,,,,,,,,,,,,,
,,,,,,,,,,,,,,,,,,,,,,,,,,,,,,,,,,,,,,,,,,
,,,,,,,,,,,,,,,,,,,,,,,,,,,,,,,,,,,,,,,,,,
,,,,,,,,,,,,,,,,,,,,,,,,,,,,,,,,,,,,,,,,,,
,,,,,,,,,,,,,,,,,,,,,,,,,,,,,,,,,,,,,,,,,,
,,,,,,,,,,,,,,,,,,,,,,,,,,,,,,,,,,,,,,,,,,
,,,,,,,,,,,,,,,,,,,,,,,,,,,,,,,,,,,,,,,,,,
,,,,,,,,,,,,,,,,,,,,,,,,,,,,,,,,,,,,,,,,,,
,,,,,,,,,,,,,,,,,,,,,,,,,,,,,,,,,,,,,,,,,,
,,,,,,,,,,,,,,,,,,,,,,,,,,,,,,,,,,,,,,,,,,
,,,,,,,,,,,,,,,,,,,,,,,,,,,,,,,,,,,,,,,,,,
,,,,,,,,,,,,,,,,,,,,,,,,,,,,,,,,,,,,,,,,,,
,,,,,,,,,,,,,,,,,,,,,,,,,,,,,,,,,,,,,,,,,,
,,,,,,,,,,,,,,,,,,,,,,,,,,,,,,,,,,,,,,,,,,
,,,,,,,,,,,,,,,,,,,,,,,,,,,,,,,,,,,,,,,,,,
,,,,,,,,,,,,,,,,,,,,,,,,,,,,,,,,,,,,,,,,,,
,,,,,,,,,,,,,,,,,,,,,,,,,,,,,,,,,,,,,,,,,,
,,,,,,,,,,,,,,,,,,,,,,,,,,,,,,,,,,,,,,,,,,
,,,,,,,,,,,,,,,,,,,,,,,,,,,,,,,,,,,,,,,,,,
,,,,,,,,,,,,,,,,,,,,,,,,,,,,,,,,,,,,,,,,,,
,,,,,,,,,,,,,,,,,,,,,,,,,,,,,,,,,,,,,,,,,,
,,,,,,,,,,,,,,,,,,,,,,,,,,,,,,,,,,,,,,,,,,
,,,,,,,,,,,,,,,,,,,,,,,,,,,,,,,,,,,,,,,,,,
,,,,,,,,,,,,,,,,,,,,,,,,,,,,,,,,,,,,,,,,,,
,,,,,,,,,,,,,,,,,,,,,,,,,,,,,,,,,,,,,,,,,,
,,,,,,,,,,,,,,,,,,,,,,,,,,,,,,,,,,,,,,,,,,
,,,,,,,,,,,,,,,,,,,,,,,,,,,,,,,,,,,,,,,,,,
,,,,,,,,,,,,,,,,,,,,,,,,,,,,,,,,,,,,,,,,,,
,,,,,,,,,,,,,,,,,,,,,,,,,,,,,,,,,,,,,,,,,,
,,,,,,,,,,,,,,,,,,,,,,,,,,,,,,,,,,,,,,,,,,
,,,,,,,,,,,,,,,,,,,,,,,,,,,,,,,,,,,,,,,,,,
,,,,,,,,,,,,,,,,,,,,,,,,,,,,,,,,,,,,,,,,,,
,,,,,,,,,,,,,,,,,,,,,,,,,,,,,,,,,,,,,,,,,,
,,,,,,,,,,,,,,,,,,,,,,,,,,,,,,,,,,,,,,,,,,
,,,,,,,,,,,,,,,,,,,,,,,,,,,,,,,,,,,,,,,,,,
,,,,,,,,,,,,,,,,,,,,,,,,,,,,,,,,,,,,,,,,,,
,,,,,,,,,,,,,,,,,,,,,,,,,,,,,,,,,,,,,,,,,,
,,,,,,,,,,,,,,,,,,,,,,,,,,,,,,,,,,,,,,,,,,
,,,,,,,,,,,,,,,,,,,,,,,,,,,,,,,,,,,,,,,,,,
,,,,,,,,,,,,,,,,,,,,,,,,,,,,,,,,,,,,,,,,,,
,,,,,,,,,,,,,,,,,,,,,,,,,,,,,,,,,,,,,,,,,,
,,,,,,,,,,,,,,,,,,,,,,,,,,,,,,,,,,,,,,,,,,
,,,,,,,,,,,,,,,,,,,,,,,,,,,,,,,,,,,,,,,,,,
,,,,,,,,,,,,,,,,,,,,,,,,,,,,,,,,,,,,,,,,,,
,,,,,,,,,,,,,,,,,,,,,,,,,,,,,,,,,,,,,,,,,,
,,,,,,,,,,,,,,,,,,,,,,,,,,,,,,,,,,,,,,,,,,
,,,,,,,,,,,,,,,,,,,,,,,,,,,,,,,,,,,,,,,,,,
,,,,,,,,,,,,,,,,,,,,,,,,,,,,,,,,,,,,,,,,,,
,,,,,,,,,,,,,,,,,,,,,,,,,,,,,,,,,,,,,,,,,,
,,,,,,,,,,,,,,,,,,,,,,,,,,,,,,,,,,,,,,,,,,
,,,,,,,,,,,,,,,,,,,,,,,,,,,,,,,,,,,,,,,,,,
,,,,,,,,,,,,,,,,,,,,,,,,,,,,,,,,,,,,,,,,,,
,,,,,,,,,,,,,,,,,,,,,,,,,,,,,,,,,,,,,,,,,,
,,,,,,,,,,,,,,,,,,,,,,,,,,,,,,,,,,,,,,,,,,
,,,,,,,,,,,,,,,,,,,,,,,,,,,,,,,,,,,,,,,,,,
,,,,,,,,,,,,,,,,,,,,,,,,,,,,,,,,,,,,,,,,,,
,,,,,,,,,,,,,,,,,,,,,,,,,,,,,,,,,,,,,,,,,,
,,,,,,,,,,,,,,,,,,,,,,,,,,,,,,,,,,,,,,,,,,
,,,,,,,,,,,,,,,,,,,,,,,,,,,,,,,,,,,,,,,,,,
,,,,,,,,,,,,,,,,,,,,,,,,,,,,,,,,,,,,,,,,,,
,,,,,,,,,,,,,,,,,,,,,,,,,,,,,,,,,,,,,,,,,,
,,,,,,,,,,,,,,,,,,,,,,,,,,,,,,,,,,,,,,,,,,
,,,,,,,,,,,,,,,,,,,,,,,,,,,,,,,,,,,,,,,,,,
,,,,,,,,,,,,,,,,,,,,,,,,,,,,,,,,,,,,,,,,,,
,,,,,,,,,,,,,,,,,,,,,,,,,,,,,,,,,,,,,,,,,,
,,,,,,,,,,,,,,,,,,,,,,,,,,,,,,,,,,,,,,,,,,
,,,,,,,,,,,,,,,,,,,,,,,,,,,,,,,,,,,,,,,,,,
,,,,,,,,,,,,,,,,,,,,,,,,,,,,,,,,,,,,,,,,,,
,,,,,,,,,,,,,,,,,,,,,,,,,,,,,,,,,,,,,,,,,,
,,,,,,,,,,,,,,,,,,,,,,,,,,,,,,,,,,,,,,,,,,
,,,,,,,,,,,,,,,,,,,,,,,,,,,,,,,,,,,,,,,,,,
,,,,,,,,,,,,,,,,,,,,,,,,,,,,,,,,,,,,,,,,,,
,,,,,,,,,,,,,,,,,,,,,,,,,,,,,,,,,,,,,,,,,,
,,,,,,,,,,,,,,,,,,,,,,,,,,,,,,,,,,,,,,,,,,
,,,,,,,,,,,,,,,,,,,,,,,,,,,,,,,,,,,,,,,,,,
,,,,,,,,,,,,,,,,,,,,,,,,,,,,,,,,,,,,,,,,,,
,,,,,,,,,,,,,,,,,,,,,,,,,,,,,,,,,,,,,,,,,,
,,,,,,,,,,,,,,,,,,,,,,,,,,,,,,,,,,,,,,,,,,
,,,,,,,,,,,,,,,,,,,,,,,,,,,,,,,,,,,,,,,,,,
,,,,,,,,,,,,,,,,,,,,,,,,,,,,,,,,,,,,,,,,,,
,,,,,,,,,,,,,,,,,,,,,,,,,,,,,,,,,,,,,,,,,,
,,,,,,,,,,,,,,,,,,,,,,,,,,,,,,,,,,,,,,,,,,
,,,,,,,,,,,,,,,,,,,,,,,,,,,,,,,,,,,,,,,,,,
,,,,,,,,,,,,,,,,,,,,,,,,,,,,,,,,,,,,,,,,,,
,,,,,,,,,,,,,,,,,,,,,,,,,,,,,,,,,,,,,,,,,,
,,,,,,,,,,,,,,,,,,,,,,,,,,,,,,,,,,,,,,,,,,
,,,,,,,,,,,,,,,,,,,,,,,,,,,,,,,,,,,,,,,,,,
,,,,,,,,,,,,,,,,,,,,,,,,,,,,,,,,,,,,,,,,,,
,,,,,,,,,,,,,,,,,,,,,,,,,,,,,,,,,,,,,,,,,,
,,,,,,,,,,,,,,,,,,,,,,,,,,,,,,,,,,,,,,,,,,
,,,,,,,,,,,,,,,,,,,,,,,,,,,,,,,,,,,,,,,,,,
,,,,,,,,,,,,,,,,,,,,,,,,,,,,,,,,,,,,,,,,,,
,,,,,,,,,,,,,,,,,,,,,,,,,,,,,,,,,,,,,,,,,,
,,,,,,,,,,,,,,,,,,,,,,,,,,,,,,,,,,,,,,,,,,
,,,,,,,,,,,,,,,,,,,,,,,,,,,,,,,,,,,,,,,,,,
,,,,,,,,,,,,,,,,,,,,,,,,,,,,,,,,,,,,,,,,,,
,,,,,,,,,,,,,,,,,,,,,,,,,,,,,,,,,,,,,,,,,,
,,,,,,,,,,,,,,,,,,,,,,,,,,,,,,,,,,,,,,,,,,
,,,,,,,,,,,,,,,,,,,,,,,,,,,,,,,,,,,,,,,,,,
,,,,,,,,,,,,,,,,,,,,,,,,,,,,,,,,,,,,,,,,,,
,,,,,,,,,,,,,,,,,,,,,,,,,,,,,,,,,,,,,,,,,,
,,,,,,,,,,,,,,,,,,,,,,,,,,,,,,,,,,,,,,,,,,
,,,,,,,,,,,,,,,,,,,,,,,,,,,,,,,,,,,,,,,,,,
,,,,,,,,,,,,,,,,,,,,,,,,,,,,,,,,,,,,,,,,,,
,,,,,,,,,,,,,,,,,,,,,,,,,,,,,,,,,,,,,,,,,,
,,,,,,,,,,,,,,,,,,,,,,,,,,,,,,,,,,,,,,,,,,
,,,,,,,,,,,,,,,,,,,,,,,,,,,,,,,,,,,,,,,,,,
,,,,,,,,,,,,,,,,,,,,,,,,,,,,,,,,,,,,,,,,,,
,,,,,,,,,,,,,,,,,,,,,,,,,,,,,,,,,,,,,,,,,,
,,,,,,,,,,,,,,,,,,,,,,,,,,,,,,,,,,,,,,,,,,
,,,,,,,,,,,,,,,,,,,,,,,,,,,,,,,,,,,,,,,,,,
,,,,,,,,,,,,,,,,,,,,,,,,,,,,,,,,,,,,,,,,,,
,,,,,,,,,,,,,,,,,,,,,,,,,,,,,,,,,,,,,,,,,,
,,,,,,,,,,,,,,,,,,,,,,,,,,,,,,,,,,,,,,,,,,
,,,,,,,,,,,,,,,,,,,,,,,,,,,,,,,,,,,,,,,,,,
,,,,,,,,,,,,,,,,,,,,,,,,,,,,,,,,,,,,,,,,,,
,,,,,,,,,,,,,,,,,,,,,,,,,,,,,,,,,,,,,,,,,,
,,,,,,,,,,,,,,,,,,,,,,,,,,,,,,,,,,,,,,,,,,
,,,,,,,,,,,,,,,,,,,,,,,,,,,,,,,,,,,,,,,,,,
,,,,,,,,,,,,,,,,,,,,,,,,,,,,,,,,,,,,,,,,,,
,,,,,,,,,,,,,,,,,,,,,,,,,,,,,,,,,,,,,,,,,,
,,,,,,,,,,,,,,,,,,,,,,,,,,,,,,,,,,,,,,,,,,
,,,,,,,,,,,,,,,,,,,,,,,,,,,,,,,,,,,,,,,,,,
,,,,,,,,,,,,,,,,,,,,,,,,,,,,,,,,,,,,,,,,,,
,,,,,,,,,,,,,,,,,,,,,,,,,,,,,,,,,,,,,,,,,,
,,,,,,,,,,,,,,,,,,,,,,,,,,,,,,,,,,,,,,,,,,
,,,,,,,,,,,,,,,,,,,,,,,,,,,,,,,,,,,,,,,,,,
,,,,,,,,,,,,,,,,,,,,,,,,,,,,,,,,,,,,,,,,,,
,,,,,,,,,,,,,,,,,,,,,,,,,,,,,,,,,,,,,,,,,,
,,,,,,,,,,,,,,,,,,,,,,,,,,,,,,,,,,,,,,,,,,
,,,,,,,,,,,,,,,,,,,,,,,,,,,,,,,,,,,,,,,,,,
,,,,,,,,,,,,,,,,,,,,,,,,,,,,,,,,,,,,,,,,,,
,,,,,,,,,,,,,,,,,,,,,,,,,,,,,,,,,,,,,,,,,,
,,,,,,,,,,,,,,,,,,,,,,,,,,,,,,,,,,,,,,,,,,
,,,,,,,,,,,,,,,,,,,,,,,,,,,,,,,,,,,,,,,,,,
,,,,,,,,,,,,,,,,,,,,,,,,,,,,,,,,,,,,,,,,,,
,,,,,,,,,,,,,,,,,,,,,,,,,,,,,,,,,,,,,,,,,,
,,,,,,,,,,,,,,,,,,,,,,,,,,,,,,,,,,,,,,,,,,
,,,,,,,,,,,,,,,,,,,,,,,,,,,,,,,,,,,,,,,,,,
,,,,,,,,,,,,,,,,,,,,,,,,,,,,,,,,,,,,,,,,,,
,,,,,,,,,,,,,,,,,,,,,,,,,,,,,,,,,,,,,,,,,,
,,,,,,,,,,,,,,,,,,,,,,,,,,,,,,,,,,,,,,,,,,
,,,,,,,,,,,,,,,,,,,,,,,,,,,,,,,,,,,,,,,,,,