sample-id,project_name,seasonyear,month,day,year,date,time_local,sitename_ok,latitude_dd,longitude_dd,operator,extra_id,vessel
ManifestSample_001,Museo de La Plata,,,,,,,Museo de La Plata,,,,Chaetoceros cf socialis,
ManifestSample_002,Museo de La Plata,,,,,,,Museo de La Plata,,,,Synedropsis 1 Fragilaria striatula,
ManifestSample_003,Museo de La Plata,,,,,,,Museo de La Plata,,,,Synedropsis 2 Synedra sp,
ManifestSample_004,Museo de La Plata,,,,,,,Museo de La Plata,,,,Thalassiosira sp 2022,
ManifestSample_005,Museo de La Plata,,,,,,,Museo de La Plata,,,,Craspedostauros laevissimus,
ManifestSample_006,Museo de La Plata,,,,,,,Museo de La Plata,,,,Plagiotropis Craspedostauros indubitabilis,
ManifestSample_007,Museo de La Plata,,,,,,,Museo de La Plata,,,,Nitzschia sp,
ManifestSample_008,Museo de La Plata,,,,,,,Museo de La Plata,,,,Chaetoceros solitario,
,,,,,,,,,,,,,
ManifestSample_009,Museo de La Plata,,,,,,,Museo de La Plata,,,,Chaetoceros solitario cuadrado sp 2,
ManifestSample_010,Museo de La Plata,,,,,,,Museo de La Plata,,,,VG-2 st. 1 Eugleno Unidentified Euglenophyte,
ManifestSample_011,Museo de La Plata,,,,,,,Museo de La Plata,,,,VG-1 st. 16 Shionodiscus-like (diatom),
ManifestSample_012,Museo de La Plata,,,,,,,Museo de La Plata,,,,VG-1 st. 30 Unidentified Prasinophyte,
ManifestSample_013,Museo de La Plata,,,,,,,Museo de La Plata,,,,"VG-1 st. 8 Dinos A Small and delicate unidentified dinoflagellates, including Azadinium-like species",
ManifestSample_014,Museo de La Plata,,,,,,,Museo de La Plata,,,,VG-1 st. 30 desnudos unidentified naked dinoflagellates,
ManifestSample_015,Museo de La Plata,,,,,,,Museo de La Plata,,,,NME6 Unidentified large Cryptophyte,
ManifestSample_016,Museo de La Plata,,,,,,,Museo de La Plata,,,,VG-1 st. 16 Crypto chicas unidentified,
,,,,,,,,,,,,,
ManifestSample_017,Museo de La Plata,,,,,,,Museo de La Plata,,,,VG-2 st.1 Prasino unidentified,
ManifestSample_018,Museo de La Plata,,,,,,,Museo de La Plata,,,,VG-1 st. 3 Unidentified cocolitophorid Emiliania-like species,
ManifestSample_019,Museo de La Plata,,,,,,,Museo de La Plata,,,,VG-1 st. 8 Az. Chico Small Azadinium-like species (dinoflagellates),
ManifestSample_020,Museo de La Plata,,,,,,,Museo de La Plata,,,,H. A Heterocapsa,
ManifestSample_021,Museo de La Plata,,,,,,,Museo de La Plata,,,,H. B Heterocapsa,
ManifestSample_022,Museo de La Plata,,,,,,,Museo de La Plata,,,,Symb. Suessiales_aff. Symbiodinium,
ManifestSample_023,Museo de La Plata,,,,,,,Museo de La Plata,,,,P2C3_47 Suessiales_aff. Symbiodinium,
ManifestSample_024,Museo de La Plata,,,,,,,Museo de La Plata,,,,PSD3_47 Suessiales_aff. Symbiodinium,
,,,,,,,,,,,,,
ManifestSample_025,Museo de La Plata,,,,,,,Museo de La Plata,,,,P3C3_31 Suessiales_aff. Symbiodinium,
ManifestSample_026,Museo de La Plata,,,,,,,Museo de La Plata,,,,Luticola charlatii,
ManifestSample_027,Museo de La Plata,,,,,,,Museo de La Plata,,,,Luticola sp.,
ManifestSample_028,Museo de La Plata,,,,,,,Museo de La Plata,,,,Orthoseira sp.,
ManifestSample_029,Museo de La Plata,,,,,,,Museo de La Plata,,,,Luticola sp.,
ManifestSample_030,Museo de La Plata,,,,,,,Museo de La Plata,,,,Fragilariopsis 1 unidentified,
ManifestSample_031,Museo de La Plata,,,,,,,Museo de La Plata,,,,C4 Synedra sp.,
ManifestSample_032,Museo de La Plata,,,,,,,Museo de La Plata,,,,Chaetoceros en cadena,
,,,,,,,,,,,,,
ManifestSample_033,Museo de La Plata,,,,,,,Museo de La Plata,,,,Nizschia sp,
ManifestSample_034,Museo de La Plata,,,,,,,Museo de La Plata,,,,Central 1 Porosira sp,
ManifestSample_035,Museo de La Plata,,,,,,,Museo de La Plata,,,,Central 2 Porosira sp,
ManifestSample_036,Museo de La Plata,,,,,,,Museo de La Plata,,,,Shionodiscus filtrado diatom,
ManifestSample_037,Museo de La Plata,,,,,,,Museo de La Plata,,,,Shionodiscus C1 diatom,
ManifestSample_038,Museo de La Plata,,,,,,,Museo de La Plata,,,,Shionodiscus C2,
ManifestSample_039,Museo de La Plata,,,,,,,Museo de La Plata,,,,Thalassiosira sp 1 2022,
ManifestSample_040,Museo de La Plata,,,,,,,Museo de La Plata,,,,Coscinodiscus sp 2 2022,
,,,,,,,,,,,,,
ManifestSample_041,Museo de La Plata,,,,,,,Museo de La Plata,,,,B6 Thallasiosira sp small,
ManifestSample_042,Museo de La Plata,,,,,,,Museo de La Plata,,,,C3 Pseudo-nitzschia 1 sp forma cadenas,
ManifestSample_043,Museo de La Plata,,,,,,,Museo de La Plata,,,,C4 Pseudo-nitzschia 2 sp en cadena mas chica,
ManifestSample_044,Museo de La Plata,,,,,,,Museo de La Plata,,,,C6 Pseudo-nitzschia 1 sp forma cadenas creo que la misma que 42,
ManifestSample_045,WAP,2019 2020,,,,10-Dec-19,10:50,Paradise Bay,,,A21,,
ManifestSample_046,WAP,2021 2022,,,,8-Dec-21,9:15,Neko Harbour,,,Polar Latitudes,,
ManifestSample_047,WAP,2021 2022,,,,9-Dec-21,10:00,Neko Harbour,,,A21,,
ManifestSample_048,WAP,2021 2022,,,,9-Dec-21,15:48,Cuverville Island,,,A21,,
,,,,,,,,,,,,,
ManifestSample_049,WAP,2021 2022,,,,14-Dec-21,10:05,Neko Harbour,,,A21,,
ManifestSample_050,WAP,2021 2022,,,,14-Dec-21,15:30,Danco Island,,,A21,,
ManifestSample_051,WAP,2021 2022,,,,15-Dec-21,15:00,Fournier Bay,,,A21,,
ManifestSample_052,WAP,2021 2022,,,,18-Dec-21,10:35,Danco Island,,,Polar Latitudes,,
ManifestSample_053,WAP,2021 2022,,,,18-Dec-21,16:00,Portal Point,,,A21,,
ManifestSample_054,WAP,2021 2022,,,,20-Dec-21,10:00,Neko Harbour,,,A21,,
ManifestSample_055,WAP,2021 2022,,,,20-Dec-21,15:40,Cuverville Island,,,A21,,
ManifestSample_056,WAP,2021 2022,,,,24-Dec-21,16:06,Orne Harbour,,,A21,,
,,,,,,,,,,,,,
ManifestSample_057,WAP,2021 2022,,,,25-Dec-21,9:45,Danco Island,,,A21,,
ManifestSample_058,WAP,2021 2022,,,,27-Dec-21,8:15,Cuverville Island,,,Polar Latitudes,,
ManifestSample_059,WAP,2021 2022,,,,27-Dec-21,16:15,Base Brown,,,Polar Latitudes,,
ManifestSample_060,WAP,2021 2022,,,,28-Dec-21,20:30,Brown Bluff,,,A21,,
ManifestSample_061,WAP,2021 2022,,,,29-Dec-21,9:35,Whalers Bay,,,Polar Latitudes,,
ManifestSample_062,WAP,2021 2022,,,,29-Dec-21,10:05,Heroina Island,,,A21,,
ManifestSample_063,WAP,2021 2022,,,,31-Dec-21,15:35,Kinnes Cove/Madder Cliffs,,,A21,,
ManifestSample_064,WAP,2021 2022,,,,2-Jan-22,15:09,Mikkelsen Harbour,,,A21,,
,,,,,,,,,,,,,
ManifestSample_065,WAP,2021 2022,,,,3-Jan-22,9:00,Fournier Bay,,,A21,,
ManifestSample_066,WAP,2021 2022,,,,3-Jan-22,15:15,Orne Harbour,,,A21,,
ManifestSample_067,WAP,2021 2022,,,,4-Jan-22,9:45,Cuverville Island,,,A21,,
ManifestSample_068,WAP,2021 2022,,,,4-Jan-22,15:00,Danco Island,,,A21,,
ManifestSample_069,WAP,2021 2022,,,,9-Jan-22,15:30,Petermann Island,,,Quixote Expeditions,,
ManifestSample_070,WAP,2021 2022,,,,22-Jan-22,12:15,Danco Island,,,Quixote Expeditions,,
ManifestSample_071,WAP,2021 2022,,,,25-Jan-22,12:10,Mikkelsen Harbour,,,Quixote Expeditions,,
ManifestSample_072,WAP,2021 2022,,,,10-Feb-22,18:40,Maxwell Bay,,,Quixote Expeditions,,
,,,,,,,,,,,,,
ManifestSample_073,WAP,2021 2022,,,,11-Mar-22,14:40,Fournier Bay,,,,,
ManifestSample_074,WAP,2021 2022,,,,12-Mar-22,9:00,Damoy Point,,,Viking Octantis,,
ManifestSample_075,WAP,2021 2022,,,,13-Mar-22,11:03,Detaille Island,,,Viking Octantis,,
ManifestSample_076,WAP,2021 2022,,,,14-Mar-22,14:10,Pleaneau,,,Viking Octantis,,
ManifestSample_077,WAP,2021 2022,,,,15-Mar-22,8:45,Paradise Bay/Skornthrop Cove,,,Viking Octantis,,
ManifestSample_078,WAP,2021 2022,,,,15-Mar-22,14:53,Cuverville Island,,,Viking Octantis,,
ManifestSample_079,WAP,2021 2022,,,,16-Mar-22,10:20,Danco Island,,,Viking Octantis,,
ManifestSample_080,WAP,2021 2022,,,,16-Mar-22,,Orne Harbour,,,Viking Octantis,,
,,,,,,,,,,,,,
ManifestSample_081,WAP,2021 2022,,,,16-Mar-22,12:20,Gerlache Front Ferrybox,,,Viking Octantis,,
ManifestSample_082,WAP,2021 2022,,,,16-Mar-22,12:48,Gerlache Front Ferrybox,,,Viking Octantis,,
ManifestSample_083,WAP,2021 2022,,,,16-Mar-22,18:40,Gerlache Front Ferrybox,,,Viking Octantis,,
ManifestSample_084,Argentine Sea,,,,,21-Mar-22,20:24,Argentina Sea 2022,,,Viking Octantis,Argentine 1,
ManifestSample_085,Argentine Sea,,,,,21-Mar-22,23:05,Argentina Sea 2022,,,Viking Octantis,Argentine 2,
ManifestSample_086,Argentine Sea,,,,,22-Mar-22,8:06,Argentina Sea 2022,,,Viking Octantis,Argentine 3,
ManifestSample_087,Argentine Sea,,,,,22-Mar-22,11:50,Argentina Sea 2022,,,Viking Octantis,Argentine 4,
ManifestSample_088,Argentine Sea,,,,,22-Mar-22,18:10,Argentina Sea 2022,,,Viking Octantis,Argentine 5,
,,,,,,,,,,,,,
ManifestSample_089,Argentine Sea,,,,,22-Mar-22,22:48,Argentina Sea 2022,,,Viking Octantis,Argentine 6,
ManifestSample_090,Argentine Sea,,,,,23-Mar-22,8:40,Argentina Sea 2022,,,Viking Octantis,Argentine 7,
ManifestSample_091,Argentine Sea,,,,,23-Mar-22,17:00,Argentina Sea 2022,,,Viking Octantis,Argentine 8,
ManifestSample_092,Argentine Sea,,,,,23-Mar-22,21:35,Argentina Sea 2022,,,Viking Octantis,Argentine 9,
ManifestSample_093,HITI,,,,,24-Sep-19,17:00,,,,,,
ManifestSample_094,HITI,,,,,1-Oct-19,,,,,,,
ManifestSample_095,HITI,,,,,8-Oct-19,,,,,,,
,,,,,,,,,,,,,
ManifestSample_096,HITI,,,,,15-Oct-19,,,,,,,
ManifestSample_097,HITI,,,,,23-Oct-19,,,,,,,
ManifestSample_098,HITI,,,,,25-Oct-19,,,,,,,
ManifestSample_099,HITI,,,,,4-Nov-19,,,,,,,
ManifestSample_100,HITI,,,,,16-Nov-19,,,,,,,
ManifestSample_101,HITI,,,,,Dec 28 2019,,,,,,,
ManifestSample_102,HITI,,,,,6-Dec-20,,,,,,,
ManifestSample_103,Arctic Hurtigruten,,,,,2-Jun-18,,Ms Spitsbergen Rawfjorden,,,,,
,,,,,,,,,,,,,
ManifestSample_104,Arctic Hurtigruten,,,,,2-Jun-18,,Ms Spitsbergen Smeerenburgbreen,,,,,
ManifestSample_105,Arctic Hurtigruten,,,,,2-Jun-18,,Ms Spitsbergen Hornsund,,,,,
ManifestSample_106,Arctic Hurtigruten,,,,,26-Jun-18,,Ms Spitsbergen ,,,,,
ManifestSample_107,Arctic Hurtigruten,,,,,29-Jun-18,,Spitsbergen  Gnulodden,,,,,
ManifestSample_108,Arctic Hurtigruten,,,,,7-Jul-18,,Palanderbukta,,,,,
ManifestSample_109,Arctic Hurtigruten,,,,,15-Jul-18,,Burgerbukta Spitsbergen,,,,,
ManifestSample_110,Arctic Hurtigruten,,,,,23-Jul-18,,Palanderbukta,,,,,
ManifestSample_111,Arctic Hurtigruten,,,,,29-Jul-18,,Glacier Smeerenburg,,,Hurtigruten,,MS Spitsbergen
,,,,,,,,,,,,,
ManifestSample_112,Arctic Hurtigruten,,,,,4-Aug-18,,Burgerbukta,,,Hurtigruten,,MS Spitsbergen
ManifestSample_113,Arctic Hurtigruten,,,,,5-Aug-18,,Trugghamnma,,,Hurtigruten,,MS Spitsbergen
ManifestSample_114,Arctic Hurtigruten,,,,,19-Jul-18,,Sheeren B****,,,Hurtigruten,,MS Spitsbergen
ManifestSample_115,WAP,,,,,Dec-4-2019,,Danco,,,,,
ManifestSample_116,WAP,,,,,Dec 21 2019,,Danco,,,,,
ManifestSample_117,WAP,,,,,Jan 1 2020,14h23,Danco,,,,,
ManifestSample_118,WAP,,,,,Jan 2 2020,17:45,Orne,,,,,
ManifestSample_119,WAP,,,,,Jan 16 2020,14h25,Halfmoon,,,,,
,,,,,,,,,,,,,
ManifestSample_120,WAP,,,,,Jan 19 2020,15h45,Orne,,,,,
ManifestSample_121,WAP,,,,,Jan 31 2020,,halfmoon,,,,,
ManifestSample_122,WAP,,,,,Feb 2 2020,13:18,brown bluff,,,,,
ManifestSample_123,WAP,,,,,Feb 4 2020,,danco,,,,,
ManifestSample_124,WAP,,,,,Feb 5 2020,,petermann island,,,,,
ManifestSample_125,WAP,,,,,Feb 5 2020,,petermann island,,,,,
ManifestSample_126,WAP,,,,,March 6 2020,,stonington island,,,,,
ManifestSample_127,WAP,,,,,March 7 2020,12:30,horshoe island,,,,,
,,,,,,,,,,,,,
ManifestSample_128,WAP,,,,,Nov 28 2021,,halfmoon island,,,,,
ManifestSample_129,WAP,,,,,Nov 29 2021,15:30,orne harbour,,,,,
ManifestSample_130,WAP,,,,,Dec 16 2021,,brown bluff,,,,,
ManifestSample_131,WAP,,,,,Dec 17 2021,,neko harbour,,,,,
ManifestSample_132,WAP,,,,,Jan 20 2022,,peterman island,,,,,
ManifestSample_133,WAP,,,,,Feb 22 2022,,base brown,,,,,
ManifestSample_134,WAP,,,,,Feb 24 2022,,cuverville,,,,,
ManifestSample_135,WAP,,,,,March 8 2022,,petermann island,,,,,
,,,,,,,,,,,,,
ManifestSample_136,WAP,,,,,March 22 2022,,base brown,,,,,
ManifestSample_137,WAP,,,,,March 23 2022,,cuverville island,,,,,
ManifestSample_138,Falkland Islands,,,,,Dec 8 2021,,west point,,,,,
ManifestSample_139,Falkland Islands,,,,,Dec 23 2021,,carcass island ,,,,,
ManifestSample_140,Falkland Islands,,,,,Dec 24 2021,,saunders ialnd,,,,,
ManifestSample_141,Falkland Islands,,,,,Dec 24 2021,,sanders island,,,,,
ManifestSample_142,Falkland Islands,,,,,Dec 25 2021,,new island,,,,,
ManifestSample_143,Falkland Islands,,,,,July 26 2020,,burgerbrekkta,,,,,
,,,,,,,,,,,,,
ManifestSample_144,Greenland Sermilik,SF 2019,,,,,,CTD 2,,,,SURF,
ManifestSample_145,Greenland Sermilik,SF 2019,,,,,,CTD 3,,,,SURF,
ManifestSample_146,Greenland Sermilik,SF 2019,,,,,,CTD 3,,,,10m,
ManifestSample_147,Greenland Sermilik,SF 2019,,,,,,CTD 4,,,,B26,
ManifestSample_148,Greenland Sermilik,SF 2019,,,,,,CTD 4,,,,B28,
ManifestSample_149,Greenland Sermilik,SF 2019,,,,,,CTD 5,,,,SURF,
ManifestSample_150,Greenland Sermilik,SF 2019,,,,,,CTD 5,,,,B26,
ManifestSample_151,Greenland Sermilik,SF 2019,,,,,,CTD 6,,,,SURF,
,,,,,,,,,,,,,
ManifestSample_152,Greenland Sermilik,SF 2019,,,,,,CTD 6,,,,Chl max,
ManifestSample_153,Greenland Sermilik,SF 2019,,,,,,CTD 7,,,,SURF,
ManifestSample_154,Greenland Sermilik,SF 2019,,,,,,CTD 7,,,,B26,
ManifestSample_155,Greenland Sermilik,SF 2019,,,,,,CTD 8,,,,SURF,
ManifestSample_156,Greenland Sermilik,SF 2019,,,,,,CTD 8,,,,B25,
ManifestSample_157,Greenland Sermilik,SF 2019,,,,,,CTD 9,,,,SURF,
ManifestSample_158,Greenland Sermilik,SF 2019,,,,,,CTD 9,,,,B25,
ManifestSample_159,Greenland Sermilik,SF 2019,,,,,,CTD 10,,,,SURF,
,,,,,,,,,,,,,
ManifestSample_160,Greenland Sermilik,SF 2019,,,,,,CTD 10,,,,B26,
ManifestSample_161,Greenland Sermilik,SF 2019,,,,,,CTD 11,,,,SURF,
ManifestSample_162,Greenland Sermilik,SF 2019,,,,,,CTD 11,,,,B25,
ManifestSample_163,Greenland Sermilik,SF 2019,,,,,,CTD12,,,,SURF,
ManifestSample_164,Greenland Sermilik,SF 2019,,,,,,CTD12,,,,B25,
ManifestSample_165,Greenland Sermilik,SF 2019,,,,,,CTD 13,,,,SURF,
ManifestSample_166,Greenland Sermilik,SF 2019,,,,,,CTD 13,,,,B26,
ManifestSample_167,Greenland Sermilik,SF 2019,,,,,,CTD 14,,,,SURF,
,,,,,,,,,,,,,
ManifestSample_168,Greenland Sermilik,SF 2019,,,,,,CTD 14,,,,B26,
ManifestSample_169,Greenland Sermilik,SF 2019,,,,,,CTD 15,,,,SURF,
ManifestSample_170,Greenland Sermilik,SF 2019,,,,,,CTD 15,,,,B26,
ManifestSample_171,Greenland Sermilik,SF 2019,,,,,,CTD 16,,,,SURF,
ManifestSample_172,Greenland Sermilik,SF 2019,,,,,,CTD 16,,,,B26,
ManifestSample_173,Greenland Sermilik,SF 2019,,,,,,CTD 17,,,,SURF,
ManifestSample_174,Greenland Sermilik,SF 2019,,,,,,CTD 17,,,,B24,
ManifestSample_175,Greenland Sermilik,SF 2019,,,,,,CTD 18,,,,SURF,
,,,,,,,,,,,,,
ManifestSample_176,Greenland Sermilik,SF 2019,,,,,,CTD 18,,,,B25,
ManifestSample_177,Greenland Sermilik,SF 2019,,,,,,CTD 21,,,,SURF,
ManifestSample_178,Greenland Sermilik,SF 2019,,,,,,CTD 21,,,,B25,
ManifestSample_179,Greenland Sermilik,SF 2019,,,,,,CTD 22 ,,,,SURF,
ManifestSample_180,Greenland Sermilik,SF 2019,,,,,,CTD 22 ,,,,B25,
ManifestSample_181,Greenland Sermilik,SF 2019,,,,,,CTD 24,,,,SURF,
ManifestSample_182,Greenland Sermilik,SF 2019,,,,,,CTD 24,,,,B26,
ManifestSample_183,Greenland Sermilik,SF 2019,,,,,,CTD 26,,,,SURF,
,,,,,,,,,,,,,
ManifestSample_184,Greenland Sermilik,SF 2019,,,,,,CTD 26,,,,B26,
ManifestSample_185,Greenland Sermilik,SF 2019,,,,,,CTD 27,,,,SURF,
ManifestSample_186,Greenland Sermilik,SF 2019,,,,,,CTD 27,,,,B27,
ManifestSample_187,Greenland Sermilik,SF 2019,,,,,,CTD 28,,,,SURF,
ManifestSample_188,Greenland Sermilik,SF 2019,,,,,,CTD 28,,,,B26,
ManifestSample_189,Greenland Sermilik,SF 2019,,,,,,CTD 29,,,,SURF,
ManifestSample_190,Greenland Sermilik,SF 2019,,,,,,CTD 29,,,,B27,
