"","Feature.ID","samples","reads","Date","Time","Site_Name","Lat","Long","Operator","pr2_Taxon","pr2_Confidence"
"1","82de9b71a3c330b514ed4e731ca12a0d","ManifestSample_045",9,"10-Dec-2019","10:50","Paradise Harbour",-64.912,-62.862,"Antarctica21","Eukaryota;Alveolata;Dinoflagellata;Dinophyceae;Gymnodiniales;Gymnodiniaceae",0.89757126
"2","82de9b71a3c330b514ed4e731ca12a0d","ManifestSample_046",16,"8-Dec-2021","9:15","Neko Harbour",-64.851,-62.542,"Polar Latitudes","Eukaryota;Alveolata;Dinoflagellata;Dinophyceae;Gymnodiniales;Gymnodiniaceae",0.89757126
"3","82de9b71a3c330b514ed4e731ca12a0d","ManifestSample_047",112,"9-Dec-2021","10:00","Neko Harbour",-64.851,-62.542,"Antarctica21","Eukaryota;Alveolata;Dinoflagellata;Dinophyceae;Gymnodiniales;Gymnodiniaceae",0.89757126
"4","82de9b71a3c330b514ed4e731ca12a0d","ManifestSample_048",1201,"9-Dec-2021","15:48","Cuverville Island",-64.671,-62.611,"Antarctica21","Eukaryota;Alveolata;Dinoflagellata;Dinophyceae;Gymnodiniales;Gymnodiniaceae",0.89757126
"5","82de9b71a3c330b514ed4e731ca12a0d","ManifestSample_049",0,"14-Dec-2021","10:05","Neko Harbour",-64.851,-62.542,"Antarctica21","Eukaryota;Alveolata;Dinoflagellata;Dinophyceae;Gymnodiniales;Gymnodiniaceae",0.89757126
"6","82de9b71a3c330b514ed4e731ca12a0d","ManifestSample_050",224,"14-Dec-2021","15:30","Danco Island",-64.746,-62.622,"Antarctica21","Eukaryota;Alveolata;Dinoflagellata;Dinophyceae;Gymnodiniales;Gymnodiniaceae",0.89757126
"7","82de9b71a3c330b514ed4e731ca12a0d","ManifestSample_051",323,"15-Dec-2021","15:00","Fournier Bay",-64.533,-63.15,"Antarctica21","Eukaryota;Alveolata;Dinoflagellata;Dinophyceae;Gymnodiniales;Gymnodiniaceae",0.89757126
"8","82de9b71a3c330b514ed4e731ca12a0d","ManifestSample_052",94,"18-Dec-2021","10:35","Danco Island",-64.746,-62.622,"Polar Latitudes","Eukaryota;Alveolata;Dinoflagellata;Dinophyceae;Gymnodiniales;Gymnodiniaceae",0.89757126
"9","82de9b71a3c330b514ed4e731ca12a0d","ManifestSample_053",0,"18-Dec-2021","16:00","Portal Point",-64.502,-61.756,"Antarctica21","Eukaryota;Alveolata;Dinoflagellata;Dinophyceae;Gymnodiniales;Gymnodiniaceae",0.89757126
"10","82de9b71a3c330b514ed4e731ca12a0d","ManifestSample_054",48,"20-Dec-2021","10:00","Neko Harbour",-64.851,-62.542,"Antarctica21","Eukaryota;Alveolata;Dinoflagellata;Dinophyceae;Gymnodiniales;Gymnodiniaceae",0.89757126
"11","82de9b71a3c330b514ed4e731ca12a0d","ManifestSample_055",32,"20-Dec-2021","15:40","Cuverville Island",-64.671,-62.611,"Antarctica21","Eukaryota;Alveolata;Dinoflagellata;Dinophyceae;Gymnodiniales;Gymnodiniaceae",0.89757126
"12","82de9b71a3c330b514ed4e731ca12a0d","ManifestSample_056",75,"24-Dec-2021","16:06","Orne Harbour",-64.638,-62.534,"Antarctica21","Eukaryota;Alveolata;Dinoflagellata;Dinophyceae;Gymnodiniales;Gymnodiniaceae",0.89757126
"13","82de9b71a3c330b514ed4e731ca12a0d","ManifestSample_057",0,"25-Dec-2021","9:45","Danco Island",-64.746,-62.622,"Antarctica21","Eukaryota;Alveolata;Dinoflagellata;Dinophyceae;Gymnodiniales;Gymnodiniaceae",0.89757126
"14","82de9b71a3c330b514ed4e731ca12a0d","ManifestSample_058",198,"27-Dec-2021","8:15","Cuverville Island",-64.671,-62.611,"Polar Latitudes","Eukaryota;Alveolata;Dinoflagellata;Dinophyceae;Gymnodiniales;Gymnodiniaceae",0.89757126
"15","82de9b71a3c330b514ed4e731ca12a0d","ManifestSample_059",272,"27-Dec-2021","16:15","Paradise Harbour",-64.912,-62.862,"Polar Latitudes","Eukaryota;Alveolata;Dinoflagellata;Dinophyceae;Gymnodiniales;Gymnodiniaceae",0.89757126
"16","82de9b71a3c330b514ed4e731ca12a0d","ManifestSample_060",0,"28-Dec-2021","20:30","Brown Bluff",-63.52,-56.873,"Antarctica21","Eukaryota;Alveolata;Dinoflagellata;Dinophyceae;Gymnodiniales;Gymnodiniaceae",0.89757126
"17","82de9b71a3c330b514ed4e731ca12a0d","ManifestSample_061",0,"29-Dec-2021","9:35","Whalers Bay",-62.983,-60.562,"Polar Latitudes","Eukaryota;Alveolata;Dinoflagellata;Dinophyceae;Gymnodiniales;Gymnodiniaceae",0.89757126
"18","82de9b71a3c330b514ed4e731ca12a0d","ManifestSample_062",0,"29-Dec-2021","10:05","Heroina Island",-63.423,-54.692,"Antarctica21","Eukaryota;Alveolata;Dinoflagellata;Dinophyceae;Gymnodiniales;Gymnodiniaceae",0.89757126
"19","82de9b71a3c330b514ed4e731ca12a0d","ManifestSample_063",0,"31-Dec-2021","15:35","Kinnes Cove",-63.316,-56.466,"Antarctica21","Eukaryota;Alveolata;Dinoflagellata;Dinophyceae;Gymnodiniales;Gymnodiniaceae",0.89757126
"20","82de9b71a3c330b514ed4e731ca12a0d","ManifestSample_064",0,"2-Jan-2022","15:09","Mikkelsen Harbour",-63.896,-60.776,"Antarctica21","Eukaryota;Alveolata;Dinoflagellata;Dinophyceae;Gymnodiniales;Gymnodiniaceae",0.89757126
"21","82de9b71a3c330b514ed4e731ca12a0d","ManifestSample_065",133,"3-Jan-2022","9:00","Fournier Bay",-64.533,-63.15,"Antarctica21","Eukaryota;Alveolata;Dinoflagellata;Dinophyceae;Gymnodiniales;Gymnodiniaceae",0.89757126
"22","82de9b71a3c330b514ed4e731ca12a0d","ManifestSample_066",0,"3-Jan-2022","15:15","Orne Harbour",-64.638,-62.534,"Antarctica21","Eukaryota;Alveolata;Dinoflagellata;Dinophyceae;Gymnodiniales;Gymnodiniaceae",0.89757126
"23","82de9b71a3c330b514ed4e731ca12a0d","ManifestSample_067",39,"1-Apr-2022","9:45","Cuverville Island",-64.671,-62.611,"Antarctica21","Eukaryota;Alveolata;Dinoflagellata;Dinophyceae;Gymnodiniales;Gymnodiniaceae",0.89757126
"24","82de9b71a3c330b514ed4e731ca12a0d","ManifestSample_068",13,"4-Jan-2022","15:00","Danco Island",-64.746,-62.622,"Antarctica21","Eukaryota;Alveolata;Dinoflagellata;Dinophyceae;Gymnodiniales;Gymnodiniaceae",0.89757126
"25","82de9b71a3c330b514ed4e731ca12a0d","ManifestSample_069",31,"9-Jan-2022","15:30","Petermann Island",-65.173,-64.116,"Quixote Expeditions","Eukaryota;Alveolata;Dinoflagellata;Dinophyceae;Gymnodiniales;Gymnodiniaceae",0.89757126
"26","82de9b71a3c330b514ed4e731ca12a0d","ManifestSample_070",3459,"22-Jan-2022","12:15","Danco Island",-64.746,-62.622,"Quixote Expeditions","Eukaryota;Alveolata;Dinoflagellata;Dinophyceae;Gymnodiniales;Gymnodiniaceae",0.89757126
"27","82de9b71a3c330b514ed4e731ca12a0d","ManifestSample_071",0,"25-Jan-2022","12:10","Mikkelsen Harbour",-63.896,-60.776,"Quixote Expeditions","Eukaryota;Alveolata;Dinoflagellata;Dinophyceae;Gymnodiniales;Gymnodiniaceae",0.89757126
"28","82de9b71a3c330b514ed4e731ca12a0d","ManifestSample_072",38,"10-Feb-2022","18:40","Maxwell Bay",-62.223,-58.859,"Quixote Expeditions","Eukaryota;Alveolata;Dinoflagellata;Dinophyceae;Gymnodiniales;Gymnodiniaceae",0.89757126
"29","82de9b71a3c330b514ed4e731ca12a0d","ManifestSample_073",0,"11-Mar-2022","14:40","Fournier Bay",-64.533,-63.15,"","Eukaryota;Alveolata;Dinoflagellata;Dinophyceae;Gymnodiniales;Gymnodiniaceae",0.89757126
"30","82de9b71a3c330b514ed4e731ca12a0d","ManifestSample_074",23,"12-Mar-2022","9:00","Damoy Point",-64.82,-63.52,"Viking Octantis","Eukaryota;Alveolata;Dinoflagellata;Dinophyceae;Gymnodiniales;Gymnodiniaceae",0.89757126
"31","82de9b71a3c330b514ed4e731ca12a0d","ManifestSample_075",0,"13-Mar-2022","11:03","Detaille Island",-66.87,-66.79,"Viking Octantis","Eukaryota;Alveolata;Dinoflagellata;Dinophyceae;Gymnodiniales;Gymnodiniaceae",0.89757126
"32","82de9b71a3c330b514ed4e731ca12a0d","ManifestSample_076",18,"14-Mar-2022","14:10","Pleaneau Island",-65.089,-64.046,"Viking Octantis","Eukaryota;Alveolata;Dinoflagellata;Dinophyceae;Gymnodiniales;Gymnodiniaceae",0.89757126
"33","82de9b71a3c330b514ed4e731ca12a0d","ManifestSample_077",375,"15-Mar-2022","8:45","Paradise Harbour",-64.912,-62.862,"Viking Octantis","Eukaryota;Alveolata;Dinoflagellata;Dinophyceae;Gymnodiniales;Gymnodiniaceae",0.89757126
"34","82de9b71a3c330b514ed4e731ca12a0d","ManifestSample_078",118,"15-Mar-2022","14:53","Cuverville Island",-64.671,-62.611,"Viking Octantis","Eukaryota;Alveolata;Dinoflagellata;Dinophyceae;Gymnodiniales;Gymnodiniaceae",0.89757126
"35","82de9b71a3c330b514ed4e731ca12a0d","ManifestSample_079",45,"16-Mar-2022","10:20","Danco Island",-64.746,-62.622,"Viking Octantis","Eukaryota;Alveolata;Dinoflagellata;Dinophyceae;Gymnodiniales;Gymnodiniaceae",0.89757126
"36","82de9b71a3c330b514ed4e731ca12a0d","ManifestSample_080",325,"16-Mar-2022","","Orne Harbour",-64.638,-62.534,"Viking Octantis","Eukaryota;Alveolata;Dinoflagellata;Dinophyceae;Gymnodiniales;Gymnodiniaceae",0.89757126
"37","82de9b71a3c330b514ed4e731ca12a0d","ManifestSample_081",786,"16-Mar-2022","12:20","Gerlache Front Ferrybox",NA,NA,"Viking Octantis","Eukaryota;Alveolata;Dinoflagellata;Dinophyceae;Gymnodiniales;Gymnodiniaceae",0.89757126
"38","82de9b71a3c330b514ed4e731ca12a0d","ManifestSample_082",718,"16-Mar-2022","12:48","Gerlache Front Ferrybox",NA,NA,"Viking Octantis","Eukaryota;Alveolata;Dinoflagellata;Dinophyceae;Gymnodiniales;Gymnodiniaceae",0.89757126
"39","82de9b71a3c330b514ed4e731ca12a0d","ManifestSample_083",252,"16-Mar-2022","18:40","Gerlache Front Ferrybox",NA,NA,"Viking Octantis","Eukaryota;Alveolata;Dinoflagellata;Dinophyceae;Gymnodiniales;Gymnodiniaceae",0.89757126
"40","82de9b71a3c330b514ed4e731ca12a0d","ManifestSample_115",411,"4-Dec-2019","","Danco Island",-64.746,-62.622,"","Eukaryota;Alveolata;Dinoflagellata;Dinophyceae;Gymnodiniales;Gymnodiniaceae",0.89757126
"41","82de9b71a3c330b514ed4e731ca12a0d","ManifestSample_116",0,"21-Dec-2019","","Danco Island",-64.746,-62.622,"","Eukaryota;Alveolata;Dinoflagellata;Dinophyceae;Gymnodiniales;Gymnodiniaceae",0.89757126
"42","82de9b71a3c330b514ed4e731ca12a0d","ManifestSample_117",0,"1-Jan-2020","14h23","Danco Island",-64.746,-62.622,"","Eukaryota;Alveolata;Dinoflagellata;Dinophyceae;Gymnodiniales;Gymnodiniaceae",0.89757126
"43","82de9b71a3c330b514ed4e731ca12a0d","ManifestSample_118",0,"2-Jan-2020","17:45","Orne Harbour",-64.638,-62.534,"","Eukaryota;Alveolata;Dinoflagellata;Dinophyceae;Gymnodiniales;Gymnodiniaceae",0.89757126
"44","82de9b71a3c330b514ed4e731ca12a0d","ManifestSample_119",0,"16-Jan-2020","14h25","Halfmoon Island",-62.595,-59.974,"","Eukaryota;Alveolata;Dinoflagellata;Dinophyceae;Gymnodiniales;Gymnodiniaceae",0.89757126
"45","82de9b71a3c330b514ed4e731ca12a0d","ManifestSample_120",0,"19-Jan-2020","15h45","Orne Harbour",-64.638,-62.534,"","Eukaryota;Alveolata;Dinoflagellata;Dinophyceae;Gymnodiniales;Gymnodiniaceae",0.89757126
"46","82de9b71a3c330b514ed4e731ca12a0d","ManifestSample_121",691,"31-Jan-2020","","Halfmoon Island",-62.595,-59.974,"","Eukaryota;Alveolata;Dinoflagellata;Dinophyceae;Gymnodiniales;Gymnodiniaceae",0.89757126
"47","82de9b71a3c330b514ed4e731ca12a0d","ManifestSample_122",23,"2-Feb-2020","13:18","Brown Bluff",-63.52,-56.873,"","Eukaryota;Alveolata;Dinoflagellata;Dinophyceae;Gymnodiniales;Gymnodiniaceae",0.89757126
"48","82de9b71a3c330b514ed4e731ca12a0d","ManifestSample_123",0,"4-Feb-2020","","Danco Island",-64.746,-62.622,"","Eukaryota;Alveolata;Dinoflagellata;Dinophyceae;Gymnodiniales;Gymnodiniaceae",0.89757126
"49","82de9b71a3c330b514ed4e731ca12a0d","ManifestSample_124",7,"5-Feb-2020","","Petermann Island",-65.173,-64.116,"","Eukaryota;Alveolata;Dinoflagellata;Dinophyceae;Gymnodiniales;Gymnodiniaceae",0.89757126
"50","82de9b71a3c330b514ed4e731ca12a0d","ManifestSample_125",0,"5-Feb-2020","","Petermann Island",-65.173,-64.116,"","Eukaryota;Alveolata;Dinoflagellata;Dinophyceae;Gymnodiniales;Gymnodiniaceae",0.89757126
"51","82de9b71a3c330b514ed4e731ca12a0d","ManifestSample_126",13,"6-Mar-2020","","Stonington Island",-68.186,-66.997,"","Eukaryota;Alveolata;Dinoflagellata;Dinophyceae;Gymnodiniales;Gymnodiniaceae",0.89757126
"52","82de9b71a3c330b514ed4e731ca12a0d","ManifestSample_127",0,"7-Mar-2020","12:30","Horshoe Island",-67.836,-67.189,"","Eukaryota;Alveolata;Dinoflagellata;Dinophyceae;Gymnodiniales;Gymnodiniaceae",0.89757126
"53","82de9b71a3c330b514ed4e731ca12a0d","ManifestSample_128",258,"28-Nov-2021","","Horshoe Island",-67.836,-67.189,"","Eukaryota;Alveolata;Dinoflagellata;Dinophyceae;Gymnodiniales;Gymnodiniaceae",0.89757126
"54","82de9b71a3c330b514ed4e731ca12a0d","ManifestSample_129",41,"29-Nov-2021","15:30","Orne Harbour",-64.638,-62.534,"","Eukaryota;Alveolata;Dinoflagellata;Dinophyceae;Gymnodiniales;Gymnodiniaceae",0.89757126
"55","82de9b71a3c330b514ed4e731ca12a0d","ManifestSample_130",0,"16-Dec-2021","","Brown Bluff",-63.52,-56.873,"","Eukaryota;Alveolata;Dinoflagellata;Dinophyceae;Gymnodiniales;Gymnodiniaceae",0.89757126
"56","82de9b71a3c330b514ed4e731ca12a0d","ManifestSample_131",108,"17-Dec-2021","","Neko Harbour",-64.851,-62.542,"","Eukaryota;Alveolata;Dinoflagellata;Dinophyceae;Gymnodiniales;Gymnodiniaceae",0.89757126
"57","82de9b71a3c330b514ed4e731ca12a0d","ManifestSample_132",0,"20-Jan-2022","","Petermann Island",-65.173,-64.116,"","Eukaryota;Alveolata;Dinoflagellata;Dinophyceae;Gymnodiniales;Gymnodiniaceae",0.89757126
"58","82de9b71a3c330b514ed4e731ca12a0d","ManifestSample_133",137,"22-Feb-2022","","Paradise Harbour",-64.912,-62.862,"","Eukaryota;Alveolata;Dinoflagellata;Dinophyceae;Gymnodiniales;Gymnodiniaceae",0.89757126
"59","82de9b71a3c330b514ed4e731ca12a0d","ManifestSample_134",0,"24-Feb-2022","","Cuverville Island",-64.671,-62.611,"","Eukaryota;Alveolata;Dinoflagellata;Dinophyceae;Gymnodiniales;Gymnodiniaceae",0.89757126
"60","82de9b71a3c330b514ed4e731ca12a0d","ManifestSample_135",0,"8-Mar-2022","","Petermann Island",-65.173,-64.116,"","Eukaryota;Alveolata;Dinoflagellata;Dinophyceae;Gymnodiniales;Gymnodiniaceae",0.89757126
"61","82de9b71a3c330b514ed4e731ca12a0d","ManifestSample_136",209,"22-Mar-2022","","Paradise Harbour",-64.912,-62.862,"","Eukaryota;Alveolata;Dinoflagellata;Dinophyceae;Gymnodiniales;Gymnodiniaceae",0.89757126
"62","82de9b71a3c330b514ed4e731ca12a0d","ManifestSample_137",0,"23-Mar-2022","","Cuverville Island",-64.671,-62.611,"","Eukaryota;Alveolata;Dinoflagellata;Dinophyceae;Gymnodiniales;Gymnodiniaceae",0.89757126
"63","82de9b71a3c330b514ed4e731ca12a0d","ManifestSample_001",5883,"6-Feb-20",NA,"Cierva Cove",-64.156,-60.873,"Polar Latitudes","Eukaryota;Alveolata;Dinoflagellata;Dinophyceae;Gymnodiniales;Gymnodiniaceae",0.89757126
"64","82de9b71a3c330b514ed4e731ca12a0d","ManifestSample_002",366,"7-Feb-20",NA,"Cuverville Island",-64.671,-62.611,"Polar Latitudes","Eukaryota;Alveolata;Dinoflagellata;Dinophyceae;Gymnodiniales;Gymnodiniaceae",0.89757126
"65","82de9b71a3c330b514ed4e731ca12a0d","ManifestSample_003",133,"7-Feb-20",NA,"Neko Harbour",-64.851,-62.542,"Polar Latitudes","Eukaryota;Alveolata;Dinoflagellata;Dinophyceae;Gymnodiniales;Gymnodiniaceae",0.89757126
"66","82de9b71a3c330b514ed4e731ca12a0d","ManifestSample_004",230,"20-Feb-20",NA,"Orne Harbour",-64.638,-62.534,"Polar Latitudes","Eukaryota;Alveolata;Dinoflagellata;Dinophyceae;Gymnodiniales;Gymnodiniaceae",0.89757126
"67","82de9b71a3c330b514ed4e731ca12a0d","ManifestSample_005",514,"10-Mar-20",NA,"Orne Harbour",-64.638,-62.534,"Polar Latitudes","Eukaryota;Alveolata;Dinoflagellata;Dinophyceae;Gymnodiniales;Gymnodiniaceae",0.89757126
"68","82de9b71a3c330b514ed4e731ca12a0d","ManifestSample_006",332,"18-Mar-22",NA,"Peltier Channel",-64.854,-63.495,"Aurora Expeditions","Eukaryota;Alveolata;Dinoflagellata;Dinophyceae;Gymnodiniales;Gymnodiniaceae",0.89757126
"69","82de9b71a3c330b514ed4e731ca12a0d","ManifestSample_007",991,"21-Mar-22",NA,"Paradise Harbour",-64.912,-62.862,"Aurora Expeditions","Eukaryota;Alveolata;Dinoflagellata;Dinophyceae;Gymnodiniales;Gymnodiniaceae",0.89757126
"70","82de9b71a3c330b514ed4e731ca12a0d","ManifestSample_008",361,"22-Mar-22",NA,"Damoy Point",-64.82,-63.52,"Aurora Expeditions","Eukaryota;Alveolata;Dinoflagellata;Dinophyceae;Gymnodiniales;Gymnodiniaceae",0.89757126
"71","82de9b71a3c330b514ed4e731ca12a0d","ManifestSample_009",51,"22-March-2022",NA,"Neko Harbour",-64.851,-62.542,"Aurora Expeditions","Eukaryota;Alveolata;Dinoflagellata;Dinophyceae;Gymnodiniales;Gymnodiniaceae",0.89757126
"72","82de9b71a3c330b514ed4e731ca12a0d","ManifestSample_010",47,NA,NA,NA,NA,NA,NA,"Eukaryota;Alveolata;Dinoflagellata;Dinophyceae;Gymnodiniales;Gymnodiniaceae",0.89757126
"73","82de9b71a3c330b514ed4e731ca12a0d","ManifestSample_011",0,NA,NA,NA,NA,NA,NA,"Eukaryota;Alveolata;Dinoflagellata;Dinophyceae;Gymnodiniales;Gymnodiniaceae",0.89757126
"74","82de9b71a3c330b514ed4e731ca12a0d","ManifestSample_012",0,NA,NA,NA,NA,NA,NA,"Eukaryota;Alveolata;Dinoflagellata;Dinophyceae;Gymnodiniales;Gymnodiniaceae",0.89757126
"75","82de9b71a3c330b514ed4e731ca12a0d","ManifestSample_013",0,NA,NA,NA,NA,NA,NA,"Eukaryota;Alveolata;Dinoflagellata;Dinophyceae;Gymnodiniales;Gymnodiniaceae",0.89757126
"76","82de9b71a3c330b514ed4e731ca12a0d","ManifestSample_014",88,NA,NA,NA,NA,NA,NA,"Eukaryota;Alveolata;Dinoflagellata;Dinophyceae;Gymnodiniales;Gymnodiniaceae",0.89757126
"77","82de9b71a3c330b514ed4e731ca12a0d","ManifestSample_015",146,NA,NA,NA,NA,NA,NA,"Eukaryota;Alveolata;Dinoflagellata;Dinophyceae;Gymnodiniales;Gymnodiniaceae",0.89757126
"78","82de9b71a3c330b514ed4e731ca12a0d","ManifestSample_016",24,NA,NA,NA,NA,NA,NA,"Eukaryota;Alveolata;Dinoflagellata;Dinophyceae;Gymnodiniales;Gymnodiniaceae",0.89757126
"79","82de9b71a3c330b514ed4e731ca12a0d","ManifestSample_017",0,NA,NA,NA,NA,NA,NA,"Eukaryota;Alveolata;Dinoflagellata;Dinophyceae;Gymnodiniales;Gymnodiniaceae",0.89757126
"80","82de9b71a3c330b514ed4e731ca12a0d","ManifestSample_018",0,NA,NA,NA,NA,NA,NA,"Eukaryota;Alveolata;Dinoflagellata;Dinophyceae;Gymnodiniales;Gymnodiniaceae",0.89757126
"81","82de9b71a3c330b514ed4e731ca12a0d","ManifestSample_019",0,NA,NA,NA,NA,NA,NA,"Eukaryota;Alveolata;Dinoflagellata;Dinophyceae;Gymnodiniales;Gymnodiniaceae",0.89757126
"82","82de9b71a3c330b514ed4e731ca12a0d","ManifestSample_020",0,NA,NA,NA,NA,NA,NA,"Eukaryota;Alveolata;Dinoflagellata;Dinophyceae;Gymnodiniales;Gymnodiniaceae",0.89757126
"83","82de9b71a3c330b514ed4e731ca12a0d","ManifestSample_dino",319689,NA,NA,NA,NA,NA,NA,"Eukaryota;Alveolata;Dinoflagellata;Dinophyceae;Gymnodiniales;Gymnodiniaceae",0.89757126
