Site_Name_2,Rename,distance_to_stonington,site_num
Stonington Island,Stonington Island,0,1
Horshoe Island,Horseshoe Island,39775.1718043875,2
Detaille Island,Detaille Island,146760.77219241,3
Petermann Island,Petermann Island,358538.10321847,4
Pleneau Bay,Pleneau Bay,368446.532453104,5
Peltier Channel,Peltier Channel,401974.339487767,6
Damoy Point,Damoy Point,405085.429309024,7
Paradise Harbour,Paradise Harbour,407702.216926822,8
Andvord Bay Transect Station 1 Useful,Useful Island,426764.566064891,9
Andvord Bay Transect Station 2 Errera,Errera Channel,421827.403814023,10
Andvord Bay Transect Station 3 Middle,Mid Andvord Bay,421988.850587032,11
Neko Harbour,Neko Harbour,420454.268855851,12
Andvord Bay Transect Station 5 Interior,Bagshawe Glacier,419105.244454387,13
Danco Island,Danco Island,429246.359048925,14
Cuverville Island,Cuverville Island,437048.722790708,15
Orne Harbour,Orne Harbour,441916.462552157,16
Dallman Bay,Dallman Bay,429101.466173288,17
Fournier Bay,Fournier Bay,441223.487108753,18
Wilhelmina Bay,Wilhelmina Bay,449210.667751097,19
Enterprise Island,Enterprise Island,463309.149624165,20
Charlotte Bay,Charlotte Bay,466622.980899155,21
Portal Point,Portal Point,471845.131312254,22
Cierva Cove,Cierva Cove,525872.395827098,23
Mikkelsen Harbour,Mikkelsen Harbour,553611.56196914,24
Brown Bluff,Brown Bluff,692831.095898101,25
Vega Island,Vega Island,650368.638616692,26
Kinnes Cove,Kinnes Cove,723167.177359486,27
Eden Rocks,Eden Rocks,731060.945310655,28
Heroina Island,Heroina Island,769693.068226512,29
Halfmoon Island,Halfmoon Island,701400.047466713,30
Yankee Harbour,Yankee Harbour,712772.456945109,31
Maxwell Bay,Maxwell Bay,763419.60164443,32