"","x"
"1","Cierva Cove"
"2","Cuverville Island"
"3","Danco Island"
"4","Neko Harbour"
"5","Andvord Bay Transect Station 1 Useful"
"6","Andvord Bay Transect Station 2 Errera"
"7","Andvord Bay Transect Station 3 Middle"
"8","Andvord Bay Transect Station 5 Interior"
"9","Anvord Bay Transect Station 4 Neko Harbour"
"10","Orne Harbour"
"11","Paradise Harbour"
"12","Petermann Island"
"13","Wilhelmina Bay"
"14","Enterprise Island"
"15",NA
"16","Brown Bluff"
"17","Dallman Bay"
"18","Foyn"
"19","Stonington Island"
"20","Orne Harbour (Outside)"
"21","Eden Rocks"
"22","Halfmoon Island"
"23","Mikkelsen Harbour"
"24","Plenneau Bay"
"25","Charlotte Bay"
"26","Heroina Island"
"27","Kinnes Cove"
"28","Maxwell Bay"
"29","Vega Island"
"30","Yankee Harbour"
"31","Fournier Bay"
"32","Portal Point"
"33","Whalers Bay"
"34","Damoy Point"
"35","Detaille Island"
"36","Gerlache Front Ferrybox"
"37","Horshoe Island"
"38","Peltier Channel"
