"","Feature.ID","A","B","C","D","E","F","G","H","pr2_Confidence"
"1","00097b46a6cd535d67ddbf9b853def2b","Eukaryota","Stramenopiles","Ochrophyta","Bacillariophyta","Bacillariophyta_X",NA,NA,NA,0.999999164
"2","00eee0e75b79321c98633739d6235435","Eukaryota",NA,NA,NA,NA,NA,NA,NA,1
"3","012fd5bc36cab9d30c50c17c2a7b5a77","Eukaryota","Opisthokonta","Metazoa","Arthropoda","Crustacea","Maxillopoda","Paracalanus","Paracalanus_parvus",0.99903686
"4","01b29b0880e28b849dc1134643fa3abd","Eukaryota","Excavata","Discoba","Euglenozoa","Diplonemea","Diplonemea_X","Diplonemea_XX","Diplonemea_XX_sp.",0.999998263
"5","01d5fd2ce300aec9cc34f899b791ffed","Eukaryota","Opisthokonta","Fungi","Ascomycota","Saccharomycotina","Saccharomycetales",NA,NA,0.998559178
"6","021277d5260a071e8d29c896f47c5874","Eukaryota",NA,NA,NA,NA,NA,NA,NA,1
"7","0310c808df17cb70a6676e763f9e5890","Eukaryota",NA,NA,NA,NA,NA,NA,NA,1
"8","03287ba0e9d2fe152fcf96db12aae830","Eukaryota",NA,NA,NA,NA,NA,NA,NA,1
"9","032c054c5fc185985195414a3ad3d548","Eukaryota",NA,NA,NA,NA,NA,NA,NA,1
"10","0400bdaf59ac800a4ddf674b75d2f749","Eukaryota",NA,NA,NA,NA,NA,NA,NA,1
"11","040cc0477a7904e41a3b997d28921901","Eukaryota","Opisthokonta","Metazoa","Arthropoda","Crustacea","Maxillopoda","Metridia",NA,0.993191339
"12","04dd1ee51056f811f3d0f21d35be0abf","Eukaryota","Alveolata","Dinoflagellata","Syndiniales","Dino-Group-II","Dino-Group-II-Clade-16","Dino-Group-II-Clade-16_X","Dino-Group-II-Clade-16_X_sp.",0.999911581
"13","051e1d723d0c3a2c56b0eb66cfd9893e","Eukaryota","Excavata","Discoba","Euglenozoa","Diplonemea","Diplonemida","Diplonema",NA,0.989345101
"14","052d51f13d8b9a66fd4da24752a96cfc","Eukaryota","Rhizaria","Cercozoa","Filosa-Thecofilosea","Cryomonadida","Protaspa-lineage","Protaspa-lineage_X","Protaspa-lineage_X_sp.",0.999775885
"15","06aaf5ccc92a3315022cbfcc24015599","Eukaryota","Opisthokonta","Metazoa","Annelida","Annelida_X","Annelida_XX",NA,NA,0.999906435
"16","073a98a6743f05f42597ac86cd536906","Eukaryota","Stramenopiles","Sagenista","MAST-7","MAST-7A","MAST-7A_X","MAST-7A_XX","MAST-7A_XX_sp.",0.999999781
"17","074bb71e81125326e8fdb6f85a606ce8","Eukaryota","Stramenopiles","Ochrophyta","MOCH-2","MOCH-2_X","MOCH-2_XX","MOCH-2_XXX","MOCH-2_XXX_sp.",0.999999933
"18","076fee1a92b08c2a74a2aa5df79bcebb","Eukaryota","Opisthokonta","Metazoa","Arthropoda","Crustacea","Maxillopoda",NA,NA,0.99999501
"19","07d91b765ec9ac7ceed1f02762894d02","Eukaryota","Stramenopiles","Sagenista","MAST-8","MAST-8D","MAST-8D_X","MAST-8D_XX","MAST-8D_XX_sp.",0.999998139
"20","07f7cc8561745d8495a37bd2afe6035c","Eukaryota","Opisthokonta","Fungi","Chytridiomycota","Chytridiomycotina","Chytridiomycetes","Spizellomycetales-and-Rhizophlyctidales","Spizellomycetales-and-Rhizophlyctidales_sp.",0.999998588
"21","09f384f968e54823726eb30f8ffe7c34","Eukaryota","Alveolata","Dinoflagellata","Dinophyceae",NA,NA,NA,NA,0.976908519
"22","0a0b4b3d90d10bed6ecc2b93c2226053","Eukaryota","Opisthokonta","Metazoa","Arthropoda","Crustacea","Maxillopoda",NA,NA,0.999999371
"23","0a13a2677302b8fed738e37ac7026ea9","Eukaryota","Rhizaria","Radiolaria","Acantharea","Arthracanthida-Symphyacanthida","Arthracanthida-Symphyacanthida_X","Arthracanthida-Symphyacanthida_XX","Arthracanthida-Symphyacanthida_XX_sp.",0.974445708
"24","0a47ede8b06347b2e5a9a740325d4e6c","Eukaryota","Rhizaria","Cercozoa","Filosa-Thecofilosea","Ventricleftida","Ventricleftida_X","Ventricleftida_XX","Ventricleftida_XX_sp.",0.999869374
"25","0aab0d2015daa9b6b61c9ab08b5cf338","Eukaryota","Amoebozoa","Lobosa","Discosea-Flabellinia","Dactylopodida","Paramoebidae","Neoparamoeba","Neoparamoeba_aestuarina",1
"26","0b04a0e165deb280d84b621de918a4c4","Eukaryota","Stramenopiles","Pseudofungi","MAST-1","MAST-1A","MAST-1A_X","MAST-1A_XX","MAST-1A_XX_sp.",1
"27","0c17e8fc2d3bfd69cb54d171d6f99f0e","Eukaryota",NA,NA,NA,NA,NA,NA,NA,1
"28","0c6152be5df4f97e7b2a00d89109f4c4","Eukaryota","Opisthokonta",NA,NA,NA,NA,NA,NA,0.998416097
"29","0c9699f21843e1fd206fb952f0aba469","Eukaryota","Stramenopiles","Ochrophyta","Chrysophyceae","Chrysophyceae_X","Chrysophyceae_Clade-C",NA,NA,0.99844245
"30","0db6be4b8b1079efd4751989837f2ca0","Eukaryota","Stramenopiles","Ochrophyta","Bacillariophyta","Bacillariophyta_X",NA,NA,NA,0.999972667
"31","0eedde69b0c270ef41b743118213ec83","Eukaryota","Apusozoa","Apusomonadidae","Apusomonadidae_Group-1","Apusomonadidae_Group-1_X","Apusomonadidae_Group-1_XX","Amastigomonas","Amastigomonas_mutabilis",0.999981303
"32","1069814de7c508dbe1458459fbdfb4ee","Eukaryota","Alveolata","Dinoflagellata","Dinophyceae","Gymnodiniales","Gymnodiniaceae","Gyrodinium","Gyrodinium_rubrum",0.99858693
"33","106fd0eba1be13039c01e23181346ea5","Eukaryota","Rhizaria","Cercozoa","Filosa-Thecofilosea","Ventricleftida","Ventrifissuridae","Ventrifissuridae_X","Ventrifissuridae_X_sp.",0.999999999
"34","10895d6be3e2b3cd81823c3c24cfe1e9","Eukaryota","Rhizaria","Radiolaria","Acantharea","Chaunacanthida","Chaunacanthida_X","Chaunacanthida_XX","Chaunacanthida_XX_sp.",0.99970501
"35","10c27a70fbde9c343ee5c4624ae97d8d","Eukaryota","Stramenopiles","Ochrophyta","Bacillariophyta","Bacillariophyta_X","Raphid-pennate","Pleurosigma","Pleurosigma_intermedium",0.996219225
"36","10ee54926db61f288bba76cb43046de4","Eukaryota","Opisthokonta","Metazoa","Annelida","Annelida_X","Annelida_XX","Polycirrus",NA,0.997959882
"37","10fb387f4fbeff60d51d66ac6e175088","Eukaryota","Alveolata",NA,NA,NA,NA,NA,NA,0.976550987
"38","11829faf44e63c93ca95c3e31d2527a5","Eukaryota","Opisthokonta","Fungi",NA,NA,NA,NA,NA,0.995822748
"39","11b51908d02a5daff4bb54bce75cfede","Eukaryota",NA,NA,NA,NA,NA,NA,NA,1
"40","11e44c778806a603799a247396a8de05","Eukaryota","Opisthokonta","Metazoa","Arthropoda","Crustacea","Maxillopoda","Archinotodelphys","Archinotodelphys_sp.",0.975152474
"41","1268b623bbde942ea9df85d5cc592fb3","Eukaryota","Alveolata","Dinoflagellata","Dinophyceae","Gymnodiniales","Gymnodiniaceae","Gyrodinium","Gyrodinium_fusiforme",0.975965829
"42","127158d62a20c7b05cdc65838a7235fc","Eukaryota","Opisthokonta","Metazoa","Nematoda","Chromadorea","Chromadorea_X",NA,NA,0.996852707
"43","12e1c3ef1cfe8aa14224693866d8d4b6","Eukaryota","Stramenopiles","Ochrophyta","Bacillariophyta","Bacillariophyta_X","Polar-centric-Mediophyceae","Porosira",NA,1
"44","12e6284498f2fc45f26552a8bd6f51cc","Eukaryota","Rhizaria","Radiolaria","Acantharea","Arthracanthida-Symphyacanthida","Arthracanthida-Symphyacanthida_X",NA,NA,0.999883082
"45","13a6187147e82f241d48536459161e96","Eukaryota","Opisthokonta","Metazoa","Annelida","Annelida_X","Annelida_XX","Caulleriella","Caulleriella_parva",0.982420363
"46","13e4cc5759b4034f4662ca42ea1fefbe","Eukaryota","Archaeplastida","Streptophyta","Embryophyceae","Embryophyceae_X","Embryophyceae_XX",NA,NA,0.999999757
"47","1450ff2c770888e8863d82f0163f6b53","Eukaryota","Stramenopiles","Ochrophyta","Bacillariophyta","Bacillariophyta_X","Polar-centric-Mediophyceae","Chaetoceros","Chaetoceros_peruvianus",0.999946994
"48","1469999244c4820d040e92db0eac41c4","Eukaryota","Hacrobia","Picozoa","Picozoa_X","Picozoa_XX","Picozoa_XXX","Picozoa_XXXX","Picozoa_XXXX_sp.",0.999960009
"49","14bf296cfcfcff4eb63042c4af3a0414","Eukaryota","Alveolata","Dinoflagellata","Dinophyceae",NA,NA,NA,NA,0.988906437
"50","14c47605f6de572d62f15affd1c358b5","Eukaryota","Alveolata","Dinoflagellata","Dinophyceae","Suessiales","Suessiaceae","Polarella","Polarella_glacialis",0.999664393
"51","14f87d059bcb7241c28b5a9e22402429","Eukaryota",NA,NA,NA,NA,NA,NA,NA,1
"52","15a587ca36436be508abbcba69c0cf55","Eukaryota","Alveolata","Dinoflagellata","Syndiniales","Dino-Group-II","Dino-Group-II-Clade-1","Dino-Group-II-Clade-1_X","Dino-Group-II-Clade-1_X_sp.",0.99888435
"53","15c54a92392ade0b2780374109a77f63","Eukaryota","Opisthokonta",NA,NA,NA,NA,NA,NA,0.993882408
"54","15d03790acfeec2470ce647e329c0a2e","Eukaryota","Opisthokonta","Metazoa","Cnidaria","Cnidaria_X","Hydrozoa",NA,NA,0.999994626
"55","16313c46f1902cbd6f94b3974dc1328a","Eukaryota","Opisthokonta","Metazoa","Arthropoda","Crustacea","Maxillopoda",NA,NA,0.999979956
"56","163ca6c6e701d25fcde3c4981688070c","Eukaryota","Rhizaria","Cercozoa","Filosa-Thecofilosea","Filosa-Thecofilosea_X","Mataza-lineage","Mataza-lineage_X","Mataza-lineage_X_sp.",0.996655606
"57","169446a7104494f42872a59d92fd2102","Eukaryota","Stramenopiles","Ochrophyta","Bacillariophyta","Bacillariophyta_X","Raphid-pennate",NA,NA,0.999785541
"58","17912548ef9ed7726ad98caa9105f43a","Eukaryota","Opisthokonta","Metazoa","Arthropoda","Crustacea","Maxillopoda",NA,NA,0.999050181
"59","17d09ca2ccf272fc736acac5fd1099bb","Eukaryota","Opisthokonta","Fungi",NA,NA,NA,NA,NA,0.99977021
"60","187ac8f6ed9dfc6744eeae713dd36031","Eukaryota","Alveolata","Dinoflagellata","Syndiniales","Dino-Group-II","Dino-Group-II-Clade-13","Dino-Group-II-Clade-13_X","Dino-Group-II-Clade-13_X_sp.",0.983620575
"61","188fcab13256c51d6babd6b810564364","Eukaryota","Opisthokonta","Metazoa","Arthropoda","Crustacea","Maxillopoda",NA,NA,0.999996581
"62","18e3dce9960b7e52fb4e7bcdbdfec31d","Eukaryota","Stramenopiles","Ochrophyta","Chrysophyceae","Chrysophyceae_X","Chrysophyceae_Clade-H","Chrysophyceae_Clade-H_X","Chrysophyceae_Clade-H_X_sp.",0.999999945
"63","1980f7de2f75692f6b26ee7699b7af4c","Eukaryota","Opisthokonta","Metazoa","Rotifera","Rotifera_X","Rotifera_XX",NA,NA,0.999996921
"64","1ab1e34c54672168215c823290f49b66","Eukaryota","Opisthokonta","Metazoa","Arthropoda","Crustacea","Maxillopoda",NA,NA,0.999994096
"65","1abcf916fe0fea9f7069fb6aab935dfc","Eukaryota",NA,NA,NA,NA,NA,NA,NA,1
"66","1b0550640d12893041d02c0f2dade503","Eukaryota","Opisthokonta","Metazoa","Arthropoda","Crustacea","Maxillopoda",NA,NA,0.999997562
"67","1b9525eb1cf11da9a4931af1df29f559","Eukaryota","Alveolata","Dinoflagellata","Dinophyceae","Peridiniales","Protoperidiniaceae","Protoperidinium","Protoperidinium_sp.",0.971974372
"68","1c736f34923a137bfc3fc2126fdf5fc7","Eukaryota","Opisthokonta","Metazoa","Bryozoa","Bryozoa_X","Bryozoa_XX",NA,NA,1
"69","1d1b59ce09609dec0f0e82fac8d6cb3f","Eukaryota","Opisthokonta","Metazoa","Arthropoda","Crustacea","Maxillopoda",NA,NA,0.999983647
"70","1d6edd03bf480178d929833d45a57f2c","Eukaryota","Archaeplastida","Chlorophyta","Pyramimonadophyceae","Pyramimonadales","Pyramimonadaceae","Pyramimonas","Pyramimonas_gelidicola",0.997759057
"71","1dd6bda1c3e5b000bef8e927a8ea229f","Eukaryota","Opisthokonta","Metazoa","Arthropoda","Crustacea","Maxillopoda",NA,NA,0.999999994
"72","1e8a2f60e622516e9be06ef208a0e5f7","Eukaryota","Opisthokonta","Metazoa","Arthropoda","Crustacea","Maxillopoda",NA,NA,0.999987369
"73","1f4615e457328d6fd31eb7737aa8205c","Eukaryota","Archaeplastida","Rhodophyta","Florideophyceae","Colaconematales","Colaconematales_X",NA,NA,0.999998961
"74","1fa35b50c7fc95327aed5bfeb6f05c3b","Eukaryota","Opisthokonta","Metazoa","Arthropoda","Crustacea","Maxillopoda",NA,NA,0.999824343
"75","1fd9166056d726b53df89cda049cb8ea","Eukaryota",NA,NA,NA,NA,NA,NA,NA,1
"76","1fe71fa00342c5b675e5a6deb4a2ae02","Eukaryota","Excavata","Discoba","Euglenozoa","Diplonemea","Diplonemea_X","Diplonemea_XX","Diplonemea_XX_sp.",0.999999969
"77","2024a45380822b5e8f5cd359abf467e2","Eukaryota","Opisthokonta","Metazoa","Arthropoda","Crustacea","Maxillopoda",NA,NA,0.999998838
"78","20d83ed8ef5772074da8f0ece26af50e","Eukaryota","Rhizaria","Radiolaria","RAD-B","RAD-B_X","RAD-B-Group-IV","RAD-B-Group-IV_X","RAD-B-Group-IV_X_sp.",0.999896682
"79","20fbf523b8d76525303498c76eaffb69","Eukaryota","Stramenopiles","Ochrophyta","Bacillariophyta","Bacillariophyta_X","Polar-centric-Mediophyceae","Chaetoceros","Chaetoceros_peruvianus",0.999980546
"80","2339e4174da828f48baeaa13bbef360c","Eukaryota","Opisthokonta","Fungi","Ascomycota","Saccharomycotina","Saccharomycetales",NA,NA,0.98420755
"81","23c810283adecd487f98233951bff46f","Eukaryota","Opisthokonta","Metazoa","Arthropoda","Crustacea","Maxillopoda",NA,NA,0.999962712
"82","2519aee9294037e07da9d0059327daea","Eukaryota","Hacrobia","Telonemia","Telonemia_X","Telonemia_XX","Telonemia-Group-1","Telonemia-Group-1_X","Telonemia-Group-1_X_sp.",0.999997295
"83","25ca46f7713f7f2d3c0cd0860a18c4b6","Eukaryota","Opisthokonta","Metazoa","Arthropoda","Crustacea","Malacostraca",NA,NA,0.999704177
"84","2661d608fc4a1db49cb7ce1a727a30e6","Eukaryota","Opisthokonta","Metazoa","Arthropoda","Crustacea","Maxillopoda",NA,NA,0.999998721
"85","268a8e23c354f2cb27dbf0d57b9add6b","Eukaryota","Alveolata","Ciliophora","Spirotrichea","Tintinnida","Tintinnidae","Tintinnidae_X","Tintinnidae_X_sp.",0.999487541
"86","269e74f41e7ebb32563a26fa592eee5e","Eukaryota","Stramenopiles","Opalozoa","MAST-3","MAST-3I","MAST-3I_X","MAST-3I_XX","MAST-3I_XX_sp.",0.999996079
"87","27fbca6c4fe13ba60162a969fdd80c7c","Eukaryota","Stramenopiles","Ochrophyta","Bacillariophyta","Bacillariophyta_X","Raphid-pennate","Pleurosigma","Pleurosigma_intermedium",0.99576276
"88","285e9e8eac49b56f74550e7ff09e1950","Eukaryota","Stramenopiles","Ochrophyta","Dictyochophyceae","Dictyochophyceae_X","Pedinellales","Pedinellales_X","Pedinellales_X_sp.",0.99547006
"89","288466bdedfeeef7a3aa48131ae58c1d","Eukaryota","Archaeplastida","Streptophyta","Embryophyceae","Embryophyceae_X","Embryophyceae_XX",NA,NA,0.999999811
"90","28ec53419777061cc762b2ef6c9c4800","Eukaryota","Opisthokonta","Metazoa","Arthropoda","Crustacea","Maxillopoda",NA,NA,0.99996798
"91","290f70e9de482f93dfc2e41f8285aab6","Eukaryota",NA,NA,NA,NA,NA,NA,NA,1
"92","295e54ce65ef59ed605ab3a17fa296d7","Eukaryota","Rhizaria","Cercozoa","Filosa-Imbricatea","Thaumatomonadida","Thaumatomonadidae","Thaumatomastix","Thaumatomastix_sp.",0.999999299
"93","2ac941b6e28a01b409c525aa50314a57","Eukaryota","Alveolata","Dinoflagellata","Syndiniales","Dino-Group-II","Dino-Group-II-Clade-1","Dino-Group-II-Clade-1_X","Dino-Group-II-Clade-1_X_sp.",0.999999858
"94","2ae091636ec825effa377850eff0dd39","Eukaryota",NA,NA,NA,NA,NA,NA,NA,1
"95","2b72ed18398c28b6acb1f9d93cb8e620","Eukaryota","Amoebozoa","Lobosa","Discosea-Flabellinia","Dactylopodida","Paramoebidae","Neoparamoeba","Neoparamoeba_aestuarina",1
"96","2c19b3627a268b01780affe200fc9680","Eukaryota","Hacrobia","Picozoa","Picozoa_X","Picozoa_XX","Picozoa_XXX","Picozoa_XXXX","Picozoa_XXXX_sp.",0.999988777
"97","2c411fadae7dc30cf98d4ee506ce16e0","Eukaryota","Opisthokonta","Metazoa","Mollusca","Bivalvia","Heteroconchia",NA,NA,1
"98","2d6b92d1356d4b82429dbd2d400a0d4d","Eukaryota","Opisthokonta","Metazoa","Arthropoda","Crustacea","Maxillopoda",NA,NA,0.999999856
"99","2d8ede4e3bd96b5a46f18152d05259db","Eukaryota","Stramenopiles","Ochrophyta","Bacillariophyta","Bacillariophyta_X",NA,NA,NA,0.993787339
"100","2d9e82278c75751d511325461183c377","Eukaryota","Archaeplastida","Rhodophyta","Florideophyceae",NA,NA,NA,NA,0.999999939
"101","2f6c7c75c3cf71b207e1a15b79db0ce8","Eukaryota","Stramenopiles","Ochrophyta","Pelagophyceae","Pelagomonadales","Pelagomonadaceae","Aureococcus","Aureococcus_anophagefferens",0.999999938
"102","2fab0a32835c5d9b7d79dbf84497f279","Eukaryota","Alveolata","Apicomplexa","Gregarinomorphea","Eugregarinorida","Lecudinidae",NA,NA,0.999999895
"103","2fbc6788c379e3bd172250ce86d2bf95","Eukaryota","Stramenopiles","Sagenista","Labyrinthulomycetes","Thraustochytriales","Thraustochytriaceae","Thraustochytrium",NA,0.977988236
"104","2fe97efd5eee31dd1d77710ba2b929c7","Eukaryota","Stramenopiles","Ochrophyta","Bacillariophyta","Bacillariophyta_X","Radial-centric-basal-Coscinodiscophyceae","Stellarima","Stellarima_microtrias",0.999996219
"105","312bbd995b3ae5a398215d26edade86e","Eukaryota","Opisthokonta","Metazoa","Annelida","Annelida_X","Annelida_XX",NA,NA,0.999999874
"106","3178d34716dc42620c86801369c8fd8d","Eukaryota","Alveolata","Ciliophora",NA,NA,NA,NA,NA,0.994313373
"107","329c5a82611800ebf4ff7aca2eac9f2c","Eukaryota","Stramenopiles","Opalozoa","MAST-3","MAST-3D","MAST-3D_X","MAST-3D_XX","MAST-3D_XX_sp.",0.999897517
"108","34a0cd56366a2e3075c62544fe987a97","Eukaryota","Stramenopiles","Ochrophyta","Bacillariophyta","Bacillariophyta_X","Polar-centric-Mediophyceae","Shionodiscus","Shionodiscus_ritscheri",0.981364307
"109","3787a1e6294466afbfb39eaa6e94e530","Eukaryota","Stramenopiles","Ochrophyta","Bacillariophyta","Bacillariophyta_X",NA,NA,NA,0.999816736
"110","38451dcad0552a6e6fc3435fcddc1565","Eukaryota",NA,NA,NA,NA,NA,NA,NA,1
"111","388671f17fc7b1b0abb76ffb8e15f952","Eukaryota",NA,NA,NA,NA,NA,NA,NA,1
"112","388de8be3e45539df54771fe45a1bd0f","Eukaryota","Opisthokonta","Metazoa","Mollusca","Polyplacophora","Polyplacophora_X",NA,NA,0.999205918
"113","38c99db41ec8ec0087c5b34d26e8d93f","Eukaryota","Rhizaria","Cercozoa","Endomyxa-Ascetosporea","Paradinida","Paradinidae","Paradinium","Paradinium_poucheti",0.998318236
"114","3904dd275d48e66fe4931f23fe4469ce","Eukaryota","Stramenopiles","Ochrophyta","Phaeophyceae","Phaeophyceae_X","Phaeophyceae_XX","Halothrix","Halothrix_ambigua",0.999997579
"115","391727626948265b78c7bbfd87a35065","Eukaryota","Stramenopiles","Ochrophyta","Bacillariophyta","Bacillariophyta_X","Polar-centric-Mediophyceae","Chaetoceros","Chaetoceros_debilis_2",1
"116","39af182baff9947e5b38210d50801bae","Eukaryota",NA,NA,NA,NA,NA,NA,NA,1
"117","3a831bb4267198dd3ad15f208ae1c21c","Eukaryota","Stramenopiles","Ochrophyta","Bacillariophyta","Bacillariophyta_X","Raphid-pennate","Pseudo-nitzschia","Pseudo-nitzschia_seriata",0.999432028
"118","3ac005340b31e7ae071b5ecb6eaac0bc","Eukaryota","Hacrobia","Telonemia","Telonemia_X","Telonemia_XX","Telonemia-Group-2","Telonema-Group-2","Telonema_antarcticum",0.999959284
"119","3af3acee1dd3cae58fd038bdab8178fc","Eukaryota",NA,NA,NA,NA,NA,NA,NA,1
"120","3afb83592c0f29a530258bb6bb398477","Eukaryota","Alveolata","Ciliophora","CONThreeP","CONThreeP_X","CONThreeP_XX","Askenasia","Askenasia_sp.",0.999048961
"121","3bf35d346922acaaae9c3c3d03c18694","Eukaryota","Rhizaria","Cercozoa","Filosa-Imbricatea","Thaumatomonadida","Thaumatomonadida_X","Thaumatomonadida_XX","Thaumatomonadida_XX_sp.",0.998957355
"122","3bf54e65e207dbe451f8cd9c17c39c1e","Eukaryota","Stramenopiles","Ochrophyta","Bacillariophyta","Bacillariophyta_X","Radial-centric-basal-Coscinodiscophyceae","Proboscia","Proboscia_alata",0.999999962
"123","3cbffa66a57b5dac847eb89897836ef3","Eukaryota","Opisthokonta","Metazoa","Arthropoda","Crustacea","Maxillopoda",NA,NA,0.999998077
"124","3cf6004f564447225ef216d427c7a420","Eukaryota","Stramenopiles","Ochrophyta","Pelagophyceae","Pelagomonadales","Pelagomonadaceae","Pelagomonas","Pelagomonas_calceolata",0.999998815
"125","3d7ebb29f4455d5732412e36be109b4e","Eukaryota","Excavata","Discoba","Euglenozoa","Diplonemea","Diplonemea_X","Diplonemea_XX","Diplonemea_XX_sp.",0.999999999
"126","3e2f0828db7f0f7225bfc69055761ed2","Eukaryota","Hacrobia","Haptophyta","Prymnesiophyceae",NA,NA,NA,NA,0.999997297
"127","3e645d5074fa911d1b02745c2c6fe92f","Eukaryota","Opisthokonta","Metazoa","Cnidaria","Cnidaria_X","Hydrozoa","Tiaropsidium","Tiaropsidium_kelseyi",0.993784343
"128","3e83caa0bad18fc38c1774853667a704","Eukaryota","Alveolata","Ciliophora","Cyclotrichium_like_organism","Cyclotrichium_like_organism_X","Cyclotrichium_like_organism_XX","Cyclotrichium",NA,0.99549528
"129","3edd8ce8df0c3a5958096d14865a7b75","Eukaryota","Stramenopiles","Opalozoa","MAST-3","MAST-3I","MAST-3I_X","MAST-3I_XX","MAST-3I_XX_sp.",0.999999033
"130","3f4fa5c6cdc240ba6046d664d416cfac","Eukaryota","Rhizaria","Radiolaria","Acantharea","Arthracanthida-Symphyacanthida","Arthracanthida-Symphyacanthida_X",NA,NA,0.999999925
"131","401a7e20c1b30a611aa036b4d2c05dc1","Eukaryota",NA,NA,NA,NA,NA,NA,NA,1
"132","40566d37c149eff88a243d278ddf991b","Eukaryota","Opisthokonta","Metazoa","Bryozoa","Bryozoa_X","Bryozoa_XX","Bowerbankia","Bowerbankia_imbricata",0.999754833
"133","40fa4eb705c005f6d09e15c8a72099b7","Eukaryota","Alveolata","Dinoflagellata","Syndiniales","Dino-Group-II","Dino-Group-II-Clade-5","Dino-Group-II-Clade-5_X","Dino-Group-II-Clade-5_X_sp.",0.99999895
"134","40ff38bc8875ef3828e89f565dce1eb8","Eukaryota","Stramenopiles","Ochrophyta","Bacillariophyta","Bacillariophyta_X",NA,NA,NA,0.994822777
"135","416032363dc019336f1a5b826af7760c","Eukaryota","Opisthokonta","Metazoa","Arthropoda","Crustacea","Maxillopoda",NA,NA,0.999961489
"136","417fc346bda3dd55caa6d6190814787b","Eukaryota","Rhizaria","Cercozoa","Filosa-Thecofilosea","Ventricleftida","Ventrifissuridae","Ventrifissuridae_X","Ventrifissuridae_X_sp.",0.99999999
"137","41b3ade9ca7ac288c582d81abaf10d0f","Eukaryota","Opisthokonta","Metazoa","Arthropoda","Crustacea","Maxillopoda",NA,NA,0.999978801
"138","41b8caf5edf602f15e91b5e3331acd12","Eukaryota","Stramenopiles","Opalozoa","MAST-12","MAST-12A","MAST-12A_X","MAST-12A_XX","MAST-12A_XX_sp.",0.999766844
"139","4201cdd72fc2c2e49ff01d241d4c0efc","Eukaryota","Stramenopiles","Opalozoa","MAST-3","MAST-3L","MAST-3L_X","MAST-3L_XX","MAST-3L_XX_sp.",0.999981262
"140","44c58c432afd298bdd893e9a58c699ee","Eukaryota","Stramenopiles","Ochrophyta","Phaeophyceae","Phaeophyceae_X","Phaeophyceae_XX",NA,NA,0.999999987
"141","45801ae357ce1657387be867c99a378a","Eukaryota","Rhizaria","Cercozoa","Chlorarachniophyceae","Chlorarachnida","Minorisa-lineage","Minorisa","Minorisa_minuta",0.998447083
"142","45817cc31820354df6d652f4d0ffb90d","Eukaryota","Rhizaria","Cercozoa","Filosa-Thecofilosea","Ventricleftida","CCW10-lineage","CCW10-lineage_X","CCW10-lineage_X_sp.",0.999999975
"143","465f97d4bfe0f66b18b7fea87d4d2b98","Eukaryota","Opisthokonta","Metazoa","Cnidaria","Cnidaria_X","Hydrozoa","Aegina","Aegina_citrea",0.999999993
"144","467605b39d8bb976b0cbfcf1cf42103a","Eukaryota",NA,NA,NA,NA,NA,NA,NA,1
"145","47a4a101262e28fa5d5edcf0556ffa08","Eukaryota","Alveolata","Ciliophora","Spirotrichea","Choreotrichida","Strobilidiidae_G","Strobilidiidae_G_X","Strobilidiidae_G_X_sp.",0.999999933
"146","4b5bca3b6783110bd9d8d96a826dcd02","Eukaryota",NA,NA,NA,NA,NA,NA,NA,1
"147","4c3810bf08542a7dee6bfb2e528231ba","Eukaryota","Stramenopiles","Ochrophyta","Bacillariophyta","Bacillariophyta_X",NA,NA,NA,0.974405664
"148","4ce6c349c2079daf672d3177e2ac1664","Eukaryota","Opisthokonta","Metazoa","Arthropoda","Crustacea","Maxillopoda",NA,NA,0.999998934
"149","4d549aa78de550d59084600c18a53387","Eukaryota","Rhizaria","Cercozoa",NA,NA,NA,NA,NA,0.987612304
"150","4d595157e1e5bd497240b4bbac4c0a0a","Eukaryota",NA,NA,NA,NA,NA,NA,NA,1
"151","4ef9220a936c1fa6fd30d6da31fd2301","Eukaryota",NA,NA,NA,NA,NA,NA,NA,1
"152","4f506fe17331e5c1007d4dba9a2ddde9","Eukaryota","Hacrobia","Picozoa","Picozoa_X","Picozoa_XX","Picozoa_XXX","Picozoa_XXXX","Picozoa_XXXX_sp.",0.999993731
"153","4f736a1346ce7a73fcf89ef2801acc3b","Eukaryota","Opisthokonta","Metazoa",NA,NA,NA,NA,NA,0.979046406
"154","50347d4c111a327d97e1cffdd3d6eb73","Eukaryota","Rhizaria","Radiolaria","Acantharea","Arthracanthida-Symphyacanthida","Arthracanthida-Symphyacanthida_X","Arthracanthida-Symphyacanthida_XX","Arthracanthida-Symphyacanthida_XX_sp.",0.999191401
"155","5144b6bafb2ad88c32040968a2f7d34a","Eukaryota","Opisthokonta","Metazoa","Arthropoda","Crustacea","Maxillopoda",NA,NA,0.999985139
"156","519fd0cb22c61795277b51630556680d","Eukaryota","Alveolata","Dinoflagellata","Syndiniales","Dino-Group-I","Dino-Group-I-Clade-1","Dino-Group-I-Clade-1_X","Dino-Group-I-Clade-1_X_sp.",0.999969958
"157","51cc4f533d3395c5b89a1c3e6f198b7b","Eukaryota","Archaeplastida","Chlorophyta","Ulvophyceae","Ulotrichales","Ulotrichales_X",NA,NA,0.999843898
"158","51e97668c528db3e68e281f0fb8908ae","Eukaryota","Opisthokonta","Metazoa","Annelida","Annelida_X","Annelida_XX","Kefersteinia","Kefersteinia_cirrata",0.99543508
"159","5260d917adbb8a94ec7b3d118abd3e8b","Eukaryota","Alveolata","Dinoflagellata","Syndiniales","Dino-Group-II","Dino-Group-II_X","Dino-Group-II-Clade-52_X","Dino-Group-II-Clade-52_X_sp.",0.993522941
"160","52b4bfab0ca3f05b0c454f1e5033423b","Eukaryota","Rhizaria","Radiolaria","RAD-C","RAD-C_X","RAD-C_XX","RAD-C_XXX","RAD-C_XXX_sp.",0.999998974
"161","5342397aafa5274e9778ae7f1cd1ca9e","Eukaryota","Opisthokonta","Choanoflagellida","Choanoflagellatea","Acanthoecida","Stephanoecidae_Group_H","Diaphanoeca","Diaphanoeca_grandis",0.979813733
"162","53b5f92fe82bf5266133b2fc0ddaa353","Eukaryota","Hacrobia","Telonemia","Telonemia_X","Telonemia_XX","Telonemia-Group-1","Telonemia-Group-1_X","Telonemia-Group-1_X_sp.",0.999999424
"163","544820e189d07115665482578c45a574","Eukaryota","Amoebozoa","Lobosa","Discosea-Flabellinia","Vannellida","Vannellidae","Vannella","Vannella_contorta",0.999372997
"164","5463aa9ded59a2ae18fc4272b2687b6e","Eukaryota",NA,NA,NA,NA,NA,NA,NA,1
"165","546d2bdd3677c2fc3cec7baccede1498","Eukaryota","Opisthokonta",NA,NA,NA,NA,NA,NA,0.999953076
"166","54ef2b0963ff373f267b063106df62d1","Eukaryota","Opisthokonta","Metazoa","Arthropoda","Crustacea","Maxillopoda","Maxillopoda_X","Maxillopoda_X_sp.",0.991163758
"167","54fddf33f866d95f9c223b0996631c10","Eukaryota","Alveolata","Dinoflagellata","Syndiniales","Dino-Group-II",NA,NA,NA,0.985761044
"168","561e57db2a19d10157a016d6a8626b7e","Eukaryota","Opisthokonta","Metazoa","Arthropoda","Crustacea","Maxillopoda",NA,NA,0.999978124
"169","563d8f19fb3d5306dd8cf987f8fe8fa5","Eukaryota","Opisthokonta","Choanoflagellida","Choanoflagellatea","Acanthoecida","Stephanoecidae_Group_H","Stephanoecidae_Group_H_X","Stephanoecidae_Group_H_X_sp.",0.999891256
"170","56867a9e3f3511cae2db77d6fd825f7b","Eukaryota","Archaeplastida","Chlorophyta","Ulvophyceae","Ulotrichales","Ulotrichales_X",NA,NA,0.999999985
"171","5773f5ff0d2e298ee4df705b7bad9045","Eukaryota","Rhizaria","Cercozoa","Filosa-Imbricatea","Thaumatomonadida","Thaumatomonadida_X","Thaumatomonadida_XX","Thaumatomonadida_XX_sp.",0.983765946
"172","58408a63a51bd2e6b3133dbc67e080f3","Eukaryota","Rhizaria","Radiolaria","Polycystinea","Nassellaria","Plagiacanthoidea","Lithomelissa","Lithomelissa_setosa",0.983223455
"173","58aa91996a1dfaae8f0d98c878748475","Eukaryota","Stramenopiles","Sagenista","MAST-7","MAST-7A","MAST-7A_X","MAST-7A_XX","MAST-7A_XX_sp.",0.999998042
"174","597ab0bf45db48083c3bb9620498766e","Eukaryota","Stramenopiles","Sagenista","MAST-8","MAST-8A","MAST-8A_X","MAST-8A_XX","MAST-8A_XX_sp.",0.999708835
"175","5a44086b50245721a96578d74f89964c","Eukaryota",NA,NA,NA,NA,NA,NA,NA,1
"176","5a5639171577dd55f2e5f6cfd98daebe","Eukaryota","Excavata","Discoba","Euglenozoa","Diplonemea","Diplonemea_X","Rhynchopus","Rhynchopus_sp.",0.986146947
"177","5abfefa37aee0cc7f1e25087e2e6d551","Eukaryota","Alveolata","Dinoflagellata","Dinophyceae",NA,NA,NA,NA,0.984963054
"178","5ae0cfb35fc4a89db375751d16aa4a4e","Eukaryota",NA,NA,NA,NA,NA,NA,NA,1
"179","5ba4dc773a87fc25e9ef5637c9185c58","Eukaryota","Opisthokonta","Metazoa","Arthropoda","Crustacea","Maxillopoda",NA,NA,0.999999839
"180","5bc5a5890710aeac78d8332198a0d93c","Eukaryota","Rhizaria","Cercozoa","Filosa-Thecofilosea","Ventricleftida","CCW10-lineage","CCW10-lineage_X","CCW10-lineage_X_sp.",0.99999994
"181","5c2ff629642d4be096da4c6995148959","Eukaryota","Alveolata","Dinoflagellata","Syndiniales","Dino-Group-II","Dino-Group-II-Clade-1","Dino-Group-II-Clade-1_X","Dino-Group-II-Clade-1_X_sp.",0.981317733
"182","5c31a630dda94ea98b4b6bc662b97197","Eukaryota","Hacrobia","Haptophyta","Prymnesiophyceae","Phaeocystales","Phaeocystaceae","Phaeocystis",NA,1
"183","5c5f856b8968cb18dbc523895e60b9e3","Eukaryota","Rhizaria","Cercozoa","Filosa-Thecofilosea","Filosa-Thecofilosea_X","Mataza-lineage","Mataza-lineage_X","Mataza-lineage_X_sp.",0.999999709
"184","5c9b1eea1403890d9c74564540359c2c","Eukaryota","Hacrobia","Cryptophyta","Cryptophyceae","Cryptomonadales","Cryptomonadales_X","Geminigera","Geminigera_cryophila",0.979413914
"185","5d3dd5a4b70c167cc1122611b232897d","Eukaryota","Opisthokonta","Metazoa","Annelida","Annelida_X","Annelida_XX","Neanthes","Neanthes_succinea",0.990837752
"186","5e6a8a421bdc3902b16335d1e5632293","Eukaryota","Opisthokonta","Fungi",NA,NA,NA,NA,NA,0.998883479
"187","5eb4531756d7e5428befaee21441302f","Eukaryota","Stramenopiles","Ochrophyta","Phaeophyceae","Phaeophyceae_X","Phaeophyceae_XX","Halothrix","Halothrix_ambigua",0.998988169
"188","5f970904ecb9d01e7474f98213e95db5","Eukaryota","Rhizaria","Foraminifera","Globothalamea","Rotaliida","Globorotaliidae","Neogloboquadrina","Neogloboquadrina_pachyderma",0.999999998
"189","5fca4782147122da48dba17677e43a9c","Eukaryota","Opisthokonta","Metazoa","Nematoda","Chromadorea","Chromadorea_X","Halomonhystera","Halomonhystera_disjuncta",0.999621578
"190","5ff74b380231a8f8d45bac0a6c85e2f2","Eukaryota","Rhizaria","Cercozoa","Filosa-Imbricatea","Thaumatomonadida","Thaumatomonadida_X","Thaumatomonadida_XX","Thaumatomonadida_XX_sp.",0.984196089
"191","600022e3781e0b5f69299eccf33477b7","Eukaryota","Stramenopiles","Ochrophyta","Bacillariophyta","Bacillariophyta_X","Polar-centric-Mediophyceae","Chaetoceros","Chaetoceros_socialis",0.999995699
"192","6062ad12e5f0e95cda67f26efaa3de44","Eukaryota","Stramenopiles","Ochrophyta","Bacillariophyta","Bacillariophyta_X","Raphid-pennate","Pleurosigma","Pleurosigma_intermedium",0.984557836
"193","6066e8427fbe726d0bf4382a80cd8717","Eukaryota","Archaeplastida","Chlorophyta","Chlorophyceae","Chlamydomonadales","Chlamydomonadales_X",NA,NA,0.999618977
"194","60fd3f0ecb1ce59efd4e85a4a5fa7917","Eukaryota","Stramenopiles","Ochrophyta","Bacillariophyta","Bacillariophyta_X","Polar-centric-Mediophyceae","Chaetoceros",NA,0.999999896
"195","610ce5bb3f1327c17fdd14440d44441c","Eukaryota",NA,NA,NA,NA,NA,NA,NA,1
"196","614f2ff9d005a41b23e12a7e95aa1ad6","Eukaryota","Opisthokonta","Metazoa","Arthropoda","Crustacea","Maxillopoda",NA,NA,0.999998193
"197","6153e3ad14e9d0c7c6dc08709ab46e11","Eukaryota","Opisthokonta","Metazoa","Echinodermata","Echinodermata_X","Echinodermata_XX",NA,NA,0.999999992
"198","638c0772f165f7095a68bdcd073ec78f","Eukaryota","Alveolata","Ciliophora","Spirotrichea","Strombidiida_B","Strombidiida_B_X","Strombidiida_B_XX","Strombidiida_B_XX_sp.",0.999206111
"199","63e6c74b3d8a13ef0e25d7f5eff0648b","Eukaryota",NA,NA,NA,NA,NA,NA,NA,1
"200","641045505118bdfe01d6add91bcc032c","Eukaryota","Hacrobia","Telonemia","Telonemia_X","Telonemia_XX","Telonemia-Group-2","Telonema-Group-2","Telonema_antarcticum",0.999999982
"201","642e592d0634e0aedd26cfc5f5759c6b","Eukaryota","Opisthokonta",NA,NA,NA,NA,NA,NA,0.973914637
"202","662a617f19de5c30504d764c99d82fcf","Eukaryota",NA,NA,NA,NA,NA,NA,NA,1
"203","66bba99e0cacef06b88582d289ba5542","Eukaryota",NA,NA,NA,NA,NA,NA,NA,1
"204","66f03f1470f38d4950e49210933bfa14","Eukaryota","Excavata","Discoba","Euglenozoa","Diplonemea","DSPD-1","DSPD-1_X","DSPD-1_X_sp.",0.999998301
"205","670b5ab85861846734bbf6a7556d7f19","Eukaryota","Stramenopiles","Ochrophyta","Bacillariophyta","Bacillariophyta_X","Polar-centric-Mediophyceae","Hemiaulus","Hemiaulus_sinensis",0.999627353
"206","670dc3438671b9f29a5f87de5aa2a2ce","Eukaryota","Archaeplastida","Chlorophyta","Ulvophyceae","Ulotrichales","Ulotrichales_X","Ulothrix","Ulothrix_sp.",0.974488424
"207","6772639f5b16eac83a242ce4e1c21fec","Eukaryota","Opisthokonta","Metazoa","Arthropoda","Crustacea","Maxillopoda",NA,NA,0.999666702
"208","680dbc6ebe350cbadbe22c34ca3bd4d0","Eukaryota","Opisthokonta","Metazoa","Arthropoda","Crustacea","Maxillopoda",NA,NA,0.999809777
"209","6908faff05c93e629920739703200da7","Eukaryota","Alveolata","Dinoflagellata","Syndiniales","Dino-Group-II","Dino-Group-II-Clade-14","Dino-Group-II-Clade-14_X","Dino-Group-II-Clade-14_X_sp.",0.999915931
"210","6a146c7e77d1a4404314e450166bc847","Eukaryota",NA,NA,NA,NA,NA,NA,NA,1
"211","6aa6cb9829c1616cc84d2e54c70919dc","Eukaryota","Alveolata","Dinoflagellata","Dinophyceae",NA,NA,NA,NA,0.999752462
"212","6ae399afbb3813dbd1307e37627ccbba","Eukaryota","Amoebozoa","Conosa","Variosea","Variosea_X","Mariager-Fjord-lineage","Mariager-Fjord-lineage_X","Mariager-Fjord-lineage_X_sp.",0.986120959
"213","6bc1c829dd15cf518cbb87ff842a52c3","Eukaryota","Alveolata","Dinoflagellata","Dinophyceae",NA,NA,NA,NA,0.997553069
"214","6c1b0238f80f9f02f4a2a7397f874d58","Eukaryota","Stramenopiles","Ochrophyta","Bacillariophyta","Bacillariophyta_X","Polar-centric-Mediophyceae","Chaetoceros","Chaetoceros_rostratus",0.999851237
"215","6c88cfa5b65d796cb3d611bffe028b20","Eukaryota","Stramenopiles","Ochrophyta","Dictyochophyceae","Dictyochophyceae_X","Pedinellales","Pteridomonas","Pteridomonas_danica",0.99987729
"216","6cf6b98bda4ca05d3cd32d85a58ee261","Eukaryota","Stramenopiles","Ochrophyta","Bacillariophyta","Bacillariophyta_X",NA,NA,NA,0.999309224
"217","6d7192a47a8f7d8707323485812f270d","Eukaryota","Stramenopiles","Ochrophyta","Bacillariophyta","Bacillariophyta_X","Polar-centric-Mediophyceae","Eucampia",NA,0.999862345
"218","6e44a80506e534a2fa8878dfd567b0e4","Eukaryota","Opisthokonta","Fungi","Ascomycota","Taphrinomycotina","Schizosaccharomycetes","Schizosaccharomyces","Schizosaccharomyces_pombe",0.999999993
"219","6ef78184ad886431913bfb1e0eb086b3","Eukaryota",NA,NA,NA,NA,NA,NA,NA,1
"220","6f34ed1e09c4e2f80f0dde33b298036f","Eukaryota","Opisthokonta","Metazoa","Annelida","Annelida_X","Annelida_XX","Paramphinome","Paramphinome_jeffreysii",0.999808181
"221","6fc96a1dfd76b4ae0d6113a02797e743","Eukaryota","Opisthokonta","Metazoa","Arthropoda","Crustacea","Maxillopoda",NA,NA,0.999999192
"222","70043e78389d3919fa53402cf5df9d64","Eukaryota","Rhizaria","Radiolaria","RAD-C","RAD-C_X","RAD-C_XX","RAD-C_XXX","RAD-C_XXX_sp.",0.999998901
"223","70d48a15da38bb1f556e1b22d0ae657b","Eukaryota",NA,NA,NA,NA,NA,NA,NA,1
"224","7246789ea563365ed59893e3d878fd28","Eukaryota","Alveolata",NA,NA,NA,NA,NA,NA,0.972998975
"225","72eabf7f6664a7b326aa5b891c05a9f4","Eukaryota",NA,NA,NA,NA,NA,NA,NA,1
"226","7320df9c546785b6414a63a3c3670820","Eukaryota","Alveolata","Dinoflagellata","Dinophyceae",NA,NA,NA,NA,0.999220818
"227","734275c398ea1ddcd94ca6ea10d3b7fe","Eukaryota","Opisthokonta","Metazoa","Arthropoda","Crustacea","Maxillopoda","Tisbe","Tisbe_sp.",0.993920449
"228","7363802588ab6684e292d5663158a629","Eukaryota","Stramenopiles","Pseudofungi","MAST-1","MAST-1C","MAST-1C_X","MAST-1C_XX","MAST-1C_XX_sp.",0.999999996
"229","7366c18b17ea547ca61743476fc828cc","Eukaryota","Archaeplastida","Chlorophyta","Ulvophyceae","Ulotrichales","Ulotrichales_X",NA,NA,0.999999817
"230","73addf2cb4385f9ed8f758a78b6f66ca","Eukaryota","Hacrobia","Haptophyta","Prymnesiophyceae","Phaeocystales","Phaeocystaceae","Phaeocystis","Phaeocystis_sp.",0.978061102
"231","740b1bd9cabbf19f5352b48d17945e51","Eukaryota","Stramenopiles","Ochrophyta","Bacillariophyta","Bacillariophyta_X","Polar-centric-Mediophyceae","Attheya","Attheya_longicornis",0.976345218
"232","74254e324deaa59843d73de994a229c1","Eukaryota","Rhizaria","Cercozoa","Filosa-Thecofilosea","Ventricleftida","CCW10-lineage","CCW10-lineage_X","CCW10-lineage_X_sp.",1
"233","746447247cb46122919fb970df268618","Eukaryota","Rhizaria","Cercozoa","Filosa-Thecofilosea","Cryomonadida","Cryothecomonas-lineage","Cryothecomonas","Cryothecomonas_aestivalis",0.970924157
"234","74f3ad154a12200103acc8f884c13f8e","Eukaryota","Opisthokonta","Fungi","Basidiomycota","Agaricomycotina","Tremellomycetes","Cryptococcus",NA,0.983655438
"235","762aa03a2e96aa4466f1ea08b47e17cd","Eukaryota","Archaeplastida","Chlorophyta","Ulvophyceae","Ulotrichales","Ulotrichales_X","Capsosiphon","Capsosiphon_groenlandicus",0.999910603
"236","76372242a8f805151d17eaf79d566878","Eukaryota","Rhizaria","Cercozoa","Phaeodarea","Phaeogromida","Challengeriidae","Challengeron","Challengeron_diodon",0.999991962
"237","765199f129a1afb287fcb534613c8485","Eukaryota","Excavata","Discoba","Euglenozoa","Diplonemea","Diplonemida","Diplonema","Diplonema_papillatum",0.984324989
"238","77809d3db596ae5f844f4d6b56764dd7","Eukaryota","Stramenopiles","Opalozoa","MAST-3","MAST-3E","MAST-3E_X","MAST-3E_XX","MAST-3E_XX_sp.",0.999998804
"239","778e635a814cdff0107765c83b514a08","Eukaryota","Alveolata","Dinoflagellata","Syndiniales","Dino-Group-II","Dino-Group-II-Clade-13","Dino-Group-II-Clade-13_X","Dino-Group-II-Clade-13_X_sp.",0.999999986
"240","780af0863c4827a6e36448b70a12b788","Eukaryota","Opisthokonta","Metazoa","Cnidaria","Cnidaria_X","Hydrozoa","Pantachogon","Pantachogon_haeckeli",0.999999971
"241","78c875089926e7c4b031dacb9e3a9521","Eukaryota","Rhizaria","Cercozoa","Filosa-Imbricatea","Euglyphida",NA,NA,NA,0.998457373
"242","78de5c7fa1624bbf2764ef0cd4a4f63d","Eukaryota","Alveolata","Dinoflagellata","Dinophyceae",NA,NA,NA,NA,0.999923565
"243","79566ea3740fbcdff2c6940e206316ed","Eukaryota",NA,NA,NA,NA,NA,NA,NA,1
"244","7a61ce8e2a935383c1a915ec9109e79c","Eukaryota","Opisthokonta",NA,NA,NA,NA,NA,NA,0.998809071
"245","7b103d31d93ea33b381d741855acb04d","Eukaryota","Stramenopiles","Ochrophyta","Bacillariophyta","Bacillariophyta_X","Raphid-pennate",NA,NA,0.997136739
"246","7bacd47b9438c9f615eb4d1f8c7ff1fc","Eukaryota","Opisthokonta","Metazoa","Arthropoda","Crustacea","Maxillopoda",NA,NA,0.999960516
"247","7c23ff924da950733ad83f6f0058705f","Eukaryota","Opisthokonta","Choanoflagellida","Choanoflagellatea","Acanthoecida","Stephanoecidae_Group_D","Stephanoecidae_Group_D_X","Stephanoecidae_Group_D_X_sp.",0.998339191
"248","7d34abb77c8b7acadccf300ade337fe6","Eukaryota",NA,NA,NA,NA,NA,NA,NA,1
"249","7d3e6ba020c4dc52f123e0d3214d501e","Eukaryota","Stramenopiles","Ochrophyta","Bacillariophyta","Bacillariophyta_X","Radial-centric-basal-Coscinodiscophyceae","Paralia","Paralia_sol",0.999999999
"250","7d542bd601c29eb76ce45e07edc4e423","Eukaryota","Hacrobia","Telonemia","Telonemia_X","Telonemia_XX","Telonemia-Group-1","Telonemia-Group-1_X","Telonemia-Group-1_X_sp.",0.999991674
"251","7d5ebdc08ee80413f965e9b57df59403","Eukaryota","Alveolata","Dinoflagellata","Dinophyceae",NA,NA,NA,NA,0.995403962
"252","7e01ce00a1ce124ce52109966b4f2bc5","Eukaryota",NA,NA,NA,NA,NA,NA,NA,1
"253","7ea9112a0ae1fe52bcef0837275f72f4","Eukaryota","Hacrobia","Telonemia","Telonemia_X","Telonemia_XX","Telonemia-Group-1","Telonemia-Group-1_X","Telonemia-Group-1_X_sp.",1
"254","7eac0bbb25473d232f425706a2846222","Eukaryota","Stramenopiles","Ochrophyta","Dictyochophyceae","Dictyochophyceae_X",NA,NA,NA,0.98741737
"255","7f82c70ee1a7856698efd4bb1ccc9a44","Eukaryota","Opisthokonta","Metazoa","Arthropoda","Crustacea","Maxillopoda",NA,NA,0.999986397
"256","803331db243b173696d04a61b206007d","Eukaryota","Alveolata","Dinoflagellata","Syndiniales","Dino-Group-II","Dino-Group-II-Clade-10-and-11","Dino-Group-II-Clade-10-and-11_X","Dino-Group-II-Clade-10-and-11_X_sp.",0.989418165
"257","808d64d4719baf1001af1eb1f56d233f","Eukaryota","Stramenopiles","Ochrophyta","Bacillariophyta","Bacillariophyta_X",NA,NA,NA,0.991309412
"258","80d5dbf5154b7a06033567ea7d01f690","Eukaryota","Archaeplastida","Rhodophyta","Florideophyceae",NA,NA,NA,NA,0.999954921
"259","80f6c81582b3c25855a7edd7f8b25ebc","Eukaryota","Alveolata","Ciliophora","Spirotrichea","Tintinnida","Ptychocylididae","Cymatocylis",NA,0.994079458
"260","81274f7b8ebf9ddd9712e51ff0073a6e","Eukaryota","Opisthokonta","Metazoa","Arthropoda","Crustacea","Maxillopoda",NA,NA,0.999646072
"261","81844926572bcea501a51a1615307a9c","Eukaryota","Rhizaria","Cercozoa","Filosa-Imbricatea","Marimonadida","Marimonadida_X","Pseudopirsonia","Pseudopirsonia_mucosa",0.999999997
"262","8223340011183c3118fa720124e87236","Eukaryota","Opisthokonta","Metazoa",NA,NA,NA,NA,NA,0.99988929
"263","8237b189738e7184b3c9eb95c8b4cc02","Eukaryota","Stramenopiles","Ochrophyta","Chrysophyceae","Chrysophyceae_X","Chrysophyceae_Clade-F","Chrysophyceae_Clade-F_X","Chrysophyceae_Clade-F_X_sp.",0.999273572
"264","82a2a61db105bf8033eeaacffa77f7b8","Eukaryota","Opisthokonta","Metazoa","Arthropoda","Crustacea","Ostracoda","Conchoecia","Conchoecia_sp.",0.999999692
"265","83c785b1893a479c9f7a2b65182cb990","Eukaryota","Alveolata","Dinoflagellata","Dinophyceae","Gymnodiniales","Gymnodiniaceae",NA,NA,0.97937711
"266","83f932d82800a4be9af1091dea019c8f","Eukaryota","Opisthokonta","Fungi",NA,NA,NA,NA,NA,0.975788987
"267","8401362d818fb0bdf37275c6f04abb49","Eukaryota","Stramenopiles","Pseudofungi","MAST-1","MAST-1C","MAST-1C_X","MAST-1C_XX","MAST-1C_XX_sp.",0.999999848
"268","8547eb717b9e6d7f9e84e2b4866653e8","Eukaryota","Opisthokonta","Metazoa","Mollusca","Bivalvia","Mytiloida","Mytilus",NA,0.999999984
"269","86358750d61d9b9d7c4f3b2f48c17b74","Eukaryota","Opisthokonta","Metazoa",NA,NA,NA,NA,NA,0.99984625
"270","872e1cc5f1d7730b22254c33214a5ea3","Eukaryota","Rhizaria","Radiolaria","Polycystinea","Nassellaria","Plagiacanthoidea","Lithomelissa",NA,0.999708659
"271","882b4169451563123f8b4416e420aa6d","Eukaryota","Excavata","Discoba","Euglenozoa","Diplonemea","Diplonemida","Diplonema","Diplonema_sp.",0.999651523
"272","883e0c274a77288e485ff19fec1247b4","Eukaryota","Opisthokonta","Metazoa","Arthropoda","Crustacea","Maxillopoda",NA,NA,0.99514913
"273","88b95fb8a468016b87bfc27239a59ef3","Eukaryota","Rhizaria","Cercozoa","Filosa-Imbricatea","Thaumatomonadida","Thaumatomonadida_X","Thaumatomonadida_XX","Thaumatomonadida_XX_sp.",0.999919231
"274","88c35935a7a15afa0eb718683348cb8a","Eukaryota","Excavata","Discoba","Euglenozoa","Diplonemea","Diplonemea_X","Diplonemea_XX","Diplonemea_XX_sp.",0.999999995
"275","89872b75f32e08c4d9a96fa75799f175","Eukaryota","Rhizaria","Cercozoa","Endomyxa-Ascetosporea","Paradinida","Paradinidae","Paradinium","Paradinium_poucheti",0.995108325
"276","8995cdf2e0db81a902c204da52f2be06","Eukaryota","Opisthokonta","Metazoa","Annelida","Annelida_X","Annelida_XX",NA,NA,0.988481232
"277","8a8c312df797fc7f5888852683c8ecc2","Eukaryota","Alveolata","Dinoflagellata","Syndiniales","Dino-Group-I","Dino-Group-I-Clade-1","Dino-Group-I-Clade-1_X","Dino-Group-I-Clade-1_X_sp.",0.999997786
"278","8ab2ee1499818eae81ff4a693b5b6c2e","Eukaryota","Archaeplastida","Streptophyta","Embryophyceae","Embryophyceae_X","Embryophyceae_XX",NA,NA,1
"279","8c1c704dc6c77cb824337a1792625070","Eukaryota","Opisthokonta","Metazoa","Arthropoda","Crustacea","Maxillopoda",NA,NA,0.999961331
"280","8cd0ac1597f657c6a77799fb64e0fb6d","Eukaryota","Stramenopiles","Ochrophyta","Bacillariophyta","Bacillariophyta_X","Araphid-pennate",NA,NA,0.995719517
"281","8da3866036d9646944107af9cc7b4e8e","Eukaryota","Rhizaria","Cercozoa","Chlorarachniophyceae","Chlorarachnida","Minorisa-lineage","Minorisa","Minorisa_minuta",0.998447245
"282","8dd53bf52bde7cf659e8e2deb41e2e0e","Eukaryota","Opisthokonta","Fungi","Ascomycota","Saccharomycotina","Saccharomycetales","Pichia",NA,0.999954721
"283","8ddbda77cb1ff1fad72eaa3ea22dec48","Eukaryota","Stramenopiles","Ochrophyta","Chrysophyceae","Chrysophyceae_X","Chrysophyceae_Clade-C",NA,NA,0.976919505
"284","8defbc1787aea72baada363e9c90f012","Eukaryota","Opisthokonta","Choanoflagellida",NA,NA,NA,NA,NA,1
"285","8e587eec0422cc5e9c03849b79bcbfb6","Eukaryota","Stramenopiles","Ochrophyta","Bacillariophyta","Bacillariophyta_X","Radial-centric-basal-Coscinodiscophyceae","Corethron","Corethron_inerme",0.999999798
"286","8ece77abd5a5b1d44f7cca5093cdcd8f","Eukaryota","Stramenopiles","Ochrophyta","Dictyochophyceae","Dictyochophyceae_X","Pedinellales","Pedinellales_X","Pedinellales_X_sp.",0.999965709
"287","8f09959314a1bfdec8ddcaa091aa8ee7","Eukaryota","Opisthokonta","Metazoa","Arthropoda","Crustacea","Maxillopoda",NA,NA,0.999988934
"288","90011b408639e6a91ce402323e018e51","Eukaryota","Archaeplastida","Chlorophyta","Pyramimonadophyceae","Pyramimonadales",NA,NA,NA,0.999854274
"289","904554abb92367288a2a7d897d605631","Eukaryota","Opisthokonta","Metazoa","Echinodermata","Echinodermata_X","Echinodermata_XX",NA,NA,0.999994798
"290","904b8933ef1bcbd764ee41869512d3f6","Eukaryota","Opisthokonta","Fungi",NA,NA,NA,NA,NA,0.980749759
"291","92bc1cd37d824e30fbde7d2f3253c978","Eukaryota","Alveolata","Ciliophora","Spirotrichea","Strombidiida","Tontoniidae_A","Spirotontonia","Spirotontonia_sp.",0.987782184
"292","936bd9a9455f9f98f6cc0df713e196a0","Eukaryota",NA,NA,NA,NA,NA,NA,NA,1
"293","9443d7d95a9ad302a0d737590546db67","Eukaryota","Opisthokonta","Metazoa","Arthropoda","Crustacea","Maxillopoda",NA,NA,0.999998619
"294","94a4e14cf3135791bfd95213800f4bf5","Eukaryota",NA,NA,NA,NA,NA,NA,NA,1
"295","94f5518b0cbc35139fd3748d79a7953c","Eukaryota","Alveolata","Dinoflagellata","Syndiniales","Dino-Group-II",NA,NA,NA,0.996582746
"296","95c2ebf2bba826a6a8f51cc3b8384141","Eukaryota","Alveolata","Dinoflagellata","Syndiniales","Dino-Group-II","Dino-Group-II-Clade-3","Dino-Group-II-Clade-3_X","Dino-Group-II-Clade-3_X_sp.",0.999791066
"297","95eaf473a22d581780199796d8b74feb","Eukaryota","Opisthokonta",NA,NA,NA,NA,NA,NA,0.99879362
"298","966591b7e23007c5ca0c592ac00c491d","Eukaryota",NA,NA,NA,NA,NA,NA,NA,1
"299","96b1ac74996df4107aefc8d6468325bf","Eukaryota","Opisthokonta","Metazoa","Nematoda","Enoplea","Enoplea_X","Bathylaimus","Bathylaimus_assimilis",0.999999981
"300","971e09118518655984684c09d81958ee","Eukaryota","Opisthokonta","Metazoa","Rotifera","Rotifera_X","Rotifera_XX","Adineta","Adineta_vaga",0.984889314
"301","978233af12bff1db74ba430a4d125222","Eukaryota","Opisthokonta","Metazoa","Cnidaria","Cnidaria_X","Hydrozoa",NA,NA,0.999632513
"302","97a6fa6d4000250fcf176aa408380162","Eukaryota","Opisthokonta","Metazoa","Arthropoda","Crustacea","Maxillopoda",NA,NA,0.999730337
"303","97e949ce35a6b482a5e58f94f2514ffb","Eukaryota","Opisthokonta","Metazoa","Annelida","Annelida_X","Annelida_XX","Nephtys",NA,0.999279279
"304","9832ed142c35be208092b2621ad04ed8","Eukaryota","Stramenopiles","Pseudofungi","MAST-1","MAST-1C","MAST-1C_X","MAST-1C_XX","MAST-1C_XX_sp.",1
"305","98bf2d7041cf2f5eea8d42dafff639c6","Eukaryota","Opisthokonta","Metazoa","Arthropoda","Crustacea","Maxillopoda",NA,NA,0.999999516
"306","99908150190e7240004004cdd7c6918f","Eukaryota",NA,NA,NA,NA,NA,NA,NA,1
"307","9991af738b78e5b6a1a7e69ca307c583","Eukaryota","Stramenopiles","Ochrophyta","Bacillariophyta","Bacillariophyta_X",NA,NA,NA,0.999118512
"308","9a875d04aa7a45a4f14a2b0a7a696666","Eukaryota","Stramenopiles","Ochrophyta","Bacillariophyta","Bacillariophyta_X","Araphid-pennate",NA,NA,0.992886221
"309","9b5a51f47e57aa1894b5ea472fd8c7a1","Eukaryota","Opisthokonta","Metazoa","Mollusca","Gastropoda","Patellogastropoda","Nacella","Nacella_magellanica",0.994840276
"310","9d2399ccdb516399b8317642da5e3d93","Eukaryota","Rhizaria","Cercozoa","Filosa-Thecofilosea","Ventricleftida","CCW10-lineage","CCW10-lineage_X","CCW10-lineage_X_sp.",1
"311","9dfc0996b6ee15d33d6c00deb845de68","Eukaryota","Opisthokonta","Metazoa","Mollusca","Cephalopoda","Cephalopoda_X",NA,NA,0.999999996
"312","9e3f4a812f06a5550e1c0cf6668665d4","Eukaryota","Opisthokonta","Fungi",NA,NA,NA,NA,NA,0.980985607
"313","9e4de441f755784a83b9082bf0e27867","Eukaryota","Stramenopiles","Ochrophyta","Bacillariophyta","Bacillariophyta_X","Polar-centric-Mediophyceae","Porosira",NA,0.999999986
"314","9e7a8e3d47eea9cc00bdc6d03d985c9e","Eukaryota","Alveolata","Dinoflagellata","Dinophyceae",NA,NA,NA,NA,0.990533873
"315","9f060d5b77a8cb097efd288c2ef0d049","Eukaryota","Rhizaria","Cercozoa","Filosa-Imbricatea","Thaumatomonadida","Thaumatomonadidae","Thaumatomonas","Thaumatomonas_sp.",0.999934447
"316","9f1991a9a45dc5f00a325e2f07737a3c","Eukaryota","Rhizaria","Radiolaria","RAD-C","RAD-C_X","RAD-C_XX","RAD-C_XXX","RAD-C_XXX_sp.",0.999996696
"317","9fcae303e30258b8b4749676f9f5f793","Eukaryota","Alveolata","Dinoflagellata","Dinophyceae","Gymnodiniales","Gymnodiniaceae","Gyrodinium","Gyrodinium_dominans",0.979911441
"318","9fdec3826eec70741a2d372aaf057983","Eukaryota","Opisthokonta","Fungi","Ascomycota","Pezizomycotina","Leotiomycetes",NA,NA,0.999999999
"319","a04e7a7445c76d3e967c0adb48cd1a49","Eukaryota","Hacrobia","Centroheliozoa","Centroheliozoa_X",NA,NA,NA,NA,0.998867115
"320","a0d5cb17bf527cfffa63eb35aa38d2a3","Eukaryota","Opisthokonta","Metazoa","Arthropoda","Crustacea","Maxillopoda",NA,NA,0.995043048
"321","a0d9fcd9c6670b79a95025952c793560","Eukaryota","Opisthokonta","Metazoa","Arthropoda","Crustacea","Maxillopoda",NA,NA,0.999722883
"322","a1a596331713ec258809226f6c144d9c","Eukaryota","Stramenopiles","Ochrophyta","Bacillariophyta","Bacillariophyta_X","Raphid-pennate",NA,NA,0.991548049
"323","a1f54d759b08f0d60b1cc3b2df7347a7","Eukaryota","Alveolata","Ciliophora","CONThreeP","CONThreeP_X","Urotrichidae","Urotricha","Urotricha_sp.",0.999740904
"324","a22b030231aee94cb398d2c9c0f7e634","Eukaryota","Opisthokonta","Metazoa",NA,NA,NA,NA,NA,0.999006994
"325","a2561702fd0efaae1765659b3da17187","Eukaryota","Rhizaria","Radiolaria","RAD-B","RAD-B_X","RAD-B-Group-I","RAD-B-Group-I_X","RAD-B-Group-I_X_sp.",0.999977063
"326","a29592a7c25c11b2e86f6b0f659ca277","Eukaryota","Hacrobia","Haptophyta","Prymnesiophyceae","Prymnesiales","Prymnesiophyceae_Clade_B3","Prymnesiophyceae_Clade_B3_X","Prymnesiophyceae_Clade_B3_X_sp.",0.999992775
"327","a4b1d689cd473e003c22a89212d640cb","Eukaryota","Opisthokonta","Metazoa","Arthropoda","Crustacea","Maxillopoda","Maxillopoda_X","Maxillopoda_X_sp.",0.992514117
"328","a53c2c3ecdfd3caeddd9d0958d05ddbb","Eukaryota","Excavata","Discoba","Euglenozoa","Diplonemea","Diplonemea_X","Diplonemea_XX","Diplonemea_XX_sp.",0.999999997
"329","a57841d8e1c478109851ae79a648c5d1","Eukaryota","Opisthokonta","Metazoa","Annelida","Annelida_X","Annelida_XX","Terebellides","Terebellides_stroemii",0.996902931
"330","a6b47be442febb3ca7e887b8aeb79ea3","Eukaryota","Stramenopiles","Ochrophyta","Bacillariophyta","Bacillariophyta_X","Radial-centric-basal-Coscinodiscophyceae","Stellarima","Stellarima_microtrias",0.999997905
"331","a6f240613127ef796bb753bea88120de","Eukaryota","Archaeplastida","Streptophyta","Embryophyceae","Embryophyceae_X","Embryophyceae_XX",NA,NA,0.999999393
"332","a73b1a2067de2c392c3caeac608454b8","Eukaryota","Rhizaria","Radiolaria","Acantharea","Acantharea-Group-II","Acantharea-Group-II_X","Acantharea-Group-II_XX","Acantharea-Group-II_XX_sp.",1
"333","a742b98e12836b5cb1d1534da0764fbe","Eukaryota","Stramenopiles","Sagenista","Labyrinthulomycetes","Thraustochytriales","Thraustochytriaceae","Thraustochytrium",NA,0.971402299
"334","a90bfba87fdb6c6c751ec7f87b2a8ce4","Eukaryota","Alveolata","Ciliophora","Spirotrichea",NA,NA,NA,NA,0.999999696
"335","a9e930a6aa345269380b199328a4a41a","Eukaryota","Alveolata","Dinoflagellata","Dinophyceae","Peridiniales","Protoperidiniaceae","Protoperidinium","Protoperidinium_sp.",0.999998781
"336","aa207e73cf6f7417761a46c8c1014a61","Eukaryota","Rhizaria","Cercozoa","Filosa-Thecofilosea","Cryomonadida","Cryomonadida_X","Cryomonadida_XX","Cryomonadida_XX_sp.",0.999921961
"337","aa82be787a6adca34f2711499cf63b44","Eukaryota","Opisthokonta","Metazoa","Bryozoa","Bryozoa_X","Bryozoa_XX",NA,NA,0.999999985
"338","aad4affe544fd6c46eecb3f3a5be8832","Eukaryota","Opisthokonta","Metazoa","Annelida","Annelida_X","Annelida_XX",NA,NA,0.999999992
"339","ab12af516090f91093b54999fe242a00","Eukaryota","Opisthokonta","Fungi","Ascomycota","Saccharomycotina","Saccharomycetales","Galactomyces","Galactomyces_geotrichum",0.99999762
"340","ab432ec1007e588e500e8fdb6fdb146f","Eukaryota",NA,NA,NA,NA,NA,NA,NA,1
"341","abb9ece94b30acdb9e617f4af5ae7266","Eukaryota","Alveolata","Dinoflagellata","Syndiniales","Dino-Group-II","Dino-Group-II-Clade-28","Dino-Group-II-Clade-28_X","Dino-Group-II-Clade-28_X_sp.",0.999568311
"342","ac0bc64c271eef71aa57bb3d5f6cb305","Eukaryota","Opisthokonta","Metazoa","Craniata","Craniata_X",NA,NA,NA,1
"343","acc1ac59fbb8f16f0e7eb043e3770030","Eukaryota","Opisthokonta",NA,NA,NA,NA,NA,NA,0.973714258
"344","ad0bae1326bdeee0de7857f4cd225c75","Eukaryota","Rhizaria","Cercozoa","Filosa-Thecofilosea","Ventricleftida","Ventricleftida_X","Ventricleftida_XX","Ventricleftida_XX_sp.",0.999999988
"345","ae99a9ed5757e78e54b1b4798fca2b8a","Eukaryota","Rhizaria","Radiolaria","RAD-B","RAD-B_X","RAD-B-Group-III","RAD-B-Group-III_X","RAD-B-Group-III_X_sp.",1
"346","aeeb2cdd1169a0a346dac345698ff34d","Eukaryota","Rhizaria","Radiolaria","Polycystinea","Nassellaria",NA,NA,NA,0.999978109
"347","af61dae88a4721f4de3fdf2ced6204e9","Eukaryota","Opisthokonta","Metazoa","Annelida","Annelida_X","Annelida_XX",NA,NA,0.999986936
"348","b0fac2cb5c83e086a6080a824e079580","Eukaryota","Alveolata","Dinoflagellata","Syndiniales","Dino-Group-I","Dino-Group-I-Clade-1","Dino-Group-I-Clade-1_X","Dino-Group-I-Clade-1_X_sp.",0.999980377
"349","b302cfb795055d942f1154076c021220","Eukaryota",NA,NA,NA,NA,NA,NA,NA,1
"350","b35e10d1213a6e22b552166eed78bcd2","Eukaryota","Alveolata","Dinoflagellata","Syndiniales","Dino-Group-I","Dino-Group-I-Clade-1","Dino-Group-I-Clade-1_X","Dino-Group-I-Clade-1_X_sp.",0.999999865
"351","b3a18f86dc4f8cf91b33dfc808c3545d","Eukaryota","Alveolata","Dinoflagellata","Syndiniales","Dino-Group-II","Dino-Group-II-Clade-5","Dino-Group-II-Clade-5_X","Dino-Group-II-Clade-5_X_sp.",0.982528554
"352","b42a2b4bef62a3022b59c81979b47726","Eukaryota","Opisthokonta","Metazoa","Arthropoda","Crustacea","Maxillopoda",NA,NA,0.995203359
"353","b478bd821bab18cc3f2790f8331b54b7","Eukaryota",NA,NA,NA,NA,NA,NA,NA,1
"354","b4d48545a48bfb2b40d746c6c681b78a","Eukaryota","Opisthokonta","Metazoa","Gastrotricha","Gastrotricha_X","Gastrotricha_XX",NA,NA,0.987760747
"355","b4d9f22fdf4202d477f8311f0170a9c4","Eukaryota","Stramenopiles","Ochrophyta","Chrysophyceae","Chrysophyceae_X","Chrysophyceae_XX","Chrysophyceae_XXX","Chrysophyceae_XXX_sp.",0.999999301
"356","b4f57b2930914d3b0a1f11b6ced6110b","Eukaryota","Opisthokonta","Metazoa","Nemertea","Nemertea_X","Nemertea_XX","Lineus","Lineus_sp.",0.994755827
"357","b5b37740b7177b5fd5b9d4aea8d9a52a","Eukaryota","Opisthokonta","Metazoa","Arthropoda","Crustacea","Malacostraca","Thysanoessa",NA,0.99511131
"358","b6ddaf7ccd0d76535bb9a8b2784e71a2","Eukaryota","Opisthokonta","Fungi",NA,NA,NA,NA,NA,0.984157795
"359","b708f64b3a864f1934a98c09a7f50d8a","Eukaryota","Opisthokonta","Metazoa","Arthropoda","Crustacea","Maxillopoda",NA,NA,0.995562781
"360","b73322cd72f9600b3598fb20386df7d4","Eukaryota",NA,NA,NA,NA,NA,NA,NA,1
"361","b77ff394f17aa060dce48f2f3f84aa79","Eukaryota","Alveolata","Dinoflagellata","Dinophyceae",NA,NA,NA,NA,0.999601968
"362","b833085614ef69819226e7183aaf01a1","Eukaryota","Stramenopiles","Ochrophyta","Bacillariophyta","Bacillariophyta_X","Polar-centric-Mediophyceae","Porosira","Porosira_sp.",0.994251844
"363","b837aa2c2e1011733829cfdc33433476","Eukaryota","Rhizaria","Cercozoa","Filosa-Imbricatea","Filosa-Imbricatea_X","Novel-clade-2","Novel-clade-2_X","Novel-clade-2_X_sp.",0.999999996
"364","b9c8d00b76ae5a43bc202784b22cdd61","Eukaryota","Opisthokonta","Metazoa","Arthropoda","Crustacea","Maxillopoda",NA,NA,0.999999998
"365","ba698064abe41e7859105060e277b5c8","Eukaryota","Alveolata","Dinoflagellata","Syndiniales","Dino-Group-II","Dino-Group-II-Clade-1","Dino-Group-II-Clade-1_X","Dino-Group-II-Clade-1_X_sp.",0.988830325
"366","baacb3f0392abc7b2e0e1f278ae6e16f","Eukaryota","Opisthokonta","Metazoa","Mollusca","Bivalvia","Anomalodesmata","Laternula","Laternula_elliptica",0.99999577
"367","baf0a43366dd36dd41c9f5d98f0de2af","Eukaryota","Alveolata","Ciliophora","Spirotrichea","Hypotrichia","Holostichidae","Metaurostylopsis","Metaurostylopsis_struederkypkeae",0.999000106
"368","bb34ffcefde0664c2f8134f1d8d89c2d","Eukaryota","Excavata","Discoba","Euglenozoa","Diplonemea","Diplonemida","Diplonema",NA,0.995531557
"369","bb6a392cf8d578a3373bc9ed2c9396b9","Eukaryota","Hacrobia","Cryptophyta","Cryptophyceae","Cryptomonadales","Cryptomonadales_X","Geminigera","Geminigera_cryophila",0.975993312
"370","bb8727e9a3131040310872c5f3cdef81","Eukaryota","Opisthokonta","Fungi","Mucoromycota","Mucoromycotina","Mucoromycotina_X","Mucor",NA,0.999409354
"371","bbea8bd1d8fb839bb27d12a1b8649483","Eukaryota","Archaeplastida","Prasinodermophyta","Prasinodermophyceae","Prasinococcales","Prasinococcales-Clade-B","Prasinococcales-Clade-B_X","Prasinococcales-Clade-B2_X_sp.",0.999877202
"372","bc268fcb48e0562fdbba9450a7d82180","Eukaryota","Opisthokonta","Metazoa","Annelida","Annelida_X","Annelida_XX","Boccardiella","Boccardiella_ligerica",0.999473738
"373","bca9455ac087b58a34258e7c73c6a750","Eukaryota","Archaeplastida","Rhodophyta","Bangiophyceae","Bangiales","Bangiaceae","Wildemania","Wildemania_sp.",0.999999942
"374","bdce335bf4c8d4763d189f0de4a5672f","Eukaryota","Alveolata","Dinoflagellata","Syndiniales","Dino-Group-II","Dino-Group-II-Clade-1","Dino-Group-II-Clade-1_X","Dino-Group-II-Clade-1_X_sp.",0.999996545
"375","be22a9fa0c1b742edf52a4cbadaa5be0","Eukaryota","Opisthokonta","Metazoa","Bryozoa","Bryozoa_X","Bryozoa_XX",NA,NA,0.99999996
"376","be516739736f94a99d0d9864de630ef2","Eukaryota","Stramenopiles",NA,NA,NA,NA,NA,NA,0.996141602
"377","be732a593eeace583c6d69335b321a9e","Eukaryota","Opisthokonta","Metazoa","Craniata","Craniata_X","Archosauria","Gallus","Gallus_gallus",0.999804
"378","befce545824fd9a17f92502b9f3a823b","Eukaryota","Stramenopiles","Opalozoa","MAST-3","MAST-3D","MAST-3D_X","MAST-3D_XX","MAST-3D_XX_sp.",0.999930098
"379","bf9e79fd45cc5fa77bc861053ef67ae1","Eukaryota","Stramenopiles","Ochrophyta","Bacillariophyta","Bacillariophyta_X","Radial-centric-basal-Coscinodiscophyceae","Actinocyclus","Actinocyclus_curvatulus",0.996596474
"380","bfb88ee021f13e64d5420d67bc13077f","Eukaryota",NA,NA,NA,NA,NA,NA,NA,1
"381","bfcde29137bd2f7c3dd16e52fe876dea","Eukaryota","Archaeplastida","Rhodophyta","Florideophyceae","Gigartinales","Gigartinales_X",NA,NA,0.998548058
"382","c01f148b76de4951f5c0d99b9550c827","Eukaryota","Alveolata","Dinoflagellata","Dinophyceae","Peridiniales","Heterocapsaceae","Heterocapsa","Heterocapsa_nei/rotundata",0.987653787
"383","c0aa10757aa356dd270f4b86644911e7","Eukaryota","Alveolata","Dinoflagellata","Syndiniales","Dino-Group-II","Dino-Group-II-Clade-8","Dino-Group-II-Clade-8_X","Dino-Group-II-Clade-8_X_sp.",0.99999929
"384","c289890f373294db35ccb3338c7ba464","Eukaryota","Stramenopiles","Ochrophyta","Bacillariophyta","Bacillariophyta_X","Raphid-pennate",NA,NA,0.998842038
"385","c2b2c3688d626a493125aa494d429b91","Eukaryota","Stramenopiles","Ochrophyta","Bacillariophyta","Bacillariophyta_X","Polar-centric-Mediophyceae","Odontella","Odontella_sinensis",0.993028449
"386","c2fd50869873a73f0f306287f18ec065","Eukaryota","Alveolata","Ciliophora","Spirotrichea","Choreotrichida","Leegaardiellidae_B","Leegaardiella","Leegaardiella_sp.",0.99999815
"387","c44b09db4dfd2a1cc72f65456683d8f6","Eukaryota","Stramenopiles","Opalozoa","MAST-3","MAST-3B","MAST-3B_X","MAST-3B_XX","MAST-3B_XX_sp.",0.996689852
"388","c472bc352b9a8260db20c99822f7cdaa","Eukaryota","Rhizaria","Cercozoa","Filosa-Imbricatea","Thaumatomonadida","Thaumatomonadida_X","Thaumatomonadida_XX","Thaumatomonadida_XX_sp.",0.997194234
"389","c4c3ee9ce12fa2e3c6d0e096f9da0294","Eukaryota","Opisthokonta","Choanoflagellida","Choanoflagellatea","Acanthoecida","Stephanoecidae_Group_D","Stephanoecidae_Group_D_X","Stephanoecidae_Group_D_X_sp.",0.999999999
"390","c5405031f933745bc1345f66b8381c6b","Eukaryota","Opisthokonta","Metazoa","Cnidaria","Cnidaria_X","Hydrozoa","Hydrozoa_X","Hydrozoa_X_sp.",0.999743269
"391","c7cc556e6ae770c41fc89292adf13262","Eukaryota","Alveolata","Dinoflagellata","Dinophyceae","Peridiniales","Amphidiniopsidaceae","Islandinium","Islandinium_tricingulatum",0.99967969
"392","c8c045e24029938fe860a13fba5f5bd6","Eukaryota",NA,NA,NA,NA,NA,NA,NA,1
"393","c8cf94dc432bfe5287677f834cd9d8b0","Eukaryota","Opisthokonta","Metazoa","Arthropoda","Crustacea","Maxillopoda","Archinotodelphys","Archinotodelphys_sp.",0.984159713
"394","c92e7ae0905805abc8f90c3bddb4ce70","Eukaryota","Rhizaria","Cercozoa","Filosa-Thecofilosea","Ventricleftida","Ventricleftida_X","Ventricleftida_XX","Ventricleftida_XX_sp.",0.999944753
"395","c985ca65563c82592ab657c420c0f129","Eukaryota","Hacrobia","Cryptophyta","Cryptophyceae","Cryptomonadales","Cryptomonadales_X","Geminigera","Geminigera_cryophila",0.997146912
"396","c9b1953977381b2021e1814762929b3a","Eukaryota",NA,NA,NA,NA,NA,NA,NA,1
"397","ca6ff7de0e32b5dcf5a7d1e10087258c","Eukaryota",NA,NA,NA,NA,NA,NA,NA,1
"398","cab7a398516c474ff411c2a1b0548704","Eukaryota","Stramenopiles","Ochrophyta","Bacillariophyta","Bacillariophyta_X","Raphid-pennate","Pseudo-nitzschia",NA,0.999713645
"399","cad42c812e3b1a1f23079bea1bb1aad7","Eukaryota","Opisthokonta","Metazoa","Arthropoda","Crustacea","Maxillopoda",NA,NA,0.999988303
"400","caf56dbea0af67cd15ba802821a5a487","Eukaryota","Hacrobia","Telonemia","Telonemia_X","Telonemia_XX","Telonemia-Group-2","Telonema-Group-2","Telonema_antarcticum",0.999974539
"401","cb574c2df94d8a0d1966f10a0fc66014","Eukaryota","Stramenopiles","Ochrophyta","Bolidophyceae","Parmales","Parmales_env_3","Parmales_env_3_X","Parmales_env_3_X_sp.",0.999929554
"402","cb8494ddf416e4c3671aaa6d23052625","Eukaryota","Alveolata","Ciliophora","Phyllopharyngea","Cyrtophoria_1","PHYLL_4","PHYLL_4_X","PHYLL_4_X_sp.",0.998329117
"403","cc0335962120a0045b7ef7aee8ee5cec","Eukaryota","Alveolata","Dinoflagellata","Dinophyceae",NA,NA,NA,NA,0.999405996
"404","cc0ffb36f8787d68421043e84cbe07a2","Eukaryota","Stramenopiles","Ochrophyta","Bacillariophyta","Bacillariophyta_X","Araphid-pennate",NA,NA,0.992657389
"405","cc89d32c17b5053ab4543d02ff6ac8c2","Eukaryota","Rhizaria","Cercozoa","Filosa-Imbricatea","Marimonadida","Marimonadida_X","Pseudopirsonia","Pseudopirsonia_mucosa",0.999998459
"406","cd5ff000f18f4a730c294e8472a18ba7","Eukaryota","Alveolata","Dinoflagellata","Dinophyceae",NA,NA,NA,NA,0.999690742
"407","cd9258e0ba986655989803ffab3f5b35","Eukaryota","Rhizaria","Radiolaria","RAD-B","RAD-B_X","RAD-B-Group-IV","RAD-B-Group-IV_X","RAD-B-Group-IV_X_sp.",0.999913678
"408","cde5b67717a303e6ad4f302699cd4b14","Eukaryota",NA,NA,NA,NA,NA,NA,NA,1
"409","ce0a2e4b955b107f3e52c9f8fa99cf89","Eukaryota",NA,NA,NA,NA,NA,NA,NA,1
"410","ce814467ffb4c41f7459b0fdbbc358a4","Eukaryota","Rhizaria","Cercozoa","Filosa-Thecofilosea","Cryomonadida","Protaspa-lineage","Protaspa-lineage_X","Protaspa-lineage_X_sp.",0.973609253
"411","cfdf910da3eae1d00b717de965d47ea3","Eukaryota","Alveolata","Dinoflagellata","Dinophyceae",NA,NA,NA,NA,0.996396842
"412","d013f29f8f068beec93ad8fe33c28bb1","Eukaryota","Alveolata","Ciliophora","Phyllopharyngea","Cyrtophoria_8","Dysteriidae","Dysteria_2","Dysteria_2_sp.",0.973368189
"413","d045b5d2d7761b5f7dfc306994c888f1","Eukaryota",NA,NA,NA,NA,NA,NA,NA,1
"414","d09d31e34303d085bfaf128d86d801f4","Eukaryota","Rhizaria","Cercozoa","Filosa-Thecofilosea","Cryomonadida","Cryothecomonas-lineage","Cryothecomonas","Cryothecomonas_aestivalis",0.989858296
"415","d0b457a8a8d5ed4387fb0f8a5c0d887e","Eukaryota","Opisthokonta","Metazoa","Arthropoda","Crustacea","Maxillopoda",NA,NA,0.999988456
"416","d241e717fa21690a0bd4b5701d34b17f","Eukaryota","Opisthokonta","Metazoa","Rotifera","Rotifera_X","Rotifera_XX","Epiphanes","Epiphanes_senta",0.992969504
"417","d2d89645071f6db1a09c1c9890c38c9e","Eukaryota","Hacrobia","Telonemia","Telonemia_X","Telonemia_XX","Telonemia-Group-1","Telonema-Group-1","Telonema_subtile",0.997885977
"418","d343bd2e32a45541f8355515e520d2c7","Eukaryota","Stramenopiles","Opalozoa","MAST-12","MAST-12A","MAST-12A_X","MAST-12A_XX","MAST-12A_XX_sp.",0.996531701
"419","d34f2ec49ccd101c588182da23e8daa7","Eukaryota","Alveolata","Dinoflagellata","Dinophyceae",NA,NA,NA,NA,0.998174758
"420","d40d7e88dd1a5e2f07735ee5f760df2d","Eukaryota","Opisthokonta","Metazoa","Arthropoda","Crustacea","Ostracoda","Howeina","Howeina_sp.",0.998526922
"421","d46b99a74f14f80e9460abaf8dce34ce","Eukaryota","Stramenopiles","Ochrophyta","Chrysophyceae","Chrysophyceae_X","Chrysophyceae_XX","Chrysophyceae_XXX","Chrysophyceae_XXX_sp.",0.986847237
"422","d4713709d42f9b293dd6ae610633a886","Eukaryota",NA,NA,NA,NA,NA,NA,NA,1
"423","d4aedcd46ed50182ac792c0c4b204779","Eukaryota","Hacrobia","Telonemia","Telonemia_X","Telonemia_XX","Telonemia-Group-2","Telonemia-Group-2_X","Telonemia-Group-2_X_sp.",0.999999418
"424","d50b1ca8bb5a205f1250de7bd6001177","Eukaryota","Hacrobia","Haptophyta","Prymnesiophyceae","Prymnesiales","Chrysochromulinaceae","Chrysochromulina","Chrysochromulina_scutellum",0.999139211
"425","d546e0b959c26a1ee9a33ab55a08a5ed","Eukaryota",NA,NA,NA,NA,NA,NA,NA,1
"426","d6693ed0e3aab358b55147951ef70dce","Eukaryota",NA,NA,NA,NA,NA,NA,NA,1
"427","d6ae57a13f15aab1feeb4d0af2a398c2","Eukaryota","Stramenopiles","Ochrophyta","Bacillariophyta","Bacillariophyta_X","Raphid-pennate",NA,NA,0.978693615
"428","d77b85c1a8f80f09dfa904f648f386cc","Eukaryota","Opisthokonta","Metazoa","Urochordata","Urochordata_X","Ascidiacea",NA,NA,0.999999788
"429","d7931b804abe8709304de7ffd0015798","Eukaryota","Stramenopiles","Pseudofungi","MAST-1","MAST-1B","MAST-1B_X","MAST-1B_XX","MAST-1B_XX_sp.",0.999995761
"430","d8c20549c9bcd3a7f147212170a92805","Eukaryota","Rhizaria","Cercozoa","Filosa-Thecofilosea","Ebriida","Ebriidae","Ebria","Ebria_tripartita",0.999794938
"431","d93aca1c929956b912eb5fb6d7b487e7","Eukaryota","Alveolata","Ciliophora","Plagiopylea","Plagiopylea_X","Plagiopylidae","Plagiopylidae_X","Plagiopylidae_X_sp.",0.999958801
"432","d93adb8a1db4f985c548d57855c29baf","Eukaryota","Opisthokonta","Metazoa","Rotifera","Rotifera_X","Rotifera_XX","Adineta","Adineta_vaga",0.976276688
"433","d97cc076b0e77594de97dcd322da4f86","Eukaryota","Opisthokonta","Fungi","Basidiomycota","Agaricomycotina","Agaricomycetes","Agaricus","Agaricus_bisporus",0.99425402
"434","d99983487052d0259058f5253efe4ed1","Eukaryota","Stramenopiles","Ochrophyta","Pelagophyceae","Pelagomonadales","Pelagomonadales_clade_A","Pelagomonadales_clade_A1","Pelagomonadales_clade_A1_sp.",0.999999489
"435","d9f2002b8a7938bedd855b5ee7ccbf9f","Eukaryota","Opisthokonta","Fungi","Ascomycota","Saccharomycotina","Saccharomycetales",NA,NA,0.995444652
"436","d9fbe9218eb9f0156873fe9a6bb8a5fd","Eukaryota","Rhizaria","Cercozoa","Filosa-Imbricatea","Thaumatomonadida","Thaumatomonadida_X","Thaumatomonadida_XX","Thaumatomonadida_XX_sp.",0.995907213
"437","da07a297f9491f552012bbcce45849af","Eukaryota","Hacrobia","Telonemia","Telonemia_X","Telonemia_XX","Telonemia-Group-2","Telonemia-Group-2_X","Telonemia-Group-2_X_sp.",0.999997067
"438","dab8478243538189e9e2fa14e7527d33","Eukaryota",NA,NA,NA,NA,NA,NA,NA,1
"439","dac3a78ac075e9ca706b301775744e9c","Eukaryota","Rhizaria","Cercozoa","Filosa-Thecofilosea","Cryomonadida","Protaspa-lineage","Protaspa-lineage_X","Protaspa-lineage_X_sp.",0.999999672
"440","dafe4d6c15af6adeadc17316efa5991c","Eukaryota","Alveolata","Ciliophora","Spirotrichea",NA,NA,NA,NA,0.999994624
"441","db40b0f4626a2a276b8483e715102319","Eukaryota","Alveolata","Ciliophora",NA,NA,NA,NA,NA,0.995818326
"442","dc47a2c227778fb33fd0920b8c6462a0","Eukaryota","Stramenopiles","Pseudofungi","Oomycota","Oomycota_X",NA,NA,NA,0.997846674
"443","dc492879fabcdfef215b472c3d256507","Eukaryota",NA,NA,NA,NA,NA,NA,NA,1
"444","dc5fef38df32deaeb1f4113cce17fe9e","Eukaryota","Opisthokonta","Metazoa","Annelida","Annelida_X","Annelida_XX","Parapionosyllis","Parapionosyllis_elegans",0.997178361
"445","dcb8004a7bdce66aa7bfe3e72a8113e4","Eukaryota","Opisthokonta","Metazoa","Annelida","Annelida_X","Annelida_XX",NA,NA,0.999071678
"446","dcd0472f90e6664bd40f556fd4dd9c0f","Eukaryota",NA,NA,NA,NA,NA,NA,NA,1
"447","de4c2f5f422474790627ce03888d9f37","Eukaryota","Alveolata","Ciliophora","Spirotrichea","Euplotia","Uronychiidae","Uronychia",NA,0.999943016
"448","de92020a690835cc69f593554fb403e3","Eukaryota","Alveolata","Dinoflagellata","Dinophyceae","Peridiniales","Amphidiniopsidaceae","Islandinium","Islandinium_tricingulatum",0.994750682
"449","deb4d254c13951344f32a37d25d90959","Eukaryota","Alveolata","Dinoflagellata","Dinophyceae",NA,NA,NA,NA,0.998376954
"450","decbecdeda8cf7e6f45875542fe5ee70","Eukaryota","Stramenopiles","Ochrophyta","Bacillariophyta","Bacillariophyta_X",NA,NA,NA,0.999973712
"451","df1e35b9a746175161464afd64354813","Eukaryota","Stramenopiles","Ochrophyta","Bacillariophyta","Bacillariophyta_X","Polar-centric-Mediophyceae","Porosira",NA,1
"452","df755b158279c1d9c5ca2e1fb82a4871","Eukaryota","Alveolata","Dinoflagellata","Syndiniales","Dino-Group-II","Dino-Group-II-Clade-1","Dino-Group-II-Clade-1_X","Dino-Group-II-Clade-1_X_sp.",0.999993177
"453","e181c908e9ecf4751b78c95e1342c802","Eukaryota","Opisthokonta","Metazoa","Ctenophora","Ctenophora_X","Ctenophora_XX",NA,NA,0.998205763
"454","e19d22019a8da9ff701c7a217740ba42","Eukaryota","Alveolata","Dinoflagellata","Dinophyceae","Gymnodiniales","Gymnodiniaceae","Gymnodinium","Gymnodinium_sp.",0.991742887
"455","e21290b98bdcdd87e0dac6ea4fcfbb3d","Eukaryota","Opisthokonta","Metazoa","Craniata","Craniata_X","Archosauria","Gallus","Gallus_gallus",0.999896321
"456","e392c9634db5df78f6fa62558a896e73","Eukaryota","Opisthokonta","Metazoa","Nemertea","Nemertea_X","Nemertea_XX","Lineus","Lineus_sp.",0.993135639
"457","e464226c9802ee3d5eb39b9d70e549b6","Eukaryota","Opisthokonta","Metazoa","Arthropoda","Crustacea","Maxillopoda",NA,NA,0.99999739
"458","e54c3d5218fabfd55928f2cdaa6fda65","Eukaryota","Stramenopiles","Ochrophyta","Bacillariophyta","Bacillariophyta_X","Polar-centric-Mediophyceae","Chaetoceros","Chaetoceros_neogracilis",0.985862074
"459","e6c626876652567f2e183389ea975efd","Eukaryota",NA,NA,NA,NA,NA,NA,NA,1
"460","e6e004bf2d5d5135ff07272ad4b70ed9","Eukaryota","Opisthokonta",NA,NA,NA,NA,NA,NA,0.991453108
"461","e71314f8a59a727f2b5e9ca10cd203da","Eukaryota","Rhizaria","Cercozoa","Filosa-Thecofilosea","Ebriida","Ebriidae","Ebria","Ebria_tripartita",0.999999838
"462","e750d49efdb375ccd440d54e75c9a050","Eukaryota",NA,NA,NA,NA,NA,NA,NA,1
"463","e75123acab904018cf37e7011f0d47b4","Eukaryota",NA,NA,NA,NA,NA,NA,NA,1
"464","e76c136f1e06560f28615363f119f686","Eukaryota","Archaeplastida","Rhodophyta","Florideophyceae","Corallinales","Corallinales_X",NA,NA,0.999999883
"465","e7d2431875fb3333dc6976a054aaaf5f","Eukaryota","Alveolata","Ciliophora","Spirotrichea","Hypotrichia",NA,NA,NA,0.99961514
"466","e941ac3be5b5483b22b75a57d913dccc","Eukaryota","Opisthokonta","Metazoa","Arthropoda","Crustacea","Maxillopoda",NA,NA,0.999998249
"467","ea0b7ac8d55952a6ee4da7f99ead7ac3","Eukaryota","Alveolata","Ciliophora","Spirotrichea","Tintinnida","Tintinnidae","Tintinnidae_X","Tintinnidae_X_sp.",0.999344921
"468","ea29c83a96ef9ad7be996a969596ef46","Eukaryota","Stramenopiles","Ochrophyta","Phaeophyceae","Phaeophyceae_X","Phaeophyceae_XX",NA,NA,0.99999982
"469","ea60a16e324ad5b2736276529e31a2a6","Eukaryota","Alveolata","Dinoflagellata","Syndiniales","Dino-Group-I","Dino-Group-I-Clade-1","Dino-Group-I-Clade-1_X","Dino-Group-I-Clade-1_X_sp.",0.99998833
"470","ea8a2ba8b1ee779b78e07f7542a3b84c","Eukaryota","Stramenopiles","Opalozoa","MAST-3","MAST-3I","MAST-3I_X","MAST-3I_XX","MAST-3I_XX_sp.",0.999999997
"471","eaeaffaa62c8f247a0623e82f8796b40","Eukaryota","Stramenopiles","Ochrophyta","Dictyochophyceae","Dictyochophyceae_X","Dictyochales","Dictyocha","Dictyocha_speculum",0.999999997
"472","eaf01cc37c5e35f10e0fcae38fab4420","Eukaryota","Hacrobia","Haptophyta","Prymnesiophyceae","Prymnesiales","Chrysochromulinaceae","Chrysochromulina","Chrysochromulina_sp.",0.99999821
"473","eca4a720da5df715067e2c847321d35a","Eukaryota",NA,NA,NA,NA,NA,NA,NA,1
"474","ecaf8d1e8b37c7de1a42d24836449c2f","Eukaryota","Opisthokonta","Metazoa","Arthropoda","Crustacea","Maxillopoda",NA,NA,0.999999958
"475","ecdfd800c6b3c10af91f2ba4371b7dfe","Eukaryota","Rhizaria","Cercozoa","Filosa-Thecofilosea","Ventricleftida","Ventricleftida_X","Ventricleftida_XX","Ventricleftida_XX_sp.",0.999870224
"476","ed798de3129c4daea824bef2a4c884fa","Eukaryota","Alveolata","Dinoflagellata","Dinophyceae","Gymnodiniales","Gymnodiniaceae","Spiniferodinium","Spiniferodinium_galeiforme",0.979652334
"477","ed81db7898397db7a6b11f752a79f80e","Eukaryota","Opisthokonta",NA,NA,NA,NA,NA,NA,0.989252125
"478","eea38fe722923a4ae96c09fb8c4af0bb","Eukaryota","Opisthokonta","Metazoa","Arthropoda","Crustacea","Maxillopoda",NA,NA,0.999998286
"479","ef3abfdb3f5203a12c9b4c6de0467820","Eukaryota","Stramenopiles","Ochrophyta","Bacillariophyta","Bacillariophyta_X",NA,NA,NA,0.999998159
"480","ef4093e85ebca3ddf82b3535d3d2e5d8","Eukaryota",NA,NA,NA,NA,NA,NA,NA,1
"481","ef9d309a087ad1b26c0ea8a1d799f7c3","Eukaryota",NA,NA,NA,NA,NA,NA,NA,1
"482","efa1f60af3b0db578f33c0db6a3db703","Eukaryota",NA,NA,NA,NA,NA,NA,NA,1
"483","efb9173d6f1c9b9a485b7db1d1f744cb","Eukaryota",NA,NA,NA,NA,NA,NA,NA,1
"484","f0129f81a31d1f73ed7307a930e634a4","Eukaryota","Opisthokonta","Metazoa","Arthropoda","Crustacea","Maxillopoda",NA,NA,0.999998952
"485","f1064c24ef8e45128cafb1431c590dfa","Eukaryota","Stramenopiles","Opalozoa","MAST-3","MAST-3E","MAST-3E_X","MAST-3E_XX","MAST-3E_XX_sp.",0.975746195
"486","f109ba59f8240958971a0abdbdeecad3","Eukaryota","Alveolata","Ciliophora","Spirotrichea","Hypotrichia",NA,NA,NA,0.999999937
"487","f135bd8959d991944852d6709f708838","Eukaryota","Alveolata","Ciliophora",NA,NA,NA,NA,NA,0.995327991
"488","f18ebc3012f408e3b642565b2083aab1","Eukaryota",NA,NA,NA,NA,NA,NA,NA,1
"489","f335321c4e85802c23f581a5b00cd507","Eukaryota","Archaeplastida","Chlorophyta","Mamiellophyceae","Mamiellales","Bathycoccaceae","Bathycoccus","Bathycoccus_prasinos",0.999999992
"490","f388cd0011c2c3f4e9d8a33a57511484","Eukaryota","Stramenopiles","Ochrophyta","Dictyochophyceae","Dictyochophyceae_X","Florenciellales","Pseudochattonella","Pseudochattonella_verruculosa",0.978222092
"491","f4315d1c561cbf4ddc7c56005b40f4d5","Eukaryota","Archaeplastida","Chlorophyta","Ulvophyceae","Ulotrichales","Ulotrichales_X","Acrosiphonia","Acrosiphonia_sp.",0.999867003
"492","f469c5421e2da8927ec36d648ec7fd02","Eukaryota","Stramenopiles","Ochrophyta","Phaeophyceae","Phaeophyceae_X","Phaeophyceae_XX","Halothrix","Halothrix_ambigua",0.999995757
"493","f485edd0dd07a0f1680fd68af7c018d8","Eukaryota",NA,NA,NA,NA,NA,NA,NA,1
"494","f48a642a45d73d4a0baa8539020da6d2","Eukaryota","Stramenopiles","Opalozoa","MAST-3","MAST-3D","MAST-3D_X","MAST-3D_XX","MAST-3D_XX_sp.",0.999999986
"495","f4d5d894383f800aaf7955f10f1c0a56","Eukaryota","Stramenopiles","Ochrophyta","Bacillariophyta","Bacillariophyta_X","Raphid-pennate",NA,NA,0.977436308
"496","f5835ff7ad34ff2efac6bf13c47dd2bb","Eukaryota","Alveolata","Dinoflagellata","Syndiniales","Dino-Group-III","Dino-Group-III_X","Dino-Group-III_XX","Dino-Group-III_XX_sp.",0.999985928
"497","f619c491f181a5ebb9be0d937bc22bf9","Eukaryota",NA,NA,NA,NA,NA,NA,NA,1
"498","f6a95e3112279d64cc0af44fb57e0631","Eukaryota",NA,NA,NA,NA,NA,NA,NA,1
"499","f8d3923abc75014dad6864c657e51236","Eukaryota","Opisthokonta","Metazoa","Arthropoda","Crustacea","Maxillopoda",NA,NA,0.999901335
"500","f90440a69d563d9db27d8459f2a2a8c7","Eukaryota","Alveolata","Dinoflagellata","Dinophyceae","Peridiniales","Protoperidiniaceae","Protoperidinium","Protoperidinium_sp.",0.999958322
"501","f9df0a1779f28921908925a4c1a8f80b","Eukaryota","Opisthokonta","Fungi","Basidiomycota","Pucciniomycotina",NA,NA,NA,0.99999886
"502","f9f5e0e43f8b745a3b15422d4fe38e09","Eukaryota","Opisthokonta","Metazoa","Annelida","Annelida_X","Annelida_XX","Nephtys",NA,0.99997865
"503","fa0e5dcb7e5c07ed31cf33a57ebaee90","Eukaryota","Stramenopiles","Ochrophyta","Bacillariophyta","Bacillariophyta_X",NA,NA,NA,0.990766293
"504","fa152a15b1b02e26242b9847792c0292","Eukaryota","Opisthokonta","Metazoa","Arthropoda","Crustacea","Maxillopoda",NA,NA,0.999997977
"505","fa20361e7550ce7b89bd5a795cd1df7c","Eukaryota","Stramenopiles","Ochrophyta","Bacillariophyta","Bacillariophyta_X","Radial-centric-basal-Coscinodiscophyceae","Coscinodiscus","Coscinodiscus_wailesii",0.999999981
"506","fa28fe215c257a16ab10178e1fbbb8cc","Eukaryota","Stramenopiles","Ochrophyta","Bacillariophyta","Bacillariophyta_X","Raphid-pennate","Pseudogomphonema","Pseudogomphonema_sp.",0.998978618
"507","fbe54b2bd12c4fcd6ec6691f72b1a3d2","Eukaryota","Alveolata","Dinoflagellata","Dinophyceae",NA,NA,NA,NA,0.999952877
"508","fbffab723fc5a88dc49ed43ef933cf03","Eukaryota","Opisthokonta","Metazoa","Annelida","Annelida_X","Annelida_XX",NA,NA,0.999873095
"509","fc75d0b73ac27e0c421a7059d2d69be5","Eukaryota","Stramenopiles","Pseudofungi","MAST-1","MAST-1C","MAST-1C_X","MAST-1C_XX","MAST-1C_XX_sp.",1
"510","fc8e46ae29628a8a0b678a27a88a298a","Eukaryota","Rhizaria","Cercozoa","Filosa-Thecofilosea","Cryomonadida","Protaspa-lineage",NA,NA,0.992085953
"511","fdb2721b0cfc49b72d516f88cd1c0f4f","Eukaryota",NA,NA,NA,NA,NA,NA,NA,1
"512","fe6762eaa1e979a056fe7543f8def2e1","Eukaryota","Rhizaria","Cercozoa","Filosa-Thecofilosea","Cryomonadida","Protaspa-lineage","Protaspa",NA,0.987782164
"513","fe6b600d426423009515456d90c6a93e","Eukaryota","Stramenopiles","Pseudofungi","Oomycota","Oomycota_X",NA,NA,NA,0.998770726
