Feature.ID,pr2_Taxon,reads,sample,UNIQUE_ID_CODE,seasonyear,seasonphase,year,month,day,date_local,time_local,time_utc,date_utc,loc_id,site_name_nickname,location,latitude,longitude,Latitude_DMS_specific,Longitude_DMS_specific,Latitude_DD_specific,Longitude_DD_specific,operator_id,ship_operator,Vessel_Name,secchi_depth,euphotic_zone_zeu,secchi,CTD_cast,CTD_cast_file_name,Lugol_collected_(#),Micro_processed_(Y/N),Microscopy_Sample_ID,Net_+_lugol_collected_(#),Filter_collected_(#),d180_isotope,HydroColor,Comments,Project_Name,season,region
82de9b71a3c330b514ed4e731ca12a0d,Eukaryota;Alveolata;Dinoflagellata;Dinophyceae;Gymnodiniales;Gymnodiniaceae,5883,ManifestSample_001,FP_CC_20200206_1,2019-2020,NA,2020,02,06,2020-02-06T00:00:00Z,1899-12-31T17:00:00Z,1899-12-31T20:00:00Z,43867,CC,Cierva Cove,Cierva Cove,-64.156,-60.873,NA,NA,NA,NA,PL,Polar Latitudes,Island Sky,8.3,11.242033101088577,1,1,CC1627007_20200206_195805.csv,NA,NA,NA,NA,NA,NA,NA,NA,WAP,fall,middle
82de9b71a3c330b514ed4e731ca12a0d,Eukaryota;Alveolata;Dinoflagellata;Dinophyceae;Gymnodiniales;Gymnodiniaceae,366,ManifestSample_002,FP_CI_20200207_1,2019-2020,NA,2020,02,07,2020-02-07T00:00:00Z,1899-12-31T10:51:00Z,1899-12-31T13:51:00Z,43868,CI,Cuverville Island,Cuverville Island,-64.671,-62.611,"-64°40,169""","-62°38,3""",NA,NA,PL,Polar Latitudes,Island Sky,12.5,16.930772742603274,1,0,NA,NA,NA,NA,NA,NA,NA,NA,NA,WAP,fall,middle
82de9b71a3c330b514ed4e731ca12a0d,Eukaryota;Alveolata;Dinoflagellata;Dinophyceae;Gymnodiniales;Gymnodiniaceae,133,ManifestSample_003,FP_NH_20200207_1,2019-2020,NA,2020,02,07,2020-02-07T00:00:00Z,1899-12-31T17:10:00Z,1899-12-31T20:10:00Z,43868,NH,Neko Harbour,Neko Harbour,-64.8509,-62.54185,NA,NA,NA,NA,PL,Polar Latitudes,Island Sky,NA,1353.1073575888538,0,1,CC1627007_20200207_202534.csv,NA,NA,NA,NA,NA,NA,NA,NA,WAP,fall,middle
82de9b71a3c330b514ed4e731ca12a0d,Eukaryota;Alveolata;Dinoflagellata;Dinophyceae;Gymnodiniales;Gymnodiniaceae,230,ManifestSample_004,FP_OH_20200220_1,2019-2020,NA,2020,02,20,2020-02-20T00:00:00Z,1899-12-31T17:39:00Z,1899-12-31T20:39:00Z,43881,OH,Orne Harbour,Orne Harbour,-64.638,-62.534,NA,NA,NA,NA,PL,Polar Latitudes,Island Sky,10.3,13.9509567399051,1,1,CC1627007_20200220_210331.csv,NA,NA,NA,NA,NA,NA,NA,NA,WAP,fall,middle
82de9b71a3c330b514ed4e731ca12a0d,Eukaryota;Alveolata;Dinoflagellata;Dinophyceae;Gymnodiniales;Gymnodiniaceae,514,ManifestSample_005,FP_OH_20200310_1,2019-2020,NA,2020,03,10,2020-03-10T00:00:00Z,1899-12-31T08:02:00Z,1899-12-31T11:02:00Z,43900,OH,Orne Harbour,Orne Harbour,-64.638,-62.534,"-64°38,27'","-62°32,21'",NA,NA,PL,Polar Latitudes,Island Sky,9.5,12.86738728437849,1,1,CC1627007_20200310_111856.csv,NA,NA,NA,NA,NA,NA,NA,NA,WAP,fall,middle
82de9b71a3c330b514ed4e731ca12a0d,Eukaryota;Alveolata;Dinoflagellata;Dinophyceae;Gymnodiniales;Gymnodiniaceae,332,ManifestSample_006,FP_PL_20220320_1,2021-2022,NA,2022,03,20,2022-03-20T00:00:00Z,1899-12-31T09:00:00Z,1899-12-31T12:00:00Z,44640,PL,Peltier channel,Peltier Channel,-64.854,-63.495,"-64°52,55'","-63°33,59'",NA,NA,AU,Aurora Expeditions,NA,4.5,6.0950781873371795,1,0,NA,NA,NA,NA,NA,NA,NA,NA,NA,WAP,fall,middle
82de9b71a3c330b514ed4e731ca12a0d,Eukaryota;Alveolata;Dinoflagellata;Dinophyceae;Gymnodiniales;Gymnodiniaceae,991,ManifestSample_007,FP_PH_20220321_1,2021-2022,NA,2022,03,21,2022-03-21T00:00:00Z,1899-12-31T10:05:00Z,1899-12-31T13:05:00Z,44641,PH,Paradise Harbour,Paradise Harbour,-64.912,-62.862,"-64°54,42'","-62°51,44'",-64.894556,-62.869137,AU,Aurora Expeditions,NA,4.8,6.501416733159657,1,0,NA,NA,NA,NA,NA,NA,NA,NA,NA,WAP,fall,middle
82de9b71a3c330b514ed4e731ca12a0d,Eukaryota;Alveolata;Dinoflagellata;Dinophyceae;Gymnodiniales;Gymnodiniaceae,361,ManifestSample_008,FP_DP_20220322_1,2021-2022,NA,2022,03,22,2022-03-22T00:00:00Z,1899-12-31T16:40:00Z,1899-12-31T19:40:00Z,44642,DP,Damoy Point,Damoy Point,-64.82,-63.52,"-64°49,11'","-63°31,12'",NA,NA,AU,Aurora Expeditions,NA,5.2,7.043201460922963,1,0,NA,NA,NA,NA,NA,NA,NA,NA,NA,WAP,fall,middle
82de9b71a3c330b514ed4e731ca12a0d,Eukaryota;Alveolata;Dinoflagellata;Dinophyceae;Gymnodiniales;Gymnodiniaceae,51,ManifestSample_009,FP_NH_20220322_1,2021-2022,NA,2022,03,22,2022-03-22T00:00:00Z,1899-12-31T08:55:00Z,1899-12-31T11:55:00Z,44642,NH,Neko Harbour,Neko Harbour,-64.8509,-62.54185,"-64°50,63'","-62°32,45'",NA,NA,AU,Aurora Expeditions,NA,10.5,14.22184910378675,1,0,NA,NA,NA,NA,NA,NA,NA,NA,NA,WAP,fall,middle
82de9b71a3c330b514ed4e731ca12a0d,Eukaryota;Alveolata;Dinoflagellata;Dinophyceae;Gymnodiniales;Gymnodiniaceae,47,ManifestSample_010,NA,NA,NA,NA,NA,NA,NA,NA,NA,NA,NA,NA,NA,NA,NA,NA,NA,NA,NA,NA,NA,NA,NA,NA,NA,NA,NA,NA,NA,NA,NA,NA,NA,NA,NA,NA,NA,NA
82de9b71a3c330b514ed4e731ca12a0d,Eukaryota;Alveolata;Dinoflagellata;Dinophyceae;Gymnodiniales;Gymnodiniaceae,88,ManifestSample_014,NA,NA,NA,NA,NA,NA,NA,NA,NA,NA,NA,NA,NA,NA,NA,NA,NA,NA,NA,NA,NA,NA,NA,NA,NA,NA,NA,NA,NA,NA,NA,NA,NA,NA,NA,NA,NA,NA
82de9b71a3c330b514ed4e731ca12a0d,Eukaryota;Alveolata;Dinoflagellata;Dinophyceae;Gymnodiniales;Gymnodiniaceae,146,ManifestSample_015,NA,NA,NA,NA,NA,NA,NA,NA,NA,NA,NA,NA,NA,NA,NA,NA,NA,NA,NA,NA,NA,NA,NA,NA,NA,NA,NA,NA,NA,NA,NA,NA,NA,NA,NA,NA,NA,NA
82de9b71a3c330b514ed4e731ca12a0d,Eukaryota;Alveolata;Dinoflagellata;Dinophyceae;Gymnodiniales;Gymnodiniaceae,24,ManifestSample_016,NA,NA,NA,NA,NA,NA,NA,NA,NA,NA,NA,NA,NA,NA,NA,NA,NA,NA,NA,NA,NA,NA,NA,NA,NA,NA,NA,NA,NA,NA,NA,NA,NA,NA,NA,NA,NA,NA
82de9b71a3c330b514ed4e731ca12a0d,Eukaryota;Alveolata;Dinoflagellata;Dinophyceae;Gymnodiniales;Gymnodiniaceae,319689,ManifestSample_dino,NA,NA,NA,NA,NA,NA,NA,NA,NA,NA,NA,NA,NA,NA,NA,NA,NA,NA,NA,NA,NA,NA,NA,NA,NA,NA,NA,NA,NA,NA,NA,NA,NA,NA,NA,NA,NA,NA
82de9b71a3c330b514ed4e731ca12a0d,Eukaryota;Alveolata;Dinoflagellata;Dinophyceae;Gymnodiniales;Gymnodiniaceae,12,sample_003,FP_CC_20171213_1,2017-2018,NA,2017,12,13,2017-12-13T00:00:00Z,1899-12-31T16:11:00Z,1899-12-31T19:11:00Z,43082,CC,Cierva Cove,Cierva Cove,-64.156,-60.873,64°7.41’S,60°56.79’W,-64.1281,-60.9553,A21,Antarctica21,NA,NA,9.48,0,1,CC1735003_20171213_192334.csv,NA,NA,NA,NA,NA,NA,NA,NA,WAP,summer,middle
82de9b71a3c330b514ed4e731ca12a0d,Eukaryota;Alveolata;Dinoflagellata;Dinophyceae;Gymnodiniales;Gymnodiniaceae,96,sample_004,FP_CC_20171218_1,2017-2018,NA,2017,12,18,2017-12-18T00:00:00Z,1899-12-31T10:06:00Z,1899-12-31T13:06:00Z,43087,CC,Cierva Cove,Cierva Cove,-64.156,-60.873,64°7.41’S,60°56.79’W,-64.1281,-60.9553,A21,Antarctica21,NA,11.2,15.17,1,1,CC1735003_20171218_133326.csv,NA,NA,NA,NA,NA,NA,NA,NA,WAP,summer,middle
82de9b71a3c330b514ed4e731ca12a0d,Eukaryota;Alveolata;Dinoflagellata;Dinophyceae;Gymnodiniales;Gymnodiniaceae,88,sample_005,FP_CC_20180102_1,2017-2018,NA,2018,01,02,2018-01-02T00:00:00Z,1899-12-31T09:53:00Z,1899-12-31T12:53:00Z,43102,CC,Cierva Cove,Cierva Cove,-64.156,-60.873,64°7.41’S,60°56.79’W,-64.1281,-60.9553,A21,Antarctica21,NA,7.9,10.700248373325271,1,1,CC1735003_20180102_130512.csv,NA,NA,NA,NA,NA,NA,NA,NA,WAP,summer,middle
82de9b71a3c330b514ed4e731ca12a0d,Eukaryota;Alveolata;Dinoflagellata;Dinophyceae;Gymnodiniales;Gymnodiniaceae,14,sample_007,FP_CC_20180110_1,2017-2018,NA,2018,01,10,2018-01-10T00:00:00Z,NA,NA,43110,CC,Cierva Cove,Cierva Cove,-64.156,-60.873,64°7.41’S,60°56.79’W,-64.1281,-60.9553,PL,Polar Latitudes,NA,NA,NA,0,0,NA,NA,NA,NA,NA,NA,NA,NA,NA,WAP,summer,middle
82de9b71a3c330b514ed4e731ca12a0d,Eukaryota;Alveolata;Dinoflagellata;Dinophyceae;Gymnodiniales;Gymnodiniaceae,148,sample_008,FP_CC_20180122_1,2017-2018,NA,2018,01,22,2018-01-22T00:00:00Z,NA,NA,43122,CC,Cierva Cove,Cierva Cove,-64.156,-60.873,64°7.41’S,60°56.79’W,-64.1281,-60.9553,PL,Polar Latitudes,NA,NA,NA,0,0,NA,NA,NA,NA,NA,NA,NA,NA,NA,WAP,summer,middle
82de9b71a3c330b514ed4e731ca12a0d,Eukaryota;Alveolata;Dinoflagellata;Dinophyceae;Gymnodiniales;Gymnodiniaceae,153,sample_009,FP_CC_20180203_1,2017-2018,NA,2018,02,03,2018-02-03T00:00:00Z,1899-12-31T16:25:00Z,1899-12-31T19:25:00Z,43134,CC,Cierva Cove,Cierva Cove,-64.156,-60.873,64°7.41’S,60°56.79’W,-64.1281,-60.9553,HE,Hanse Explorer,NA,10.05,13.612341285053034,1,1,CC1518002_20180203_193326.csv,NA,NA,NA,NA,NA,NA,NA,NA,WAP,fall,middle
82de9b71a3c330b514ed4e731ca12a0d,Eukaryota;Alveolata;Dinoflagellata;Dinophyceae;Gymnodiniales;Gymnodiniaceae,166,sample_012,FP_CI_20171214_1,2017-2018,NA,2017,12,14,2017-12-14T00:00:00Z,1899-12-31T09:55:00Z,1899-12-31T12:55:00Z,43083,CI,Cuverville Island,Cuverville Island,-64.671,-62.611,64°40.2’S,62°38.4’W,-64.6672,-62.6344,A21,Antarctica21,NA,NA,6.77,0,1,CC1735003_20171214_124927.csv,NA,NA,NA,NA,NA,NA,NA,NA,WAP,summer,middle
82de9b71a3c330b514ed4e731ca12a0d,Eukaryota;Alveolata;Dinoflagellata;Dinophyceae;Gymnodiniales;Gymnodiniaceae,46,sample_013,FP_CI_20171220_1,2017-2018,NA,2017,12,20,2017-12-20T00:00:00Z,1899-12-31T15:47:00Z,1899-12-31T18:47:00Z,43089,CI,Cuverville Island,Cuverville Island,-64.671,-62.611,64°40.2’S,62°38.4’W,-64.6672,-62.6344,A21,Antarctica21,NA,4.8,6.5,1,1,CC1735003_20171220_185438.csv,NA,NA,NA,NA,NA,NA,NA,NA,WAP,summer,middle
82de9b71a3c330b514ed4e731ca12a0d,Eukaryota;Alveolata;Dinoflagellata;Dinophyceae;Gymnodiniales;Gymnodiniaceae,157,sample_014,FP_CI_20171228_1,2017-2018,NA,2017,12,28,2017-12-28T00:00:00Z,1899-12-31T09:30:00Z,1899-12-31T12:30:00Z,43097,CI,Cuverville Island,Cuverville Island,-64.671,-62.611,64°40.2’S,62°38.4’W,-64.6672,-62.6344,A21,Antarctica21,NA,4.7,6.37,1,1,CC1735003_20171228_122118.csv,NA,NA,NA,NA,NA,NA,NA,NA,WAP,summer,middle
82de9b71a3c330b514ed4e731ca12a0d,Eukaryota;Alveolata;Dinoflagellata;Dinophyceae;Gymnodiniales;Gymnodiniaceae,453,sample_015,FP_CI_20180105_1,2017-2018,NA,2018,01,05,2018-01-05T00:00:00Z,1899-12-31T10:30:00Z,1899-12-31T13:30:00Z,43105,CI,Cuverville Island,Cuverville Island,-64.671,-62.611,64°40.2’S,62°38.4’W,-64.6672,-62.6344,QE,Quixote Expeditions,NA,7.5,10.158463645561966,1,1,CC1735004_20180105_133625.csv,NA,NA,NA,NA,NA,NA,NA,NA,WAP,summer,middle
82de9b71a3c330b514ed4e731ca12a0d,Eukaryota;Alveolata;Dinoflagellata;Dinophyceae;Gymnodiniales;Gymnodiniaceae,814,sample_016,FP_CI_20180106_1,2017-2018,NA,2018,01,06,2018-01-06T00:00:00Z,1899-12-31T09:30:00Z,1899-12-31T12:30:00Z,43106,CI,Cuverville Island,Cuverville Island,-64.671,-62.611,64°40.2’S,62°38.4’W,-64.6672,-62.6344,GA,G Adventures,NA,7.5,10.158463645561966,1,3,"CC1531002_20180106_124720.csv,CC1531002_20180106_125247.csv,CC1531002_20180106_125605.csv",NA,NA,Net sample #7,NA,NA,NA,NA,NA,WAP,summer,middle
82de9b71a3c330b514ed4e731ca12a0d,Eukaryota;Alveolata;Dinoflagellata;Dinophyceae;Gymnodiniales;Gymnodiniaceae,1005,sample_017,FP_CI_20180119_1,2017-2018,NA,2018,01,19,2018-01-19T00:00:00Z,1899-12-31T17:20:00Z,1899-12-31T20:20:00Z,43119,CI,Cuverville Island,Cuverville Island,-64.671,-62.611,64°40.2’S,62°38.4’W,-64.6672,-62.6344,QE,Quixote Expeditions,NA,12,16.253541832899145,1,1,CC1735004_20180119_202259.csv,NA,NA,NA,NA,NA,NA,NA,NA,WAP,summer,middle
82de9b71a3c330b514ed4e731ca12a0d,Eukaryota;Alveolata;Dinoflagellata;Dinophyceae;Gymnodiniales;Gymnodiniaceae,553,sample_018,FP_CI_20180121_1,2017-2018,NA,2018,01,21,2018-01-21T00:00:00Z,NA,NA,43121,CI,Cuverville Island,Cuverville Island,-64.671,-62.611,64°40.2’S,62°38.4’W,-64.6672,-62.6344,PL,Polar Latitudes,NA,NA,NA,0,0,NA,NA,NA,NA,NA,NA,NA,NA,NA,WAP,summer,middle
82de9b71a3c330b514ed4e731ca12a0d,Eukaryota;Alveolata;Dinoflagellata;Dinophyceae;Gymnodiniales;Gymnodiniaceae,1002,sample_019,FP_CI_20180216_1,2017-2018,NA,2018,02,16,2018-02-16T00:00:00Z,1899-12-31T10:00:00Z,1899-12-31T13:00:00Z,43147,CI,Cuverville Island,Cuverville Island,-64.671,-62.611,64°40.2’S,62°38.4’W,-64.6672,-62.6344,PL,Polar Latitudes,NA,9.59,12.989288848125232,1,0,NA,NA,NA,NA,NA,NA,NA,NA,NA,WAP,fall,middle
82de9b71a3c330b514ed4e731ca12a0d,Eukaryota;Alveolata;Dinoflagellata;Dinophyceae;Gymnodiniales;Gymnodiniaceae,99,sample_020,FP_CI_20180302_1,2017-2018,NA,2018,03,02,2018-03-02T00:00:00Z,1899-12-31T09:35:00Z,1899-12-31T12:35:00Z,43161,CI,Cuverville Island,Cuverville Island,-64.671,-62.611,64°40.2’S,62°38.4’W,-64.6672,-62.6344,PL,Polar Latitudes,NA,9.36,12.677762629661332,1,1,CC1735003_20180302_123027.csv,NA,NA,NA,NA,NA,NA,NA,Changed from sample_084 to sample_067,WAP,fall,middle
82de9b71a3c330b514ed4e731ca12a0d,Eukaryota;Alveolata;Dinoflagellata;Dinophyceae;Gymnodiniales;Gymnodiniaceae,838,sample_021,FP_CI_20180311_1,2017-2018,NA,2018,03,11,2018-03-11T00:00:00Z,1899-12-31T09:00:00Z,1899-12-31T12:00:00Z,43170,CI,Cuverville Island,Cuverville Island,-64.671,-62.611,64°40.2’S,62°38.4’W,-64.6672,-62.6344,GA,G Adventures,NA,10.7,14.492741467668402,1,1,CC1531002_20180311_121757.csv,NA,NA,NA,NA,NA,NA,NA,Changed from sample_029 to sample_021,WAP,fall,middle
82de9b71a3c330b514ed4e731ca12a0d,Eukaryota;Alveolata;Dinoflagellata;Dinophyceae;Gymnodiniales;Gymnodiniaceae,694,sample_022,FP_NH_20180317_1,2017-2018,NA,2018,03,17,2018-03-17T00:00:00Z,1899-12-31T09:00:00Z,1899-12-31T12:00:00Z,43176,NH,Neko Harbour,Neko Harbour,-64.8509,-62.54185,64°50.57’S,62°32.22’W,-64.8492,-62.5394,GA,G Adventures,NA,NA,NA,0,1,CC1531002_20180317_121954.csv,NA,NA,NA,NA,NA,NA,NA,Changed from sample_030 to sample_022,WAP,fall,middle
82de9b71a3c330b514ed4e731ca12a0d,Eukaryota;Alveolata;Dinoflagellata;Dinophyceae;Gymnodiniales;Gymnodiniaceae,132,sample_024,FP_DI_20171219_1,2017-2018,NA,2017,12,19,2017-12-19T00:00:00Z,1899-12-31T09:48:00Z,1899-12-31T12:48:00Z,43088,DI,Danco Island,Danco Island,-64.746,-62.622,64°45.03'S,062°36.19'W,-64.7508,-62.6053,A21,Antarctica21,NA,4.5,6.1,1,1,CC1735003_20171219_122146.csv,NA,NA,NA,NA,NA,NA,NA,NA,WAP,summer,middle
82de9b71a3c330b514ed4e731ca12a0d,Eukaryota;Alveolata;Dinoflagellata;Dinophyceae;Gymnodiniales;Gymnodiniaceae,553,sample_025,FP_DI_20171225_1,2017-2018,NA,2017,12,25,2017-12-25T00:00:00Z,1899-12-31T10:40:00Z,1899-12-31T13:40:00Z,43094,DI,Danco Island,Danco Island,-64.746,-62.622,64°45.03'S,062°36.19'W,-64.7508,-62.6053,GA,G Adventures,NA,3.75,5.08,1,2,"CC1531002_20171225_135210.csv,CC1531002_20171225_135834.csv",NA,NA,Net sample #5,NA,NA,NA,NA,NA,WAP,summer,middle
82de9b71a3c330b514ed4e731ca12a0d,Eukaryota;Alveolata;Dinoflagellata;Dinophyceae;Gymnodiniales;Gymnodiniaceae,435,sample_026,FP_DI_20180102_1,2017-2018,NA,2018,01,02,2018-01-02T00:00:00Z,1899-12-31T12:00:00Z,1899-12-31T15:00:00Z,43102,DI,Danco Island,Danco Island,-64.746,-62.622,64°45.03'S,062°36.19'W,-64.7508,-62.6053,NA,NA,NA,NA,NA,0,0,NA,NA,NA,NA,NA,NA,NA,NA,NA,WAP,summer,middle
82de9b71a3c330b514ed4e731ca12a0d,Eukaryota;Alveolata;Dinoflagellata;Dinophyceae;Gymnodiniales;Gymnodiniaceae,934,sample_027,FP_DI_20180120_1,2017-2018,NA,2018,01,20,2018-01-20T00:00:00Z,1899-12-31T14:10:00Z,1899-12-31T17:10:00Z,43120,DI,Danco Island,Danco Island,-64.746,-62.622,64°45.03'S,062°36.19'W,-64.7508,-62.6053,QE,Quixote Expeditions,NA,13,17.608003652307406,1,1,CC1735004_20180120_172025.csv,NA,NA,NA,NA,NA,NA,NA,NA,WAP,summer,middle
82de9b71a3c330b514ed4e731ca12a0d,Eukaryota;Alveolata;Dinoflagellata;Dinophyceae;Gymnodiniales;Gymnodiniaceae,186,sample_028,FP_DI_20180203_1,2017-2018,NA,2018,02,03,2018-02-03T00:00:00Z,1899-12-31T09:12:00Z,1899-12-31T12:12:00Z,43134,DI,Danco Island,Danco Island,-64.746,-62.622,64°45.03'S,062°36.19'W,-64.7508,-62.6053,GA,G Adventures,NA,13.5,18.28523456201154,1,2,"CC1531002_20180203_122156.csv,CC1531002_20180203_122847.csv",NA,NA,NA,NA,NA,NA,NA,NA,WAP,fall,middle
82de9b71a3c330b514ed4e731ca12a0d,Eukaryota;Alveolata;Dinoflagellata;Dinophyceae;Gymnodiniales;Gymnodiniaceae,115,sample_029,FP_DI_20180206_1,2017-2018,NA,2018,02,06,2018-02-06T00:00:00Z,1899-12-31T14:10:00Z,1899-12-31T17:10:00Z,43137,DI,Danco Island,Danco Island,-64.746,-62.622,64°45.03'S,062°36.19'W,-64.7508,-62.6053,HE,Hanse Explorer,NA,5.63,7.625620043268515,1,2,"CC1518002_20180206_170531.csv,CC1518002_20180206_170935.csv",NA,NA,NA,NA,NA,NA,NA,NA,WAP,fall,middle
82de9b71a3c330b514ed4e731ca12a0d,Eukaryota;Alveolata;Dinoflagellata;Dinophyceae;Gymnodiniales;Gymnodiniaceae,12,sample_030,FP_DI_20180212_1,2017-2018,NA,2018,02,12,2018-02-12T00:00:00Z,1899-12-31T09:15:00Z,1899-12-31T12:15:00Z,43143,DI,Danco Island,Danco Island,-64.746,-62.622,64°45.03'S,062°36.19'W,-64.7508,-62.6053,GA,G Adventures,NA,13.3,18.014342198129885,1,2,"CC1531002_20180212_122644.csv,CC1531002_20180212_180234.csv",NA,NA,NA,NA,NA,NA,NA,NA,WAP,fall,middle
82de9b71a3c330b514ed4e731ca12a0d,Eukaryota;Alveolata;Dinoflagellata;Dinophyceae;Gymnodiniales;Gymnodiniaceae,46,sample_031,FP_DI_20180218_1,2017-2018,NA,2018,02,18,2018-02-18T00:00:00Z,1899-12-31T12:19:00Z,1899-12-31T15:19:00Z,43149,DI,Danco Island,Danco Island,-64.746,-62.622,64°45.03'S,062°36.19'W,-64.7508,-62.6053,QE,Quixote Expeditions,NA,9.5,12.86738728437849,1,1,CC1735004_20180218_153347.csv,NA,NA,NA,NA,NA,NA,NA,NA,WAP,fall,middle
82de9b71a3c330b514ed4e731ca12a0d,Eukaryota;Alveolata;Dinoflagellata;Dinophyceae;Gymnodiniales;Gymnodiniaceae,36,sample_033,FP_NH_20171123_1,2017-2018,NA,2017,11,23,2017-11-23T00:00:00Z,1899-12-31T16:14:00Z,1899-12-31T19:14:00Z,43062,NH,Neko Harbour,Neko Harbour,-64.8509,-62.54185,64°50.57’S,62°32.22’W,-64.8492,-62.5394,PL,Polar Latitudes,NA,7.8,10.56,1,2,"CC1735003_20171123_194735.csv,CC1735003_20171123_195555.csv",NA,NA,NA,NA,NA,NA,NA,NA,WAP,summer,middle
82de9b71a3c330b514ed4e731ca12a0d,Eukaryota;Alveolata;Dinoflagellata;Dinophyceae;Gymnodiniales;Gymnodiniaceae,10,sample_036,FP_NH_20171216_1,2017-2018,NA,2017,12,16,2017-12-16T00:00:00Z,1899-12-31T10:15:00Z,1899-12-31T13:15:00Z,43085,NH,Neko Harbour,Neko Harbour,-64.8509,-62.54185,64°50.57’S,62°32.22’W,-64.8492,-62.5394,GA,G Adventures,NA,5.5,7.45,1,3,"CC1531002_20171216_132916.csv,CC1531002_20171216_133717.csv,CC1531002_20171216_134205.csv",NA,NA,Net sample #1,NA,NA,NA,NA,NA,WAP,summer,middle
82de9b71a3c330b514ed4e731ca12a0d,Eukaryota;Alveolata;Dinoflagellata;Dinophyceae;Gymnodiniales;Gymnodiniaceae,197,sample_039,FP_UI_20171230_1,2017-2018,NA,2017,12,30,2017-12-30T00:00:00Z,1899-12-31T14:10:00Z,1899-12-31T17:10:00Z,43099,UI,Station 1 Gerlache Useful Andvord Bay,Useful Island,-64.725,-62.858,64°43.504'S,62°51.993'W,NA,NA,A21,Antarctica21,NA,3.6,4.88,1,1,CC1735003_20171230_171934.csv,NA,NA,NA,NA,NA,NA,NA,NA,WAP,summer,middle
82de9b71a3c330b514ed4e731ca12a0d,Eukaryota;Alveolata;Dinoflagellata;Dinophyceae;Gymnodiniales;Gymnodiniaceae,558,sample_040,FP_EC_20171230_1,2017-2018,NA,2017,12,30,2017-12-30T00:00:00Z,1899-12-31T14:51:00Z,1899-12-31T17:51:00Z,43099,EC,Station 2 Errera Andvord Bay,Errera Channel,-64.81,-62.67,64°46.304'S,62.45.363'W,NA,NA,A21,Antarctica21,NA,5.4,7.31,1,1,CC1735003_20171230_175432.csv,NA,NA,NA,NA,NA,NA,NA,NA,WAP,summer,middle
82de9b71a3c330b514ed4e731ca12a0d,Eukaryota;Alveolata;Dinoflagellata;Dinophyceae;Gymnodiniales;Gymnodiniaceae,374,sample_041,FP_AB_20171230_1,2017-2018,NA,2017,12,30,2017-12-30T00:00:00Z,1899-12-31T15:25:00Z,1899-12-31T18:25:00Z,43099,AB,Station 3 mid Andvord Bay,Mid Andvord Bay,-64.808,-62.672,64°48.436'S,62°40.867'W,NA,NA,A21,Antarctica21,NA,NA,9.48,0,1,CC1735003_20171230_183927.csv,NA,NA,NA,NA,NA,NA,NA,NA,WAP,summer,middle
82de9b71a3c330b514ed4e731ca12a0d,Eukaryota;Alveolata;Dinoflagellata;Dinophyceae;Gymnodiniales;Gymnodiniaceae,181,sample_042,FP_BG_20171230_1,2017-2018,NA,2017,12,30,2017-12-30T00:00:00Z,1899-12-31T17:47:00Z,1899-12-31T20:47:00Z,43099,BG,Station 4 Bagshaw Glacier Andvord Bay,Bagshaw Glacier,-64.86036,-62.55557,NA,NA,NA,NA,A21,Antarctica21,NA,6.2,8.397663280331225,1,1,CC1735003_20171230_205236.csv,NA,NA,NA,NA,NA,NA,NA,NA,WAP,summer,middle
82de9b71a3c330b514ed4e731ca12a0d,Eukaryota;Alveolata;Dinoflagellata;Dinophyceae;Gymnodiniales;Gymnodiniaceae,160,sample_043,FP_NH_20171230_1,2017-2018,NA,2017,12,30,2017-12-30T00:00:00Z,1899-12-31T16:32:00Z,1899-12-31T19:32:00Z,43099,NH,Station 5 Int Andvord Bay,Neko Harbour,-64.8509,-62.54185,64°53.886'S,62°35.857',NA,NA,A21,Antarctica21,NA,NA,9.48,0,1,CC1735003_20171230_192814.csv,NA,NA,NA,NA,NA,NA,NA,line 74 and 75 have same locid (need to change),WAP,summer,middle
82de9b71a3c330b514ed4e731ca12a0d,Eukaryota;Alveolata;Dinoflagellata;Dinophyceae;Gymnodiniales;Gymnodiniaceae,40,sample_044,FP_NH_20180104_1,2017-2018,NA,2018,01,04,2018-01-04T00:00:00Z,1899-12-31T14:30:00Z,1899-12-31T17:30:00Z,43104,NH,Neko Harbour,Neko Harbour,-64.8509,-62.54185,64°50.57’S,62°32.22’W,-64.8492,-62.5394,LE,Lindblad Expeditions,NA,10,13.544618194082622,1,0,NA,NA,NA,NA,NA,NA,NA,NA,NA,WAP,summer,middle
82de9b71a3c330b514ed4e731ca12a0d,Eukaryota;Alveolata;Dinoflagellata;Dinophyceae;Gymnodiniales;Gymnodiniaceae,992,sample_045,FP_NH_20180111_1,2017-2018,NA,2018,01,11,2018-01-11T00:00:00Z,1899-12-31T18:23:00Z,1899-12-31T21:23:00Z,43111,NH,Neko Harbour,Neko Harbour,-64.8509,-62.54185,64°50.57’S,62°32.22’W,-64.8492,-62.5394,LE,Lindblad Expeditions,NA,NA,1353.1073575888538,0,0,NA,NA,NA,NA,NA,NA,NA,NA,NA,WAP,summer,middle
82de9b71a3c330b514ed4e731ca12a0d,Eukaryota;Alveolata;Dinoflagellata;Dinophyceae;Gymnodiniales;Gymnodiniaceae,166,sample_046,FP_NH_20180120_1,2017-2018,NA,2018,01,20,2018-01-20T00:00:00Z,NA,NA,43120,NH,Neko Harbour,Neko Harbour,-64.8509,-62.54185,64°50.57’S,62°32.22’W,-64.8492,-62.5394,PL,Polar Latitudes,NA,NA,NA,0,0,NA,NA,NA,NA,NA,NA,NA,NA,NA,WAP,summer,middle
82de9b71a3c330b514ed4e731ca12a0d,Eukaryota;Alveolata;Dinoflagellata;Dinophyceae;Gymnodiniales;Gymnodiniaceae,21,sample_049,FP_PH_20180310_1,2017-2018,NA,2018,03,10,2018-03-10T00:00:00Z,1899-12-31T09:30:00Z,1899-12-31T12:30:00Z,43169,PH,Paradise Harbour/Base Brown,Paradise Harbour,-64.912,-62.862,64°54.7025,62°52.076,NA,NA,GA,G Adventures,NA,NA,1353.1073575888538,0,1,CC1531002_20180310_122936.csv,NA,NA,NA,NA,NA,NA,NA,Changed from sample_031 to sample_049,WAP,fall,middle
82de9b71a3c330b514ed4e731ca12a0d,Eukaryota;Alveolata;Dinoflagellata;Dinophyceae;Gymnodiniales;Gymnodiniaceae,141,sample_050,FP_CI_20180317_1,2017-2018,NA,2018,03,17,2018-03-17T00:00:00Z,1899-12-31T14:20:00Z,1899-12-31T17:20:00Z,43176,CI,Cuverville Island,Cuverville Island,-64.671,-62.611,64°40.2’S,62°38.4’W,-64.6672,-62.6344,GA,G Adventures,NA,8.85,11.986987101763118,1,1,CC1531002_20180317_172919.csv,NA,NA,NA,NA,NA,NA,NA,Changed from sample_053 to sample_050,WAP,fall,middle
82de9b71a3c330b514ed4e731ca12a0d,Eukaryota;Alveolata;Dinoflagellata;Dinophyceae;Gymnodiniales;Gymnodiniaceae,166,sample_051,FP_OH_20171225_1,2017-2018,NA,2017,12,25,2017-12-25T00:00:00Z,1899-12-31T15:50:00Z,1899-12-31T18:50:00Z,43094,OH,Orne Harbour,Orne Harbour,-64.638,-62.534,062°32.21'S,64°38.27'W,-64.6408,-62.5392,A21,Antarctica21,NA,4.7,6.37,1,1,CC1735003_20171225_191229.csv,NA,NA,NA,NA,NA,NA,NA,NA,WAP,summer,middle
82de9b71a3c330b514ed4e731ca12a0d,Eukaryota;Alveolata;Dinoflagellata;Dinophyceae;Gymnodiniales;Gymnodiniaceae,85,sample_052,FP_OH_20171230_1,2017-2018,NA,2017,12,30,2017-12-30T00:00:00Z,1899-12-31T10:20:00Z,1899-12-31T13:20:00Z,43099,OH,Orne Harbour,Orne Harbour,-64.638,-62.534,64°38.27'W,062°32.21'S,-64.6408,-62.5392,A21,Antarctica21,NA,7.4,10.023017463621139,1,1,CC1735003_20171230_132657.csv,NA,NA,NA,NA,NA,NA,NA,NA,WAP,summer,middle
82de9b71a3c330b514ed4e731ca12a0d,Eukaryota;Alveolata;Dinoflagellata;Dinophyceae;Gymnodiniales;Gymnodiniaceae,354,sample_053,FP_OH_20180206_1,2017-2018,NA,2018,02,06,2018-02-06T00:00:00Z,1899-12-31T17:00:00Z,1899-12-31T20:00:00Z,43137,OH,Orne Harbour,Orne Harbour,-64.638,-62.534,64°38.27'W,062°32.21'S,-64.6408,-62.5392,HE,Hanse Explorer,NA,NA,NA,0,0,NA,NA,NA,NA,NA,NA,NA,NA,NA,WAP,fall,middle
82de9b71a3c330b514ed4e731ca12a0d,Eukaryota;Alveolata;Dinoflagellata;Dinophyceae;Gymnodiniales;Gymnodiniaceae,42,sample_055,FP_PH_20171218_1,2017-2018,NA,2017,12,18,2017-12-18T00:00:00Z,1899-12-31T16:20:00Z,1899-12-31T19:20:00Z,43087,PH,Paradise Harbour/Base Brown,Paradise Harbour,-64.912,-62.862,64°53.245,062°51.80,NA,NA,GA,G Adventures,NA,5.25,7.11,1,3,"CC1531002_20171218_193454.csv,CC1531002_20171218_194208.csv,CC1531002_20171218_194932.csv",NA,NA,Net sample #3,NA,NA,NA,NA,NA,WAP,summer,middle
82de9b71a3c330b514ed4e731ca12a0d,Eukaryota;Alveolata;Dinoflagellata;Dinophyceae;Gymnodiniales;Gymnodiniaceae,106,sample_056,FP_PH_20171225_1,2017-2018,NA,2017,12,25,2017-12-25T00:00:00Z,1899-12-31T16:55:00Z,1899-12-31T19:55:00Z,43094,PH,Paradise Harbour/Base Brown,Paradise Harbour,-64.912,-62.862,64°53.21,062°52.25,NA,NA,GA,G Adventures,NA,7.5,10.16,1,3,"CC1531002_20171225_193225.csv,CC1531002_20171225_193644.csv,CC1531002_20171225_193959.csv",NA,NA,Net sample #4,NA,NA,NA,NA,NA,WAP,summer,middle
82de9b71a3c330b514ed4e731ca12a0d,Eukaryota;Alveolata;Dinoflagellata;Dinophyceae;Gymnodiniales;Gymnodiniaceae,535,sample_057,FP_PH_20180101_1,2017-2018,NA,2018,01,01,2018-01-01T00:00:00Z,NA,NA,43101,PH,Paradise Harbour/Base Brown,Paradise Harbour,-64.912,-62.862,NA,NA,NA,NA,NA,NA,NA,NA,NA,0,0,NA,NA,NA,NA,NA,NA,NA,NA,NA,WAP,summer,middle
82de9b71a3c330b514ed4e731ca12a0d,Eukaryota;Alveolata;Dinoflagellata;Dinophyceae;Gymnodiniales;Gymnodiniaceae,211,sample_058,FP_PH_20180105_1,2017-2018,NA,2018,01,05,2018-01-05T00:00:00Z,1899-12-31T18:00:00Z,1899-12-31T21:00:00Z,43105,PH,Base Brown,Paradise Harbour,-64.912,-62.862,NA,NA,NA,NA,QE,Quixote Expeditions,NA,NA,1353.1073575888538,0,1,CC1735004_20180105_205438.csv,NA,NA,NA,NA,NA,NA,NA,NA,WAP,summer,middle
82de9b71a3c330b514ed4e731ca12a0d,Eukaryota;Alveolata;Dinoflagellata;Dinophyceae;Gymnodiniales;Gymnodiniaceae,109,sample_059,FP_PH_20180106_1,2017-2018,NA,2018,01,06,2018-01-06T00:00:00Z,1899-12-31T16:15:00Z,1899-12-31T19:15:00Z,43106,PH,Paradise Harbour/Base Brown,Paradise Harbour,-64.912,-62.862,64°53.27,062°51.78,NA,NA,GA,G Adventures,NA,4.75,6.433693642189245,1,4,"CC1531002_20180106_192955.csv,CC1531002_20180106_193306.csv,CC1531002_20180106_193756.csv,",NA,NA,NA,NA,NA,NA,NA,NA,WAP,summer,middle
82de9b71a3c330b514ed4e731ca12a0d,Eukaryota;Alveolata;Dinoflagellata;Dinophyceae;Gymnodiniales;Gymnodiniaceae,2037,sample_060,FP_PH_20180205_1,2017-2018,NA,2018,02,05,2018-02-05T00:00:00Z,1899-12-31T09:00:00Z,1899-12-31T12:00:00Z,43136,PH,Paradise Harbour/Base Brown,Paradise Harbour,-64.912,-62.862,64°53.313,062°52.058,NA,NA,GA,G Adventures,NA,11,14.899080013490883,1,1,CC1531002_20180205_121639.csv,NA,NA,NA,NA,NA,NA,NA,NA,WAP,fall,middle
82de9b71a3c330b514ed4e731ca12a0d,Eukaryota;Alveolata;Dinoflagellata;Dinophyceae;Gymnodiniales;Gymnodiniaceae,120,sample_061,FP_PH_20180212_1,2017-2018,NA,2018,02,12,2018-02-12T00:00:00Z,1899-12-31T14:50:00Z,1899-12-31T17:50:00Z,43143,PH,Paradise Harbour/Base Brown,Paradise Harbour,-64.912,-62.862,64°51.68,62°52.027,NA,NA,GA,G Adventures,NA,8.8,11.919264010792707,1,0,NA,NA,NA,NA,NA,NA,NA,NA,NA,WAP,fall,middle
82de9b71a3c330b514ed4e731ca12a0d,Eukaryota;Alveolata;Dinoflagellata;Dinophyceae;Gymnodiniales;Gymnodiniaceae,61,sample_062,FP_PH_20180218_1,2017-2018,NA,2018,02,18,2018-02-18T00:00:00Z,1899-12-31T19:28:00Z,1899-12-31T22:28:00Z,43149,PH,Paradise Harbour/Base Brown,Paradise Harbour,-64.912,-62.862,NA,NA,NA,NA,QE,Quixote Expeditions,NA,NA,1353.1073575888538,0,1,CC1735004_20180218_222355.csv,NA,NA,NA,NA,NA,NA,NA,Changed from sample_029 to sample_062,WAP,fall,middle
82de9b71a3c330b514ed4e731ca12a0d,Eukaryota;Alveolata;Dinoflagellata;Dinophyceae;Gymnodiniales;Gymnodiniaceae,70,sample_063,FP_PH_20180303_1,2017-2018,NA,2018,03,03,2018-03-03T00:00:00Z,1899-12-31T09:25:00Z,1899-12-31T12:25:00Z,43162,PH,Paradise Harbour/Base Brown,Paradise Harbour,-64.912,-62.862,64°53.40,062°52.44,NA,NA,PL,Polar Latitudes,NA,8.1,10.971140737206921,1,1,CC1735003_20180303_122738.csv,NA,NA,NA,NA,NA,NA,NA,Changed from sample_019 to sample_063,WAP,fall,middle
82de9b71a3c330b514ed4e731ca12a0d,Eukaryota;Alveolata;Dinoflagellata;Dinophyceae;Gymnodiniales;Gymnodiniaceae,6711,sample_064,FP_NH_20180310_1,2017-2018,NA,2018,03,10,2018-03-10T00:00:00Z,1899-12-31T14:20:00Z,1899-12-31T17:20:00Z,43169,NH,Neko Harbour,Neko Harbour,-64.8509,-62.54185,64°50.57’S,62°32.22’W,-64.8492,-62.5394,GA,G Adventures,NA,5.4,7.314093824804616,1,1,CC1531002_20180310_172657.csv,NA,NA,NA,NA,NA,NA,NA,Changed from sample_073 to sample_064,WAP,fall,middle
82de9b71a3c330b514ed4e731ca12a0d,Eukaryota;Alveolata;Dinoflagellata;Dinophyceae;Gymnodiniales;Gymnodiniaceae,27,sample_066,FP_PT_20180107_1,2017-2018,NA,2018,01,07,2018-01-07T00:00:00Z,1899-12-31T16:00:00Z,1899-12-31T19:00:00Z,43107,PT,Peterman,Petermann Island,-65.173,-64.116,65°10.95’S,64°08.21’W,-65.1931,-64.1392,GA,G Adventures,NA,6.25,8.465386371301637,1,3,"CC1531002_20180107_192048.csv,CC1531002_20180107_192501.csv,CC1531002_20180107_192757.csv",NA,NA,NA,NA,NA,NA,NA,NA,WAP,summer,middle
82de9b71a3c330b514ed4e731ca12a0d,Eukaryota;Alveolata;Dinoflagellata;Dinophyceae;Gymnodiniales;Gymnodiniaceae,105,sample_067,FP_PT_20180301_1,2017-2018,NA,2018,03,01,2018-03-01T00:00:00Z,1899-12-31T15:50:00Z,1899-12-31T18:50:00Z,43160,PT,Peterman,Petermann Island,-65.173,-64.116,65°10.95’S,64°08.21’W,-65.1931,-64.1392,GA,G Adventures,NA,5.2,7.043201460922963,1,1,CC1531002_20180301_185748.csv,NA,NA,NA,NA,NA,NA,NA,Changed from sample_084 to sample_067,WAP,fall,middle
82de9b71a3c330b514ed4e731ca12a0d,Eukaryota;Alveolata;Dinoflagellata;Dinophyceae;Gymnodiniales;Gymnodiniaceae,93,sample_068,FP_PT_20180309_1,2017-2018,NA,2018,03,09,2018-03-09T00:00:00Z,1899-12-31T15:00:00Z,1899-12-31T18:00:00Z,43168,PT,Peterman,Petermann Island,-65.173,-64.116,65°10.95’S,64°08.21’W,-65.1931,-64.1392,GA,G Adventures,NA,NA,1353.1073575888538,0,1,CC1531002_20180309_180627.csv,NA,NA,NA,NA,NA,NA,NA,Changed from sample_047 to sample_068,WAP,fall,middle
82de9b71a3c330b514ed4e731ca12a0d,Eukaryota;Alveolata;Dinoflagellata;Dinophyceae;Gymnodiniales;Gymnodiniaceae,52,sample_070,FP_WH_20171215_1,2017-2018,NA,2017,12,15,2017-12-15T00:00:00Z,1899-12-31T15:58:00Z,1899-12-31T18:58:00Z,43084,WH,Wilhelmina Bay,Wilhelmina Bay,-64.642,-62.16,64°39.41’S,62°08.14’W,-64.6614,-62.1372,A21,Antarctica21,NA,4.5,6.1,1,1,CC1735003_20171215_192545.csv,NA,NA,NA,NA,NA,NA,NA,NA,WAP,summer,middle
82de9b71a3c330b514ed4e731ca12a0d,Eukaryota;Alveolata;Dinoflagellata;Dinophyceae;Gymnodiniales;Gymnodiniaceae,61,sample_071,FP_WH_20180107_1,2017-2018,NA,2018,01,07,2018-01-07T00:00:00Z,1899-12-31T14:10:00Z,1899-12-31T17:10:00Z,43107,WH,Wilhelmina Bay,Wilhelmina Bay,-64.642,-62.16,64°39.41’S,62°08.14’W,-64.6614,-62.1372,QE,Quixote Expeditions,NA,NA,1353.1073575888538,0,1,CC1735004_20180107_171801.csv,NA,NA,NA,NA,NA,NA,NA,NA,WAP,summer,middle
82de9b71a3c330b514ed4e731ca12a0d,Eukaryota;Alveolata;Dinoflagellata;Dinophyceae;Gymnodiniales;Gymnodiniaceae,101,sample_072,FP_WH_20180119_1,2017-2018,NA,2018,01,19,2018-01-19T00:00:00Z,1899-12-31T13:35:00Z,1899-12-31T16:35:00Z,43119,WH,Wilhelmina Bay,Wilhelmina Bay,-64.642,-62.16,64°39.41’S,62°08.14’W,-64.6614,-62.1372,QE,Quixote Expeditions,NA,13,17.608003652307406,1,1,CC1735004_20180119_164446.csv,NA,NA,NA,NA,NA,NA,NA,NA,WAP,summer,middle
82de9b71a3c330b514ed4e731ca12a0d,Eukaryota;Alveolata;Dinoflagellata;Dinophyceae;Gymnodiniales;Gymnodiniaceae,6,sample_073,FP_WH_20180217_1,2017-2018,NA,2018,02,17,2018-02-17T00:00:00Z,1899-12-31T11:13:00Z,1899-12-31T14:13:00Z,43148,WH,Wilhelmina Bay,Wilhelmina Bay,-64.642,-62.16,64°39.41’S,62°08.14’W,-64.6614,-62.1372,QE,Quixote Expeditions,NA,11,14.899080013490883,1,1,CC1735004_20180217_142846.csv,NA,NA,NA,NA,NA,NA,NA,NA,WAP,fall,middle
82de9b71a3c330b514ed4e731ca12a0d,Eukaryota;Alveolata;Dinoflagellata;Dinophyceae;Gymnodiniales;Gymnodiniaceae,9,sample_074,FP_WH_20171125_1,2017-2018,NA,2017,11,25,2017-11-25T00:00:00Z,1899-12-31T09:35:00Z,1899-12-31T12:35:00Z,43064,WH,Wilhelmina Bay,Wilhelmina Bay,-64.642,-62.16,64°30.43'S,61°58.48'W,-64.5119,-61.98,PL,Polar Latitudes,NA,10,13.54,1,1,CC1735003_20171125_130840.csv,NA,NA,NA,NA,NA,NA,NA,NA,WAP,summer,middle
82de9b71a3c330b514ed4e731ca12a0d,Eukaryota;Alveolata;Dinoflagellata;Dinophyceae;Gymnodiniales;Gymnodiniaceae,41,sample_075,FP_WH_20180118_1,2017-2018,NA,2018,01,18,2018-01-18T00:00:00Z,1899-12-31T09:45:00Z,1899-12-31T12:45:00Z,43118,WH,Wilhelmina Bay,Wilhelmina Bay,-64.642,-62.16,64°30.43'S,61°58.48'W,-64.5119,-61.98,QE,Quixote Expeditions,NA,NA,1353.1073575888538,0,1,CC1735004_20180118_125708.csv,NA,NA,NA,NA,NA,NA,NA,NA,WAP,summer,middle
82de9b71a3c330b514ed4e731ca12a0d,Eukaryota;Alveolata;Dinoflagellata;Dinophyceae;Gymnodiniales;Gymnodiniaceae,18,sample_076,NA,NA,NA,NA,NA,NA,NA,NA,NA,NA,NA,NA,NA,NA,NA,NA,NA,NA,NA,NA,NA,NA,NA,NA,NA,NA,NA,NA,NA,NA,NA,NA,NA,NA,NA,NA,NA,NA
82de9b71a3c330b514ed4e731ca12a0d,Eukaryota;Alveolata;Dinoflagellata;Dinophyceae;Gymnodiniales;Gymnodiniaceae,22,sample_077,NA,NA,NA,NA,NA,NA,NA,NA,NA,NA,NA,NA,NA,NA,NA,NA,NA,NA,NA,NA,NA,NA,NA,NA,NA,NA,NA,NA,NA,NA,NA,NA,NA,NA,NA,NA,NA,NA
82de9b71a3c330b514ed4e731ca12a0d,Eukaryota;Alveolata;Dinoflagellata;Dinophyceae;Gymnodiniales;Gymnodiniaceae,46,sample_078,NA,NA,NA,NA,NA,NA,NA,NA,NA,NA,NA,NA,NA,NA,NA,NA,NA,NA,NA,NA,NA,NA,NA,NA,NA,NA,NA,NA,NA,NA,NA,NA,NA,NA,NA,NA,NA,NA
82de9b71a3c330b514ed4e731ca12a0d,Eukaryota;Alveolata;Dinoflagellata;Dinophyceae;Gymnodiniales;Gymnodiniaceae,55,sample_081,FP_BB_20180130_1,2017-2018,NA,2018,01,30,2018-01-30T00:00:00Z,1899-12-31T16:16:00Z,1899-12-31T19:16:00Z,43130,BB,Brown Bluff,Brown Bluff,-63.52,-56.873,63°31.11'S,56°51.83'W,-63.5197,-56.8731,HE,Hanse Explorer,NA,8.95,12.122433283703943,1,1,CC1518002_20180130_192200.csv,NA,NA,NA,NA,NA,NA,NA,NA,WAP,summer,middle
82de9b71a3c330b514ed4e731ca12a0d,Eukaryota;Alveolata;Dinoflagellata;Dinophyceae;Gymnodiniales;Gymnodiniaceae,3763,sample_082,FP_DB_20180115_1,2017-2018,NA,2018,01,15,2018-01-15T00:00:00Z,1899-12-31T17:22:00Z,1899-12-31T20:22:00Z,43115,DB,Dallman Bay,Dallman Bay,-64.65,-63.15,NA,NA,-64.6514,-63.1511,LE,Lindblad Expeditions,NA,NA,1353.1073575888538,0,0,NA,NA,NA,NA,NA,NA,NA,NA,NA,WAP,summer,middle
82de9b71a3c330b514ed4e731ca12a0d,Eukaryota;Alveolata;Dinoflagellata;Dinophyceae;Gymnodiniales;Gymnodiniaceae,113,sample_083,FP_WH_20180109_1,2017-2018,NA,2018,01,09,2018-01-09T00:00:00Z,1899-12-31T14:00:00Z,1899-12-31T17:00:00Z,43109,WH,Foyn,Wilhelmina Bay,-64.642,-62.16,NA,NA,NA,NA,QE,Quixote Expeditions,NA,NA,1353.1073575888538,0,1,CC1735004_20180109_172952.csv,NA,NA,NA,NA,NA,NA,NA,NA,WAP,summer,middle
82de9b71a3c330b514ed4e731ca12a0d,Eukaryota;Alveolata;Dinoflagellata;Dinophyceae;Gymnodiniales;Gymnodiniaceae,23,sample_090,FP_CC_20190218_2,2018-2019,NA,2019,02,18,2019-02-18T00:00:00Z,1899-12-31T16:15:00Z,1899-12-31T19:15:00Z,43514,CC,Cierva Cove,Cierva Cove,-64.156,-60.873,64°7.41’S,60°56.79’W,-64.1281,-60.9553,PL,Polar Latitudes,NA,11.5,15.576310923195013,1,0,NA,NA,NA,NA,NA,NA,NA,NA,NA,WAP,fall,middle
82de9b71a3c330b514ed4e731ca12a0d,Eukaryota;Alveolata;Dinoflagellata;Dinophyceae;Gymnodiniales;Gymnodiniaceae,23,sample_090,FP_CC_20190218_1,2018-2019,NA,2019,02,18,2019-02-18T00:00:00Z,1899-12-31T16:15:00Z,1899-12-31T19:15:00Z,43514,CC,Cierva Cove,Cierva Cove,-64.156,-60.873,NA,NA,NA,NA,A21,Antarctica21,Heb Sky,11.5,15.576310923195013,1,1,CC1735003_20190218_193116.csv,NA,NA,NA,NA,NA,NA,NA,NA,WAP,fall,middle
82de9b71a3c330b514ed4e731ca12a0d,Eukaryota;Alveolata;Dinoflagellata;Dinophyceae;Gymnodiniales;Gymnodiniaceae,17,sample_091,FP_CC_20190220_1,2018-2019,NA,2019,02,20,2019-02-20T00:00:00Z,1899-12-31T18:55:00Z,1899-12-31T21:55:00Z,43516,CC,Cierva Cove,Cierva Cove,-64.156,-60.873,64°7.41’S,60°56.79’W,-64.1281,-60.9553,CH,Cheesemans Safaris,Ioffe,NA,NA,0,1,CC1838012_20190220_215201.csv,NA,NA,NA,NA,NA,NA,NA,NA,WAP,fall,middle
82de9b71a3c330b514ed4e731ca12a0d,Eukaryota;Alveolata;Dinoflagellata;Dinophyceae;Gymnodiniales;Gymnodiniaceae,39,sample_092,FP_CC_20190227_1,2018-2019,NA,2019,02,27,2019-02-27T00:00:00Z,1899-12-31T15:00:00Z,1899-12-31T18:00:00Z,43523,CC,Cierva Cove,Cierva Cove,-64.156,-60.873,64°7.41’S,60°56.79’W,-64.1281,-60.9553,PL,Polar Latitudes,NA,NA,NA,0,1,CC1735004_20190227_185319.csv,NA,NA,NA,NA,NA,NA,NA,NA,WAP,fall,middle
82de9b71a3c330b514ed4e731ca12a0d,Eukaryota;Alveolata;Dinoflagellata;Dinophyceae;Gymnodiniales;Gymnodiniaceae,45,sample_095,FP_CI_20181128_1,2018-2019,NA,2018,11,28,2018-11-28T00:00:00Z,1899-12-31T09:20:00Z,1899-12-31T12:20:00Z,43432,CI,Cuverville Island,Cuverville Island,-64.671,-62.611,64°40.2’S,62°38.4’W,-64.6672,-62.6344,PL,Polar Latitudes,Heb Sky,14.3,19.36880401753815,1,1,CC1735003_20181128_123658.csv,NA,NA,NA,NA,NA,NA,NA,NA,WAP,summer,middle
82de9b71a3c330b514ed4e731ca12a0d,Eukaryota;Alveolata;Dinoflagellata;Dinophyceae;Gymnodiniales;Gymnodiniaceae,28,sample_096,FP_CI_20181205_1,2018-2019,NA,2018,12,05,2018-12-05T00:00:00Z,1899-12-31T17:10:00Z,1899-12-31T20:10:00Z,43439,CI,Cuverville Island,Cuverville Island,-64.671,-62.611,64°40.2’S,62°38.4’W,-64.6672,-62.6344,HU,Hurtigruten Expeditions,Midnatsol,13.1,17.743449834248235,1,1,CC1627007_20181205_201342.csv,NA,NA,NA,NA,NA,NA,NA,NA,WAP,summer,middle
82de9b71a3c330b514ed4e731ca12a0d,Eukaryota;Alveolata;Dinoflagellata;Dinophyceae;Gymnodiniales;Gymnodiniaceae,174,sample_097,FP_CI_20181210_1,2018-2019,NA,2018,12,10,2018-12-10T00:00:00Z,1899-12-31T10:30:00Z,1899-12-31T13:30:00Z,43444,CI,Cuverville Island,Cuverville Island,-64.671,-62.611,64°40.2’S,62°38.4’W,-64.6672,-62.6344,PL,Polar Latitudes,Heb Sky,12,16.253541832899145,1,1,CC1735003_20181210_133601.csv,NA,NA,NA,NA,NA,NA,NA,NA,WAP,summer,middle
82de9b71a3c330b514ed4e731ca12a0d,Eukaryota;Alveolata;Dinoflagellata;Dinophyceae;Gymnodiniales;Gymnodiniaceae,221,sample_098,FP_CI_20181224_1,2018-2019,NA,2018,12,24,2018-12-24T00:00:00Z,1899-12-31T16:40:00Z,1899-12-31T19:40:00Z,43458,CI,Cuverville Island,Cuverville Island,-64.671,-62.611,64°40.2’S,62°38.4’W,-64.6672,-62.6344,PL,Polar Latitudes,Hebridean Sky,8.8,11.919264010792707,1,1,CC1735003_20181224_194857.csv,NA,NA,NA,NA,NA,NA,NA,NA,WAP,summer,middle
82de9b71a3c330b514ed4e731ca12a0d,Eukaryota;Alveolata;Dinoflagellata;Dinophyceae;Gymnodiniales;Gymnodiniaceae,548,sample_099,FP_CI_20181225_1,2018-2019,NA,2018,12,25,2018-12-25T00:00:00Z,1899-12-31T08:46:00Z,1899-12-31T11:46:00Z,43459,CI,Cuverville Island,Cuverville Island,-64.671,-62.611,64°40.2’S,62°38.4’W,-64.6672,-62.6344,GA,G Adventures,Expedition,8.99,12.176611756480277,1,2,"CC1531002_20181225_114931.csv,CC1531002_20181225_115543.csv",NA,NA,NA,NA,NA,NA,NA,NA,WAP,summer,middle
82de9b71a3c330b514ed4e731ca12a0d,Eukaryota;Alveolata;Dinoflagellata;Dinophyceae;Gymnodiniales;Gymnodiniaceae,311,sample_100,FP_CI_20190119_1,2018-2019,NA,2019,01,19,2019-01-19T00:00:00Z,1899-12-31T18:55:00Z,1899-12-31T21:55:00Z,43484,CI,Cuverville Island,Cuverville Island,-64.671,-62.611,64°40.2’S,62°38.4’W,-64.6672,-62.6344,QE,Quixote Expeditions,NA,3.8,5.1469549137513955,1,1,CC1735004_20190119_215444.csv,NA,NA,NA,NA,NA,NA,NA,NA,WAP,summer,middle
82de9b71a3c330b514ed4e731ca12a0d,Eukaryota;Alveolata;Dinoflagellata;Dinophyceae;Gymnodiniales;Gymnodiniaceae,120,sample_101,FP_CI_20190126_1,2018-2019,NA,2019,01,26,2019-01-26T00:00:00Z,1899-12-31T14:35:00Z,1899-12-31T17:35:00Z,43491,CI,Cuverville Island,Cuverville Island,-64.671,-62.611,64°40.2’S,62°38.4’W,-64.6672,-62.6344,GA,G Adventures,Expedition,9.16,12.40687026577968,1,4,"CC1531002_20190126_175834.csv,CC1531002_20190126_180900.csv,CC1531002_20190126_181644.csv,CC1838012_20190126_205551.csv",NA,NA,NA,NA,NA,NA,NA,NA,WAP,summer,middle
82de9b71a3c330b514ed4e731ca12a0d,Eukaryota;Alveolata;Dinoflagellata;Dinophyceae;Gymnodiniales;Gymnodiniaceae,44,sample_102,FP_CI_20190202_1,2018-2019,NA,2019,02,02,2019-02-02T00:00:00Z,1899-12-31T14:22:00Z,1899-12-31T17:22:00Z,43498,CI,Cuverville Island,Cuverville Island,-64.671,-62.611,64°40.2’S,62°38.4’W,-64.6672,-62.6344,QE,Quixote Expeditions,NA,9.6,13.002833466319315,1,2,"CC1735004_20190202_174247.csv,CC1735004_20190202_174759.csv",NA,NA,NA,NA,NA,NA,NA,NA,WAP,fall,middle
82de9b71a3c330b514ed4e731ca12a0d,Eukaryota;Alveolata;Dinoflagellata;Dinophyceae;Gymnodiniales;Gymnodiniaceae,40,sample_104,FP_CI_20190221_1,2018-2019,NA,2019,02,21,2019-02-21T00:00:00Z,1899-12-31T16:15:00Z,1899-12-31T19:15:00Z,43517,CI,Cuverville Island,Cuverville Island,-64.671,-62.611,64°40.2’S,62°38.4’W,-64.6672,-62.6344,CH,Cheesemans Safaris,Ioffe,7.5,10.158463645561966,1,1,CC1838012_20190221_191411.csv,NA,NA,NA,NA,NA,NA,NA,NA,WAP,fall,middle
82de9b71a3c330b514ed4e731ca12a0d,Eukaryota;Alveolata;Dinoflagellata;Dinophyceae;Gymnodiniales;Gymnodiniaceae,110,sample_105,FP_CI_20190306_1,2018-2019,NA,2019,03,06,2019-03-06T00:00:00Z,1899-12-31T15:40:00Z,1899-12-31T18:40:00Z,43530,CI,Cuverville Island,Cuverville Island,-64.671,-62.611,64°40.2’S,62°38.4’W,-64.6672,-62.6344,PL,Polar Latitudes,Heb Sky,11,14.899080013490883,1,2,"CC1735003_20190306_185204.csv,CC1735004_20190306_191303.csv",NA,NA,NA,NA,NA,NA,NA,NA,WAP,fall,middle
82de9b71a3c330b514ed4e731ca12a0d,Eukaryota;Alveolata;Dinoflagellata;Dinophyceae;Gymnodiniales;Gymnodiniaceae,523,sample_106,FP_DI_20181213_1,2018-2019,NA,2018,12,13,2018-12-13T00:00:00Z,1899-12-31T15:41:00Z,1899-12-31T18:41:00Z,43447,DI,Danco Island,Danco Island,-64.746,-62.622,64°45.03'S,062°36.19'W,-64.7508,-62.6053,PL,Polar Latitudes,Heb Sky,8.8,11.919264010792707,1,1,CC1735003_20181213_184814.csv,NA,NA,NA,NA,NA,NA,NA,NA,WAP,summer,middle
82de9b71a3c330b514ed4e731ca12a0d,Eukaryota;Alveolata;Dinoflagellata;Dinophyceae;Gymnodiniales;Gymnodiniaceae,3847,sample_107,FP_DI_20181216_1,2018-2019,NA,2018,12,16,2018-12-16T00:00:00Z,1899-12-31T08:50:00Z,1899-12-31T11:50:00Z,43450,DI,Danco Island,Danco Island,-64.746,-62.622,64°45.03'S,062°36.19'W,-64.7508,-62.6053,GA,G Adventures,Expedition,6.93,9.386420408499255,1,2,"CC1531002_20181216_115730.csv,CC1531002_20181216_120231.csv",NA,NA,NA,NA,NA,NA,NA,NA,WAP,summer,middle
82de9b71a3c330b514ed4e731ca12a0d,Eukaryota;Alveolata;Dinoflagellata;Dinophyceae;Gymnodiniales;Gymnodiniaceae,43,sample_108,FP_DI_20190119_1,2018-2019,NA,2019,01,19,2019-01-19T00:00:00Z,1899-12-31T11:00:00Z,1899-12-31T14:00:00Z,43484,DI,Danco Island,Danco Island,-64.746,-62.622,64°45.03'S,062°36.19'W,-64.7508,-62.6053,HU,Hurtigruten Expeditions,Midnatsol,6.41,8.68210026240696,1,0,NA,NA,NA,NA,NA,NA,NA,NA,NA,WAP,summer,middle
82de9b71a3c330b514ed4e731ca12a0d,Eukaryota;Alveolata;Dinoflagellata;Dinophyceae;Gymnodiniales;Gymnodiniaceae,143,sample_109,FP_DI_20190126_1,2018-2019,NA,2019,01,26,2019-01-26T00:00:00Z,1899-12-31T09:05:00Z,1899-12-31T12:05:00Z,43491,DI,Danco Island,Danco Island,-64.746,-62.622,64°45.03'S,062°36.19'W,-64.7508,-62.6053,GA,G Adventures,Expedition,6.56,8.885269535318198,1,3,"CC1531002_20190126_124021.csv,CC1531002_20190126_124936.csv,CC1838012_20190126_125603.csv",NA,NA,NA,NA,NA,NA,NA,NA,WAP,summer,middle
82de9b71a3c330b514ed4e731ca12a0d,Eukaryota;Alveolata;Dinoflagellata;Dinophyceae;Gymnodiniales;Gymnodiniaceae,21,sample_110,FP_DI_20190212_1,2018-2019,NA,2019,02,12,2019-02-12T00:00:00Z,1899-12-31T08:53:00Z,1899-12-31T11:53:00Z,43508,DI,Danco Island,Danco Island,-64.746,-62.622,64°45.03'S,062°36.19'W,-64.7508,-62.6053,GA,G Adventures,Expedition,9.26,12.542316447720507,1,2,"CC1531002_20190212_122301.csv,CC1531002_20190212_123111.csv",NA,NA,NA,NA,NA,NA,NA,NA,WAP,fall,middle
82de9b71a3c330b514ed4e731ca12a0d,Eukaryota;Alveolata;Dinoflagellata;Dinophyceae;Gymnodiniales;Gymnodiniaceae,44,sample_111,FP_DI_20190219_1,2018-2019,NA,2019,02,19,2019-02-19T00:00:00Z,1899-12-31T17:06:00Z,1899-12-31T20:06:00Z,43515,DI,Danco Island,Danco Island,-64.746,-62.622,64°45.03'S,062°36.19'W,-64.7508,-62.6053,HU,Hurtigruten Expeditions,Midnatsol,11.9,16.11809565095832,1,1,CC1627007_20190219_195011.csv,NA,NA,NA,NA,NA,NA,NA,NA,WAP,fall,middle
82de9b71a3c330b514ed4e731ca12a0d,Eukaryota;Alveolata;Dinoflagellata;Dinophyceae;Gymnodiniales;Gymnodiniaceae,75,sample_113,FP_DI_20190226_1,2018-2019,NA,2019,02,26,2019-02-26T00:00:00Z,1899-12-31T17:57:00Z,1899-12-31T20:57:00Z,43522,DI,Danco Island,Danco Island,-64.746,-62.622,64°45.03'S,062°36.19'W,-64.7508,-62.6053,CH,Cheesemans Safaris,Ioffe,NA,NA,0,1,CC1838012_20190226_210258.csv,NA,NA,NA,NA,NA,NA,NA,NA,WAP,fall,middle
82de9b71a3c330b514ed4e731ca12a0d,Eukaryota;Alveolata;Dinoflagellata;Dinophyceae;Gymnodiniales;Gymnodiniaceae,67,sample_114,FP_NH_20181209_1,2018-2019,NA,2018,12,09,2018-12-09T00:00:00Z,1899-12-31T08:45:00Z,1899-12-31T11:45:00Z,43443,NH,Neko Harbour,Neko Harbour,-64.8509,-62.54185,64°50.57’S,62°32.22’W,-64.8492,-62.5394,GA,G Adventures,Expedition,10.32,13.978045976293265,1,2,"CC1531002_20181209_114836.csv,CC1531002_20181209_115644.csv",NA,NA,NA,NA,NA,NA,NA,NA,WAP,summer,middle
82de9b71a3c330b514ed4e731ca12a0d,Eukaryota;Alveolata;Dinoflagellata;Dinophyceae;Gymnodiniales;Gymnodiniaceae,69,sample_115,FP_NH_20181215_1,2018-2019,NA,2018,12,15,2018-12-15T00:00:00Z,1899-12-31T09:10:00Z,1899-12-31T12:10:00Z,43448,NH,Neko Harbour,Neko Harbour,-64.8509,-62.54185,64°50.57’S,62°32.22’W,-64.8492,-62.5394,PL,Polar Latitudes,Heb Sky,6.1,8.262217098390398,1,2,"CC1735003_20181215_121511.csv,CC1735003_20181215_122354.csv",NA,NA,NA,NA,NA,NA,NA,NA,WAP,summer,middle
82de9b71a3c330b514ed4e731ca12a0d,Eukaryota;Alveolata;Dinoflagellata;Dinophyceae;Gymnodiniales;Gymnodiniaceae,14,sample_116,FP_NH_20181216_1,2018-2019,NA,2018,12,16,2018-12-16T00:00:00Z,1899-12-31T14:26:00Z,1899-12-31T17:26:00Z,43450,NH,Neko Harbour,Neko Harbour,-64.8509,-62.54185,64°50.57’S,62°32.22’W,-64.8492,-62.5394,GA,G Adventures,Expedition,6.86,9.291608081140678,1,2,"CC1531002_20181216_173427.csv,CC1531002_20181216_174358.csv",NA,NA,NA,NA,NA,NA,NA,NA,WAP,summer,middle
82de9b71a3c330b514ed4e731ca12a0d,Eukaryota;Alveolata;Dinoflagellata;Dinophyceae;Gymnodiniales;Gymnodiniaceae,212,sample_118,FP_NH_20190109_1,2018-2019,NA,2019,01,09,2019-01-09T00:00:00Z,1899-12-31T19:20:00Z,1899-12-31T22:20:00Z,43474,NH,Neko Harbour,Neko Harbour,-64.8509,-62.54185,64°50.57’S,62°32.22’W,-64.8492,-62.5394,HU,Hurtigruten Expeditions,Midnatsol,4.18,5.661650405126535,1,0,NA,NA,NA,NA,NA,NA,NA,NA,NA,WAP,summer,middle
82de9b71a3c330b514ed4e731ca12a0d,Eukaryota;Alveolata;Dinoflagellata;Dinophyceae;Gymnodiniales;Gymnodiniaceae,210,sample_119,FP_NH_20190121_1,2018-2019,NA,2019,01,21,2019-01-21T00:00:00Z,1899-12-31T09:29:00Z,1899-12-31T12:29:00Z,43486,NH,Neko Harbour,Neko Harbour,-64.8509,-62.54185,64°50.57’S,62°32.22’W,-64.8492,-62.5394,A21,Antarctica21,Ocean Nova,NA,1353.1073575888538,0,1,CC1838012_20190121_123905.csv,NA,NA,NA,NA,NA,NA,NA,NA,WAP,summer,middle
82de9b71a3c330b514ed4e731ca12a0d,Eukaryota;Alveolata;Dinoflagellata;Dinophyceae;Gymnodiniales;Gymnodiniaceae,623,sample_120,FP_NH_20190127_1,2018-2019,NA,2019,01,27,2019-01-27T00:00:00Z,1899-12-31T08:50:00Z,1899-12-31T11:50:00Z,43492,NH,Neko Harbour,Neko Harbour,-64.8509,-62.54185,64°50.57’S,62°32.22’W,-64.8492,-62.5394,GA,G Adventures,Expedition,7.06,9.56250044502233,1,2,"CC1531002_20190127_122055.csv,CC1531002_20190127_123633.csv",NA,NA,NA,NA,NA,NA,NA,NA,WAP,summer,middle
82de9b71a3c330b514ed4e731ca12a0d,Eukaryota;Alveolata;Dinoflagellata;Dinophyceae;Gymnodiniales;Gymnodiniaceae,955,sample_121,FP_NH_20190127_2,2018-2019,NA,2019,01,27,2019-01-27T00:00:00Z,1899-12-31T14:48:00Z,1899-12-31T17:48:00Z,43492,NH,Neko Harbour,Neko Harbour,-64.8509,-62.54185,64°50.57’S,62°32.22’W,-64.8492,-62.5394,A21,Antarctica21,Ocean Nova,8.5,11.512925464970229,1,2,"CC1838012_20190127_175837.csv,CC1838012_20190127_183057.csv",NA,NA,NA,NA,NA,NA,NA,NA,WAP,summer,middle
82de9b71a3c330b514ed4e731ca12a0d,Eukaryota;Alveolata;Dinoflagellata;Dinophyceae;Gymnodiniales;Gymnodiniaceae,16,sample_122,FP_NH_20190203_1,2018-2019,NA,2019,02,03,2019-02-03T00:00:00Z,1899-12-31T14:55:00Z,1899-12-31T17:55:00Z,43499,NH,Neko Harbour,Neko Harbour,-64.8509,-62.54185,64°50.57’S,62°32.22’W,-64.8492,-62.5394,GA,G Adventures,Expedition,8.96,12.13597790189803,1,3,"CC1531002_20190203_181456.csv,CC1531002_20190203_182432.csv,CC1735003_20190203_184705.csv",NA,NA,NA,NA,NA,NA,NA,NA,WAP,fall,middle
82de9b71a3c330b514ed4e731ca12a0d,Eukaryota;Alveolata;Dinoflagellata;Dinophyceae;Gymnodiniales;Gymnodiniaceae,139,sample_123,FP_NH_20190212_1,2018-2019,NA,2019,02,12,2019-02-12T00:00:00Z,1899-12-31T15:00:00Z,1899-12-31T18:00:00Z,43508,NH,Neko Harbour,Neko Harbour,-64.8509,-62.54185,64°50.57’S,62°32.22’W,-64.8492,-62.5394,GA,G Adventures,Expedition,6.76,9.156161899199851,1,2,"CC1531002_20190212_182609.csv,CC1531002_20190212_184258.csv",NA,NA,NA,NA,NA,NA,NA,NA,WAP,fall,middle
82de9b71a3c330b514ed4e731ca12a0d,Eukaryota;Alveolata;Dinoflagellata;Dinophyceae;Gymnodiniales;Gymnodiniaceae,47,sample_124,FP_NH_20190215_2,2018-2019,NA,2019,02,15,2019-02-15T00:00:00Z,1899-12-31T10:27:00Z,1899-12-31T13:27:00Z,43511,NH,Neko Harbour,Neko Harbour,-64.8509,-62.54185,64°50.57’S,62°32.22’W,-64.8492,-62.5394,PL,Polar Latitudes,Heb Sky,8.1,10.971140737206921,1,1,CC1735003_20190215_133625.csv,NA,NA,NA,NA,NA,NA,NA,NA,WAP,fall,middle
82de9b71a3c330b514ed4e731ca12a0d,Eukaryota;Alveolata;Dinoflagellata;Dinophyceae;Gymnodiniales;Gymnodiniaceae,146,sample_126,FP_NH_20190308_1,2018-2019,NA,2019,03,08,2019-03-08T00:00:00Z,1899-12-31T16:25:00Z,1899-12-31T19:25:00Z,43532,NH,Neko Harbour,Neko Harbour,-64.8509,-62.54185,64°50.57’S,62°32.22’W,-64.8492,-62.5394,PL,Polar Latitudes,ISK,12.7,17.201665106484928,1,1,CC1735004_20190308_194328.csv,NA,NA,NA,NA,NA,NA,NA,NA,WAP,fall,middle
82de9b71a3c330b514ed4e731ca12a0d,Eukaryota;Alveolata;Dinoflagellata;Dinophyceae;Gymnodiniales;Gymnodiniaceae,58,sample_127,FP_NH_20190310_1,2018-2019,NA,2019,03,10,2019-03-10T00:00:00Z,1899-12-31T14:26:00Z,1899-12-31T17:26:00Z,43534,NH,Neko Harbour,Neko Harbour,-64.8509,-62.54185,64°50.57’S,62°32.22’W,-64.8492,-62.5394,GA,G Adventures,Expedition,11.57,15.671123250553594,1,2,"CC1531002_20190310_181408.csv,CC1531002_20190310_183005.csv",NA,NA,NA,NA,NA,NA,NA,NA,WAP,fall,middle
82de9b71a3c330b514ed4e731ca12a0d,Eukaryota;Alveolata;Dinoflagellata;Dinophyceae;Gymnodiniales;Gymnodiniaceae,123,sample_128,FP_NH_20190319_1,2018-2019,NA,2019,03,19,2019-03-19T00:00:00Z,1899-12-31T08:44:00Z,1899-12-31T11:44:00Z,43543,NH,Neko Harbour,Neko Harbour,-64.8509,-62.54185,64°50.57’S,62°32.22’W,-64.8492,-62.5394,GA,G Adventures,Expedition,11.61,15.725301723329922,1,2,"CC1531002_20190319_121918.csv,CC1531002_20190319_123406.csv",NA,NA,NA,NA,NA,NA,NA,NA,WAP,fall,middle
82de9b71a3c330b514ed4e731ca12a0d,Eukaryota;Alveolata;Dinoflagellata;Dinophyceae;Gymnodiniales;Gymnodiniaceae,179,sample_130,FP_OH_20181210_1,2018-2019,NA,2018,12,10,2018-12-10T00:00:00Z,1899-12-31T15:00:00Z,1899-12-31T18:00:00Z,43444,OH,Orne Harbour,Orne Harbour,-64.638,-62.534,64°38.27'W,062°32.21'S,-64.6408,-62.5392,PL,Polar Latitudes,Heb Sky,9.65,13.070556557289729,1,1,CC1735003_20181210_182625.csv,NA,NA,NA,NA,NA,NA,NA,NA,WAP,summer,middle
82de9b71a3c330b514ed4e731ca12a0d,Eukaryota;Alveolata;Dinoflagellata;Dinophyceae;Gymnodiniales;Gymnodiniaceae,22,sample_131,FP_OH_20181215_1,2018-2019,NA,2018,12,15,2018-12-15T00:00:00Z,1899-12-31T15:25:00Z,1899-12-31T18:25:00Z,43449,OH,Orne Harbour,Orne Harbour,-64.638,-62.534,64°38.27'W,062°32.21'S,-64.6408,-62.5392,PL,Polar Latitudes,Heb Sky,9.5,12.86738728437849,1,1,CC1735003_20181215_185837.csv,NA,NA,NA,NA,NA,NA,NA,NA,WAP,summer,middle
82de9b71a3c330b514ed4e731ca12a0d,Eukaryota;Alveolata;Dinoflagellata;Dinophyceae;Gymnodiniales;Gymnodiniaceae,53,sample_132,FP_OH_20181225_1,2018-2019,NA,2018,12,25,2018-12-25T00:00:00Z,1899-12-31T15:36:00Z,1899-12-31T18:36:00Z,43459,OH,Orne Harbour,Orne Harbour,-64.638,-62.534,64°38.27'W,062°32.21'S,-64.6408,-62.5392,PL,Polar Latitudes,Heb Sky,11,14.899080013490883,1,1,CC1735003_20181225_184058.csv,NA,NA,NA,NA,NA,NA,NA,NA,WAP,summer,middle
82de9b71a3c330b514ed4e731ca12a0d,Eukaryota;Alveolata;Dinoflagellata;Dinophyceae;Gymnodiniales;Gymnodiniaceae,29,sample_134,FP_OH_20190222_1,2018-2019,NA,2019,02,22,2019-02-22T00:00:00Z,1899-12-31T08:47:00Z,1899-12-31T11:47:00Z,43518,OH,Orne Harbour,Orne Harbour,-64.638,-62.534,64°38.27'W,062°32.21'S,-64.6408,-62.5392,CH,Cheesemans Safaris,NA,8.3,11.242033101088577,1,1,CC1838012_20190222_115045.csv,NA,NA,NA,NA,NA,NA,NA,NA,WAP,fall,middle
82de9b71a3c330b514ed4e731ca12a0d,Eukaryota;Alveolata;Dinoflagellata;Dinophyceae;Gymnodiniales;Gymnodiniaceae,136,sample_136,FP_PH_20181209_1,2018-2019,NA,2018,12,09,2018-12-09T00:00:00Z,1899-12-31T15:32:00Z,1899-12-31T18:32:00Z,43443,PH,Paradise Harbour,Paradise Harbour,-64.912,-62.862,64°54.66'S,062°51.94'W,-64.9183,-62.8761,GA,G Adventures,Expedition,8.1,10.971140737206921,1,2,"CC1531002_20181209_183441.csv,CC1531002_20181209_184044.csv",NA,NA,NA,NA,NA,NA,NA,NA,WAP,summer,middle
82de9b71a3c330b514ed4e731ca12a0d,Eukaryota;Alveolata;Dinoflagellata;Dinophyceae;Gymnodiniales;Gymnodiniaceae,54,sample_137,FP_PH_20191220_1,2019-2020,NA,2019,12,20,2019-12-20T00:00:00Z,NA,NA,43819,PH,Paradise Harbour,Paradise Harbour,-64.912,-62.862,64°54.66'S,062°51.94'W,-64.9183,-62.8761,PL,Polar Latitudes,NA,NA,1353.1073575888538,0,0,NA,NA,NA,NA,NA,NA,NA,NA,NA,WAP,summer,middle
82de9b71a3c330b514ed4e731ca12a0d,Eukaryota;Alveolata;Dinoflagellata;Dinophyceae;Gymnodiniales;Gymnodiniaceae,62,sample_138,FP_PH_20181225_1,2018-2019,NA,2018,12,25,2018-12-25T00:00:00Z,1899-12-31T15:08:00Z,1899-12-31T18:08:00Z,43459,PH,Paradise Harbour,Paradise Harbour,-64.912,-62.862,64°54.66'S,062°51.94'W,-64.9183,-62.8761,GA,G Adventures,Expedition,4.46,6.040899714560849,1,2,"CC1531002_20181225_181607.csv,CC1531002_20181225_182410.csv",NA,NA,NA,NA,NA,NA,NA,NA,WAP,summer,middle
82de9b71a3c330b514ed4e731ca12a0d,Eukaryota;Alveolata;Dinoflagellata;Dinophyceae;Gymnodiniales;Gymnodiniaceae,234,sample_140,FP_PH_20190127_1,2018-2019,NA,2019,01,27,2019-01-27T00:00:00Z,1899-12-31T11:45:00Z,1899-12-31T14:45:00Z,43492,PH,Paradise Harbour,Paradise Harbour,-64.912,-62.862,NA,NA,-64.8944235,-62.8708816,A21,Antarctica21,Ocean Nova,5.5,7.449540006745441,1,1,CC1838012_20190127_144152.csv,NA,NA,NA,NA,NA,NA,NA,NA,WAP,summer,middle
82de9b71a3c330b514ed4e731ca12a0d,Eukaryota;Alveolata;Dinoflagellata;Dinophyceae;Gymnodiniales;Gymnodiniaceae,106,sample_142,FP_PH_20190224_1,2018-2019,NA,2019,02,24,2019-02-24T00:00:00Z,1899-12-31T17:56:00Z,1899-12-31T20:56:00Z,43520,PH,Paradise Harbour,Paradise Harbour,-64.912,-62.862,64°54.66'S,062°51.94'W,-64.9183,-62.8761,CH,Cheesemans Safaris,Ioffe,NA,1353.1073575888538,0,1,CC1838012_20190224_205903.csv,NA,NA,NA,NA,NA,NA,NA,NA,WAP,fall,middle
82de9b71a3c330b514ed4e731ca12a0d,Eukaryota;Alveolata;Dinoflagellata;Dinophyceae;Gymnodiniales;Gymnodiniaceae,42,sample_146,FP_WH_20190121_1,2018-2019,NA,2019,01,21,2019-01-21T00:00:00Z,1899-12-31T16:00:00Z,1899-12-31T19:00:00Z,43486,WH,Wilhelmina Bay,Wilhelmina Bay,-64.642,-62.16,64°39.41’S,62°08.14’W,-64.6614,-62.1372,A21,Antarctica21,Ocean Nova,5.5,7.449540006745441,1,1,CC1838012_20190121_203125.csv,NA,NA,NA,NA,NA,NA,NA,NA,WAP,summer,middle
82de9b71a3c330b514ed4e731ca12a0d,Eukaryota;Alveolata;Dinoflagellata;Dinophyceae;Gymnodiniales;Gymnodiniaceae,30,sample_149,FP_WH_20190111_1,2018-2019,NA,2019,01,11,2019-01-11T00:00:00Z,1899-12-31T15:20:00Z,1899-12-31T18:20:00Z,43476,WH,Wilhelmina Bay,Wilhelmina Bay,-64.642,-62.16,64°30.43'S,61°58.48'W,-64.5119,-61.98,HU,Hurtigruten Expeditions,Midnatsol,7.23,9.792758954321735,1,0,NA,NA,NA,NA,NA,NA,NA,NA,NA,WAP,summer,middle
82de9b71a3c330b514ed4e731ca12a0d,Eukaryota;Alveolata;Dinoflagellata;Dinophyceae;Gymnodiniales;Gymnodiniaceae,56,sample_150,FP_WH_20190112_1,2018-2019,NA,2019,01,12,2019-01-12T00:00:00Z,1899-12-31T09:32:00Z,1899-12-31T12:32:00Z,43477,WH,Wilhelmina Bay,Wilhelmina Bay,-64.642,-62.16,64°30.43'S,61°58.48'W,-64.5119,-61.98,QE,Quixote Expeditions,NA,NA,1353.1073575888538,0,1,CC1735004_20190112_124859.csv,NA,NA,NA,NA,NA,NA,NA,NA,WAP,summer,middle
82de9b71a3c330b514ed4e731ca12a0d,Eukaryota;Alveolata;Dinoflagellata;Dinophyceae;Gymnodiniales;Gymnodiniaceae,55,sample_151,FP_WH_20190128_1,2018-2019,NA,2019,01,28,2019-01-28T00:00:00Z,1899-12-31T16:40:00Z,1899-12-31T19:40:00Z,43493,WH,Wilhelmina Bay,Wilhelmina Bay,-64.642,-62.16,64°30.43'S,61°58.48'W,-64.5119,-61.98,A21,Antarctica21,Ocean Nova,8.5,11.512925464970229,1,1,CC1838012_20190128_194301.csv,NA,NA,NA,NA,NA,NA,NA,NA,WAP,summer,middle
82de9b71a3c330b514ed4e731ca12a0d,Eukaryota;Alveolata;Dinoflagellata;Dinophyceae;Gymnodiniales;Gymnodiniaceae,54,sample_152,FP_WH_20190201_1,2018-2019,NA,2019,02,01,2019-02-01T00:00:00Z,1899-12-31T13:06:00Z,1899-12-31T16:06:00Z,43497,WH,Wilhelmina Bay,Wilhelmina Bay,-64.642,-62.16,64°30.43'S,61°58.48'W,-64.5119,-61.98,QE,Quixote Expeditions,NA,6.7,9.074894190035355,1,1,CC1735004_20190201_161716.csv,NA,NA,NA,NA,NA,NA,NA,NA,WAP,fall,middle
82de9b71a3c330b514ed4e731ca12a0d,Eukaryota;Alveolata;Dinoflagellata;Dinophyceae;Gymnodiniales;Gymnodiniaceae,17,sample_154,FP_BB_20190128_1,2018-2019,NA,2019,01,28,2019-01-28T00:00:00Z,1899-12-31T11:10:00Z,1899-12-31T14:10:00Z,43493,BB,Brown Bluff,Brown Bluff,-63.52,-56.873,63°31.11'S,56°51.83'W,-63.5197,-56.8731,HU,Hurtigruten Expeditions,Midnatsol,20.8,28.17280584369185,1,1,CC1627007_20190128_143555.csv,NA,NA,NA,NA,NA,NA,NA,NA,WAP,summer,middle
82de9b71a3c330b514ed4e731ca12a0d,Eukaryota;Alveolata;Dinoflagellata;Dinophyceae;Gymnodiniales;Gymnodiniaceae,68,sample_155,FP_ER_20190201_1,2018-2019,NA,2019,02,01,2019-02-01T00:00:00Z,1899-12-31T10:00:00Z,1899-12-31T13:00:00Z,43497,ER,Eden Rocks,Eden Rocks,-63.495,-55.702,-63.581499999999998,-55.642699999999998,-63.5815,-55.6427,A21,Antarctica21,Ocean Nova,19,25.73477456875698,1,1,CC1838012_20190201_132258.csv,NA,NA,NA,NA,NA,NA,NA,NA,WAP,fall,middle
82de9b71a3c330b514ed4e731ca12a0d,Eukaryota;Alveolata;Dinoflagellata;Dinophyceae;Gymnodiniales;Gymnodiniaceae,125,sample_161,FP_PT_20190217_1,2018-2019,NA,2019,02,17,2019-02-17T00:00:00Z,1899-12-31T14:30:00Z,1899-12-31T17:30:00Z,43513,PT,Petermann Island,Petermann Island,-65.173,-64.116,65°10.95’S,64°08.21’W,-65.1931,-64.1392,GA,G Adventures,Expedition,19.6,26.54745166040194,1,3,"CC1531002_20190217_174712.csv,CC1531002_20190217_175307.csv,CC1531002_20190217_175957.csv",NA,NA,NA,NA,NA,NA,NA,NA,WAP,fall,middle
82de9b71a3c330b514ed4e731ca12a0d,Eukaryota;Alveolata;Dinoflagellata;Dinophyceae;Gymnodiniales;Gymnodiniaceae,27,sample_163,FP_PT_20190311_1,2018-2019,NA,2019,03,11,2019-03-11T00:00:00Z,1899-12-31T14:43:00Z,1899-12-31T17:43:00Z,43535,PT,Petermann Island,Petermann Island,-65.173,-64.116,65°10.95’S,64°08.21’W,-65.1931,-64.1392,GA,G Adventures,Expedition,6.1,8.262217098390398,1,2,"CC1531002_20190311_181230.csv,CC1531002_20190311_182331.csv",NA,NA,NA,NA,NA,NA,NA,NA,WAP,fall,middle
82de9b71a3c330b514ed4e731ca12a0d,Eukaryota;Alveolata;Dinoflagellata;Dinophyceae;Gymnodiniales;Gymnodiniaceae,111,sample_164,FP_NH_20190305_1,2018-2019,NA,2019,03,05,2019-03-05T00:00:00Z,1899-12-31T13:00:00Z,1899-12-31T16:00:00Z,43529,NH,Neko Harbour,Neko Harbour,-64.8509,-62.54185,"64°50,584S","62°32,034W",NA,NA,B121,Belgica 121,NA,NA,NA,0,0,NA,NA,NA,NA,NA,NA,NA,NA,NA,WAP,fall,middle
82de9b71a3c330b514ed4e731ca12a0d,Eukaryota;Alveolata;Dinoflagellata;Dinophyceae;Gymnodiniales;Gymnodiniaceae,59,sample_165,FP_UI_20190307_1,2018-2019,NA,2019,03,07,2019-03-07T00:00:00Z,1899-12-31T12:15:00Z,1899-12-31T15:15:00Z,43531,UI,Useful Island,Useful Island,-64.725,-62.858,"64°43,129S","62°52,174W",NA,NA,B121,Belgica 121,NA,9.7,13.138279648260141,1,0,NA,NA,NA,NA,NA,NA,NA,NA,NA,WAP,fall,middle
82de9b71a3c330b514ed4e731ca12a0d,Eukaryota;Alveolata;Dinoflagellata;Dinophyceae;Gymnodiniales;Gymnodiniaceae,62,sample_166,FP_PH_20190310_1,2018-2019,NA,2019,03,10,2019-03-10T00:00:00Z,1899-12-31T09:00:00Z,1899-12-31T12:00:00Z,43534,PH,Paradise Harbour,Paradise Harbour,-64.912,-62.862,NA,NA,NA,NA,B121,Belgica 121,NA,7.6,10.293909827502791,1,0,NA,NA,NA,NA,NA,NA,NA,NA,NA,WAP,fall,middle
82de9b71a3c330b514ed4e731ca12a0d,Eukaryota;Alveolata;Dinoflagellata;Dinophyceae;Gymnodiniales;Gymnodiniaceae,43,sample_167,FP_PT_20190313_1,2018-2019,NA,2019,03,13,2019-03-13T00:00:00Z,1899-12-31T18:30:00Z,1899-12-31T21:30:00Z,43537,PT,Petermann Island,Petermann Island,-65.173,-64.116,"65°11,079S","64°08,336W",NA,NA,B121,Belgica 121,NA,NA,NA,0,0,NA,NA,NA,NA,NA,NA,NA,NA,NA,WAP,fall,middle
82de9b71a3c330b514ed4e731ca12a0d,Eukaryota;Alveolata;Dinoflagellata;Dinophyceae;Gymnodiniales;Gymnodiniaceae,86,sample_168,FP_BB_20200126_1,2019-2020,NA,2020,01,26,2020-01-26T00:00:00Z,1899-12-31T20:15:00Z,1899-12-31T23:15:00Z,43856,BB,Brown Bluff,Brown Bluff,-63.52,-56.873,63°31.11'S,56°51.83'W,-63.5197,-56.8731,A21,Antarctica21,Ocean Nova,15,20.316927291123932,1,0,NA,NA,NA,NA,NA,NA,NA,NA,NA,WAP,summer,middle
82de9b71a3c330b514ed4e731ca12a0d,Eukaryota;Alveolata;Dinoflagellata;Dinophyceae;Gymnodiniales;Gymnodiniaceae,492,sample_169,FP_PP_20191224_1,2019-2020,NA,2019,12,24,2019-12-24T00:00:00Z,1899-12-31T17:00:00Z,1899-12-31T20:00:00Z,43823,PP,Charlotte Bay,Portal Point,-64.502,-61.756,64° 34′ 59″ S,61° 37′ 59″ W,-64.583,-61.633,A21,Antarctica21,Magellan,5.3,7.1786476428637895,1,0,NA,NA,NA,NA,NA,NA,NA,NA,NA,WAP,summer,middle
82de9b71a3c330b514ed4e731ca12a0d,Eukaryota;Alveolata;Dinoflagellata;Dinophyceae;Gymnodiniales;Gymnodiniaceae,9,sample_170,FP_CC_20191218_1,2019-2020,NA,2019,12,18,2019-12-18T00:00:00Z,1899-12-31T17:15:00Z,1899-12-31T20:15:00Z,43817,CC,Cierva Cove,Cierva Cove,-64.156,-60.873,64°7.41’S,60°56.79’W,-64.1281,-60.9553,A21,Antarctica21,Magellan,7.9,10.700248373325271,1,0,NA,NA,NA,NA,NA,NA,NA,NA,NA,WAP,summer,middle
82de9b71a3c330b514ed4e731ca12a0d,Eukaryota;Alveolata;Dinoflagellata;Dinophyceae;Gymnodiniales;Gymnodiniaceae,11,sample_171,FP_CC_20200119_1,2019-2020,NA,2020,01,19,2020-01-19T00:00:00Z,1899-12-31T15:30:00Z,1899-12-31T18:30:00Z,43849,CC,Cierva Cove,Cierva Cove,-64.156,-60.873,NA,NA,NA,NA,A21,Antarctica21,Ocean Nova,8.9,12.054710192733532,1,0,NA,NA,NA,NA,NA,NA,NA,NA,Tentetively labelled as sample_171.,WAP,summer,middle
82de9b71a3c330b514ed4e731ca12a0d,Eukaryota;Alveolata;Dinoflagellata;Dinophyceae;Gymnodiniales;Gymnodiniaceae,72,sample_173,FP_CI_20191215_1,2019-2020,NA,2019,12,15,2019-12-15T00:00:00Z,1899-12-31T16:20:00Z,1899-12-31T19:20:00Z,43814,CI,Cuverville,Cuverville Island,-64.671,-62.611,64°40.2’S,62°38.4’W,-64.6672,-62.6344,A21,Antarctica21,Magellan,12.36,16.741148087886117,1,1,CC1838012_20191215_193313.csv,NA,NA,NA,NA,NA,NA,NA,NA,WAP,summer,middle
82de9b71a3c330b514ed4e731ca12a0d,Eukaryota;Alveolata;Dinoflagellata;Dinophyceae;Gymnodiniales;Gymnodiniaceae,130,sample_174,FP_DI_20200121_1,2019-2020,NA,2020,01,21,2020-01-21T00:00:00Z,1899-12-31T17:15:00Z,1899-12-31T20:15:00Z,43851,DI,Danco Island,Danco Island,-64.746,-62.622,64°45.03'S,062°36.19'W,-64.7508,-62.6053,A21,Antarctica21,Ocean Nova,11.78,15.955560232629326,1,0,NA,NA,NA,NA,NA,NA,NA,NA,NA,WAP,summer,middle
82de9b71a3c330b514ed4e731ca12a0d,Eukaryota;Alveolata;Dinoflagellata;Dinophyceae;Gymnodiniales;Gymnodiniaceae,87,sample_175,FP_HM_20191109_2,2019-2020,NA,2019,11,09,2019-11-09T00:00:00Z,1899-12-31T09:45:00Z,1899-12-31T12:45:00Z,43778,HM,Half-moon Island,Halfmoon Island,-62.595,-59.974,-62.603499999999997,-59.902900000000002,-62.6035,-59.9029,HU,Hurtigruten Expeditions,Roald Amundsen,6.7,9.074894190035355,1,1,CC1849003_20191109_125332.csv,NA,NA,NA,NA,NA,NA,NA,NA,WAP,summer,shetlands
82de9b71a3c330b514ed4e731ca12a0d,Eukaryota;Alveolata;Dinoflagellata;Dinophyceae;Gymnodiniales;Gymnodiniaceae,4186,sample_179,FP_MX_20191212_1,2019-2020,NA,2019,12,12,2019-12-12T00:00:00Z,1899-12-31T09:08:00Z,1899-12-31T12:08:00Z,43811,MX,Maxwell Bay,Maxwell Bay,-62.223,-58.859,62° 15′ 0″ S,58° 51′ 0″ W,-62.25,-58.85,A21,Antarctica21,Magellan,6.4,8.668555644212876,1,2,"CC1838012_20191212_123256.csv,CC1838012_20191212_121351.csv",NA,NA,NA,NA,NA,NA,NA,NA,WAP,summer,shetlands
82de9b71a3c330b514ed4e731ca12a0d,Eukaryota;Alveolata;Dinoflagellata;Dinophyceae;Gymnodiniales;Gymnodiniaceae,78,sample_181,FP_UI_20191215_1,2019-2020,NA,2019,12,15,2019-12-15T00:00:00Z,1899-12-31T13:50:00Z,1899-12-31T16:50:00Z,43814,UI,Transect 1 -Useful,Useful Island,-64.725,-62.858,64°43.4885'S,62°51.4982'W,NA,NA,A21,Antarctica21,Magellan,7.8,10.564802191384445,1,3,"CC1838012_20191215_170942.csv,CC1838012_20191215_170633.csv,CC1838012_20191215_170249.csv",NA,NA,NA,NA,NA,NA,NA,NA,WAP,summer,middle
82de9b71a3c330b514ed4e731ca12a0d,Eukaryota;Alveolata;Dinoflagellata;Dinophyceae;Gymnodiniales;Gymnodiniaceae,38,sample_182,FP_EC_20191215_2,2019-2020,NA,2019,12,15,2019-12-15T00:00:00Z,1899-12-31T13:15:00Z,1899-12-31T16:15:00Z,43814,EC,Transect 2 -Errera,Errera Channel,-64.81,-62.67,64°46.7675'S,62°44.4223'W,NA,NA,A21,Antarctica21,Magellan,5.9,7.991324734508748,1,4,"CC1838012_20191215_162520.csv,CC1838012_20191215_162445.csv,CC1838012_20191215_162124.csv,CC1838012_20191215_161755.csv",NA,NA,NA,NA,NA,NA,NA,NA,WAP,summer,middle
82de9b71a3c330b514ed4e731ca12a0d,Eukaryota;Alveolata;Dinoflagellata;Dinophyceae;Gymnodiniales;Gymnodiniaceae,32,sample_183,FP_AB_20191215_1,2019-2020,NA,2019,12,15,2019-12-15T00:00:00Z,1899-12-31T12:32:00Z,1899-12-31T15:32:00Z,43814,AB,Transect 3 -Mid,Mid Andvord Bay,-64.808,-62.672,64°48.5224'S,62°40.3064'W,NA,NA,A21,Antarctica21,Magellan,NA,1353.1073575888538,0,3,"CC1838012_20191215_154408.csv,CC1838012_20191215_154036.csv,CC1838012_20191215_153602.csv",NA,NA,NA,NA,NA,NA,NA,NA,WAP,summer,middle
82de9b71a3c330b514ed4e731ca12a0d,Eukaryota;Alveolata;Dinoflagellata;Dinophyceae;Gymnodiniales;Gymnodiniaceae,33,sample_184,FP_NH_20191215_1,2019-2020,NA,2019,12,15,2019-12-15T00:00:00Z,1899-12-31T09:48:00Z,1899-12-31T12:48:00Z,43814,NH,Transect 4-Neko Harbour,Neko Harbour,-64.8509,-62.54185,NA,NA,-64.8448,-62.5338,A21,Antarctica21,Magellan,6.13,8.302850952972646,1,3,"CC1838012_20191215_133932.csv,CC1838012_20191215_133518.csv,CC1838012_20191215_125936.csv",NA,NA,NA,NA,NA,NA,NA,NA,WAP,summer,middle
82de9b71a3c330b514ed4e731ca12a0d,Eukaryota;Alveolata;Dinoflagellata;Dinophyceae;Gymnodiniales;Gymnodiniaceae,62,sample_185,FP_NH_20191215_2,2019-2020,NA,2019,12,15,2019-12-15T00:00:00Z,1899-12-31T11:30:00Z,1899-12-31T14:30:00Z,43814,NH,Transect 5-Int,Neko Harbour,-64.8509,-62.54185,64°52.2926'S,62°34.4635'W,NA,NA,A21,Antarctica21,Magellan,4.5,6.0950781873371795,1,3,"CC1838012_20191215_143917.csv,CC1838012_20191215_143551.csv,CC1838012_20191215_142843.csv",NA,NA,NA,NA,NA,NA,NA,NA,WAP,summer,middle
82de9b71a3c330b514ed4e731ca12a0d,Eukaryota;Alveolata;Dinoflagellata;Dinophyceae;Gymnodiniales;Gymnodiniaceae,225,sample_187,FP_OH_20191108_1,2019-2020,NA,2019,11,08,2019-11-08T00:00:00Z,1899-12-31T09:30:00Z,1899-12-31T12:30:00Z,43777,OH,Orne Harbour,Orne Harbour,-64.638,-62.534,64°38.27'W,062°32.21'S,-64.6408,-62.5392,HU,Hurtigruten Expeditions,NA,NA,NA,0,0,NA,NA,NA,NA,NA,NA,NA,NA,NA,WAP,summer,middle
82de9b71a3c330b514ed4e731ca12a0d,Eukaryota;Alveolata;Dinoflagellata;Dinophyceae;Gymnodiniales;Gymnodiniaceae,74,sample_190,FP_OH_20191117_2,2019-2020,NA,2019,11,17,2019-11-17T00:00:00Z,1899-12-31T01:12:00Z,1899-12-31T04:12:00Z,43786,OH,Orne Harbour,Orne Harbour,-64.638,-62.534,64°38.27'W,062°32.21'S,-64.6408,-62.5392,HU,Hurtigruten Expeditions,NA,NA,1353.1073575888538,0,0,NA,NA,NA,NA,NA,NA,NA,NA,NA,WAP,summer,middle
82de9b71a3c330b514ed4e731ca12a0d,Eukaryota;Alveolata;Dinoflagellata;Dinophyceae;Gymnodiniales;Gymnodiniaceae,90,sample_191,FP_OH_20191220_1,2019-2020,NA,2019,12,20,2019-12-20T00:00:00Z,1899-12-31T15:35:00Z,1899-12-31T18:35:00Z,43819,OH,Orne Harbour,Orne Harbour,-64.638,-62.534,64°38.27'W,062°32.21'S,-64.6408,-62.5392,A21,Antarctica21,Magellan,6.6,8.93944800809453,1,2,"CC1838012_20191220_190448.csv,CC1838012_20191220_185606.csv",NA,NA,NA,NA,NA,NA,NA,NA,WAP,summer,middle
82de9b71a3c330b514ed4e731ca12a0d,Eukaryota;Alveolata;Dinoflagellata;Dinophyceae;Gymnodiniales;Gymnodiniaceae,169,sample_192,FP_PH_20191225_1,2019-2020,NA,2019,12,25,2019-12-25T00:00:00Z,1899-12-31T10:00:00Z,1899-12-31T13:00:00Z,43824,PH,Paradise Harbour,Paradise Harbour,-64.912,-62.862,64°54.66'S,062°51.94'W,-64.9183,-62.8761,A21,Antarctica21,Magellan,NA,1353.1073575888538,0,3,"CC1838012_20191225_132629.csv,CC1838012_20191225_130719.csv,CC1627007_20191225_110502.csv",NA,NA,NA,NA,NA,NA,NA,NA,WAP,summer,middle
82de9b71a3c330b514ed4e731ca12a0d,Eukaryota;Alveolata;Dinoflagellata;Dinophyceae;Gymnodiniales;Gymnodiniaceae,116,sample_193,FP_PH_20200121_1,2019-2020,NA,2020,01,21,2020-01-21T00:00:00Z,1899-12-31T10:12:00Z,1899-12-31T13:12:00Z,43851,PH,Paradise Harbour,Paradise Harbour,-64.912,-62.862,64°54.66'S,062°51.94'W,-64.9183,-62.8761,A21,Antarctica21,Ocean Nova,5.4,7.314093824804616,1,0,NA,NA,NA,NA,NA,NA,NA,NA,NA,WAP,summer,middle
82de9b71a3c330b514ed4e731ca12a0d,Eukaryota;Alveolata;Dinoflagellata;Dinophyceae;Gymnodiniales;Gymnodiniaceae,5,sample_194,FP_PH_20200131_1,2019-2020,NA,2020,01,31,2020-01-31T00:00:00Z,1899-12-31T16:30:00Z,1899-12-31T19:30:00Z,43861,PH,Paradise Harbour,Paradise Harbour,-64.912,-62.862,64°54.66'S,062°51.94'W,-64.9183,-62.8761,A21,Antarctica21,Ocean Nova,6.9,9.345786553917009,1,1,CC1838012_20200131_193644.csv,NA,NA,NA,NA,NA,NA,NA,NA,WAP,summer,middle
82de9b71a3c330b514ed4e731ca12a0d,Eukaryota;Alveolata;Dinoflagellata;Dinophyceae;Gymnodiniales;Gymnodiniaceae,12,sample_197,NA,NA,NA,NA,NA,NA,NA,NA,NA,NA,NA,NA,NA,NA,NA,NA,NA,NA,NA,NA,NA,NA,NA,NA,NA,NA,NA,NA,NA,NA,NA,NA,NA,NA,NA,NA,NA,NA
82de9b71a3c330b514ed4e731ca12a0d,Eukaryota;Alveolata;Dinoflagellata;Dinophyceae;Gymnodiniales;Gymnodiniaceae,9,ManifestSample_045,FP_PH_20191210_1,2019-2020,NA,2019,12,10,2019-12-10T00:00:00Z,1899-12-31T10:50:00Z,1899-12-31T13:50:00Z,43809,PH,Paradise Harbour,Paradise Harbour,-64.912,-62.862,NA,NA,NA,NA,A21,Antarctica21,Magellan,6.9,9.345786553917009,1,1,CC1838012_20191210_140325.csv,NA,NA,NA,NA,NA,NA,NA,NA,WAP,summer,middle
82de9b71a3c330b514ed4e731ca12a0d,Eukaryota;Alveolata;Dinoflagellata;Dinophyceae;Gymnodiniales;Gymnodiniaceae,16,ManifestSample_046,FP_NH_20211208_1,2021-2022,NA,2021,12,08,2021-12-08T00:00:00Z,1899-12-31T09:00:00Z,1899-12-31T12:00:00Z,44538,NH,Neko Harbour,Neko Harbour,-64.8509,-62.54185,"-64º50,6'","-62º32,28'",-64.843,-62.538,PL,Polar Latitudes,NA,7.7,10.429356009443618,1,1,208042_20211208_0928.rsk,NA,NA,NA,NA,NA,NA,NA,NA,WAP,summer,middle
82de9b71a3c330b514ed4e731ca12a0d,Eukaryota;Alveolata;Dinoflagellata;Dinophyceae;Gymnodiniales;Gymnodiniaceae,112,ManifestSample_047,FP_NH_20211209_1,2021-2022,NA,2021,12,09,2021-12-09T00:00:00Z,1899-12-31T10:00:00Z,1899-12-31T13:00:00Z,44539,NH,Neko Harbour,Neko Harbour,-64.8509,-62.54185,NA,NA,NA,NA,A21,Antarctica21,NA,8.1,10.971140737206921,1,2,"208039_20211209_1402_01.rsk,208039_20211209_1402.rsk",NA,NA,NA,NA,NA,53,NA,NA,WAP,summer,middle
82de9b71a3c330b514ed4e731ca12a0d,Eukaryota;Alveolata;Dinoflagellata;Dinophyceae;Gymnodiniales;Gymnodiniaceae,1201,ManifestSample_048,FP_CI_20211209_1,2021-2022,NA,2021,12,09,2021-12-09T00:00:00Z,1899-12-31T15:48:00Z,1899-12-31T18:48:00Z,44539,CI,Cuverville Island,Cuverville Island,-64.671,-62.611,NA,NA,-64.843345,-62.536665,A21,Antarctica21,NA,11.05,14.966803104461297,1,5,"208039_20211209_1612.rsk,208039_20211209_1614_01.rsk,208039_20211209_1614_01.rsk 2,208039_20211209_1614.rsk,208039_20211209_1614.rsk copy",NA,NA,NA,NA,NA,54,NA,NA,WAP,summer,middle
82de9b71a3c330b514ed4e731ca12a0d,Eukaryota;Alveolata;Dinoflagellata;Dinophyceae;Gymnodiniales;Gymnodiniaceae,224,ManifestSample_050,FP_DI_20211214_1,2021-2022,NA,2021,12,14,2021-12-14T00:00:00Z,1899-12-31T13:30:00Z,1899-12-31T16:30:00Z,44544,DI,Danco Island,Danco Island,-64.746,-62.622,NA,NA,-64.843345,-62.536665,A21,Antarctica21,NA,8.6,11.648371646911054,1,0,NA,NA,NA,NA,NA,NA,56,NA,NA,WAP,summer,middle
82de9b71a3c330b514ed4e731ca12a0d,Eukaryota;Alveolata;Dinoflagellata;Dinophyceae;Gymnodiniales;Gymnodiniaceae,323,ManifestSample_051,FP_FB_20211215_1,2021-2022,NA,2021,12,15,2021-12-15T00:00:00Z,1899-12-31T15:15:00Z,1899-12-31T18:15:00Z,44545,FB,Fournier Bay,Fournier Bay,-64.533,-63.15,NA,NA,-64.524136,-62.88596,A21,Antarctica21,NA,NA,NA,0,1,208039_20211215_1501.rsk,NA,NA,NA,NA,NA,NA,NA,NA,WAP,summer,middle
82de9b71a3c330b514ed4e731ca12a0d,Eukaryota;Alveolata;Dinoflagellata;Dinophyceae;Gymnodiniales;Gymnodiniaceae,94,ManifestSample_052,FP_DI_20211218_1,2021-2022,NA,2021,12,18,2021-12-18T00:00:00Z,1899-12-31T10:34:00Z,1899-12-31T13:34:00Z,44548,DI,Danco Island,Danco Island,-64.746,-62.622,"-64°43,9'","-62°34,6'",-64.73314,-62.57729,PL,Polar Latitudes,NA,NA,NA,0,0,NA,NA,NA,NA,NA,NA,NA,NA,NA,WAP,summer,middle
82de9b71a3c330b514ed4e731ca12a0d,Eukaryota;Alveolata;Dinoflagellata;Dinophyceae;Gymnodiniales;Gymnodiniaceae,48,ManifestSample_054,FP_NH_20211220_1,2021-2022,NA,2021,12,20,2021-12-20T00:00:00Z,1899-12-31T10:00:00Z,1899-12-31T13:00:00Z,44550,NH,Neko Harbour,Neko Harbour,-64.8509,-62.54185,NA,NA,NA,NA,A21,Antarctica21,NA,8.4,11.377479283029402,1,1,208039_20211220_1017.rsk,NA,NA,NA,NA,NA,58,NA,NA,WAP,summer,middle
82de9b71a3c330b514ed4e731ca12a0d,Eukaryota;Alveolata;Dinoflagellata;Dinophyceae;Gymnodiniales;Gymnodiniaceae,32,ManifestSample_055,FP_CI_20211220_1,2021-2022,NA,2021,12,20,2021-12-20T00:00:00Z,1899-12-31T15:40:00Z,1899-12-31T18:40:00Z,44550,CI,Cuverville Island,Cuverville Island,-64.671,-62.611,NA,NA,NA,NA,A21,Antarctica21,NA,15,20.316927291123932,1,4,"208039_20211220_1619.rsk,208039_20211220_1619.rsk 2,208039_20211220_1628.rsk,208039_20211220_1628.rsk 2",NA,NA,NA,NA,NA,59,NA,NA,WAP,summer,middle
82de9b71a3c330b514ed4e731ca12a0d,Eukaryota;Alveolata;Dinoflagellata;Dinophyceae;Gymnodiniales;Gymnodiniaceae,75,ManifestSample_056,FP_OH_20211224_1,2021-2022,NA,2021,12,24,2021-12-24T00:00:00Z,1899-12-31T16:06:00Z,1899-12-31T19:06:00Z,44554,OH,Orne Harbour,Orne Harbour,-64.638,-62.534,NA,NA,-64.664751999999993,-62.047336,A21,Antarctica21,NA,16.45,22.28089692926591,1,1,208039_20211224_1618.rsk,NA,NA,NA,NA,NA,61,NA,NA,WAP,summer,middle
82de9b71a3c330b514ed4e731ca12a0d,Eukaryota;Alveolata;Dinoflagellata;Dinophyceae;Gymnodiniales;Gymnodiniaceae,198,ManifestSample_058,FP_CI_20211227_1,2021-2022,NA,2021,12,27,2021-12-27T00:00:00Z,1899-12-31T08:19:00Z,1899-12-31T11:19:00Z,44557,CI,Cuverville Island,Cuverville Island,-64.671,-62.611,"-64º40,7'","-62º37,4'",-64.6783,-62.6233,PL,Polar Latitudes,NA,9.7,13.138279648260141,1,0,NA,NA,NA,NA,NA,NA,NA,NA,NA,WAP,summer,middle
82de9b71a3c330b514ed4e731ca12a0d,Eukaryota;Alveolata;Dinoflagellata;Dinophyceae;Gymnodiniales;Gymnodiniaceae,272,ManifestSample_059,FP_PH_20211227_1,2021-2022,NA,2021,12,27,2021-12-27T00:00:00Z,1899-12-31T16:15:00Z,1899-12-31T19:15:00Z,44557,PH,Base Brown,Paradise Harbour,-64.912,-62.862,"-64°53,5'","-62°53,0'",-64.8847,-62.8833,PL,Polar Latitudes,NA,9.9,13.409172012141795,1,0,NA,NA,NA,NA,NA,NA,NA,NA,NA,WAP,summer,middle
82de9b71a3c330b514ed4e731ca12a0d,Eukaryota;Alveolata;Dinoflagellata;Dinophyceae;Gymnodiniales;Gymnodiniaceae,133,ManifestSample_065,FP_FB_20220103_1,2021-2022,NA,2022,01,03,2022-01-03T00:00:00Z,1899-12-31T09:00:00Z,1899-12-31T12:00:00Z,44564,FB,Fournier Bay,Fournier Bay,-64.533,-63.15,NA,NA,-63.898675,-60.77795,A21,Antarctica21,NA,NA,NA,0,0,NA,NA,NA,NA,NA,NA,67,NA,NA,WAP,summer,middle
82de9b71a3c330b514ed4e731ca12a0d,Eukaryota;Alveolata;Dinoflagellata;Dinophyceae;Gymnodiniales;Gymnodiniaceae,39,ManifestSample_067,FP_CI_20220104_1,2021-2022,NA,2022,01,04,2022-01-04T00:00:00Z,1899-12-31T09:45:00Z,1899-12-31T12:45:00Z,44565,CI,Cuverville Island,Cuverville Island,-64.671,-62.611,NA,NA,-64.637672,-62.53422,A21,Antarctica21,NA,10.09,13.666519757829363,1,1,208039_20220104_0955.rsk,NA,NA,NA,NA,NA,69,NA,NA,WAP,summer,middle
82de9b71a3c330b514ed4e731ca12a0d,Eukaryota;Alveolata;Dinoflagellata;Dinophyceae;Gymnodiniales;Gymnodiniaceae,13,ManifestSample_068,FP_DI_20220104_1,2021-2022,NA,2022,01,04,2022-01-04T00:00:00Z,1899-12-31T15:00:00Z,1899-12-31T18:00:00Z,44565,DI,Danco Island,Danco Island,-64.746,-62.622,NA,NA,-64.6676,-62.6645,A21,Antarctica21,NA,18.4,24.92209747711202,1,1,208039_20220104_1512.rsk,NA,NA,NA,NA,NA,70,NA,NA,WAP,summer,middle
82de9b71a3c330b514ed4e731ca12a0d,Eukaryota;Alveolata;Dinoflagellata;Dinophyceae;Gymnodiniales;Gymnodiniaceae,31,ManifestSample_069,FP_PT_20220109_1,2021-2022,NA,2022,01,09,2022-01-09T00:00:00Z,1899-12-31T15:00:00Z,1899-12-31T18:00:00Z,44570,PT,Petermann Island,Petermann Island,-65.173,-64.116,"-65°10,19'","-64°08,31'",-65.1753,-64.1475,QE,Quixote Expeditions,NA,NA,NA,0,0,NA,NA,NA,NA,NA,NA,NA,NA,NA,WAP,summer,middle
82de9b71a3c330b514ed4e731ca12a0d,Eukaryota;Alveolata;Dinoflagellata;Dinophyceae;Gymnodiniales;Gymnodiniaceae,3459,ManifestSample_070,FP_DI_20220122_1,2021-2022,NA,2022,01,22,2022-01-22T00:00:00Z,1899-12-31T12:15:00Z,1899-12-31T15:15:00Z,44583,DI,Danco Island,Danco Island,-64.746,-62.622,"-64°51,02'","-63°29,40'",64.8506,64.4944,QE,Quixote Expeditions,NA,NA,NA,0,0,NA,NA,NA,NA,NA,NA,NA,NA,NA,WAP,summer,middle
82de9b71a3c330b514ed4e731ca12a0d,Eukaryota;Alveolata;Dinoflagellata;Dinophyceae;Gymnodiniales;Gymnodiniaceae,38,ManifestSample_072,FP_MX_20220210_1,2021-2022,NA,2022,02,10,2022-02-10T00:00:00Z,1899-12-31T18:40:00Z,1899-12-31T21:40:00Z,44602,MX,Maxwell Bay,Maxwell Bay,-62.223,-58.859,"-62º13,22'","-58º51,31'",-62.22,-58.8552,QE,Quixote Expeditions,NA,3.8,5.1469549137513955,1,0,NA,NA,NA,NA,NA,NA,NA,NA,NA,WAP,fall,shetlands
82de9b71a3c330b514ed4e731ca12a0d,Eukaryota;Alveolata;Dinoflagellata;Dinophyceae;Gymnodiniales;Gymnodiniaceae,23,ManifestSample_074,NA,NA,NA,NA,NA,NA,NA,NA,NA,NA,NA,NA,NA,NA,NA,NA,NA,NA,NA,NA,NA,NA,NA,NA,NA,NA,NA,NA,NA,NA,NA,NA,NA,NA,NA,NA,NA,NA
82de9b71a3c330b514ed4e731ca12a0d,Eukaryota;Alveolata;Dinoflagellata;Dinophyceae;Gymnodiniales;Gymnodiniaceae,18,ManifestSample_076,FP_PB_20220314_1,2021-2022,NA,2022,03,14,2022-03-14T00:00:00Z,1899-12-31T14:15:00Z,1899-12-31T17:15:00Z,44634,PB,Pleneau Bay,Pleneau Bay,-65.089,-64.046,NA,NA,-65.085,-64.044,VK,Viking Expeditions,NA,8.83,11.959897865374954,1,0,NA,NA,NA,NA,NA,NA,NA,NA,NA,WAP,fall,middle
82de9b71a3c330b514ed4e731ca12a0d,Eukaryota;Alveolata;Dinoflagellata;Dinophyceae;Gymnodiniales;Gymnodiniaceae,375,ManifestSample_077,FP_PH_20220315_1,2021-2022,NA,2022,03,15,2022-03-15T00:00:00Z,1899-12-31T08:45:00Z,1899-12-31T11:45:00Z,44635,PH,Skontorp Cove,Paradise Harbour,-64.912,-62.862,NA,NA,-64.894556,-62.869137,VK,Viking Expeditions,NA,NA,NA,0,0,NA,NA,NA,NA,NA,NA,NA,NA,NA,WAP,fall,middle
82de9b71a3c330b514ed4e731ca12a0d,Eukaryota;Alveolata;Dinoflagellata;Dinophyceae;Gymnodiniales;Gymnodiniaceae,118,ManifestSample_078,FP_CI_20220315_1,2021-2022,NA,2022,03,15,2022-03-15T00:00:00Z,1899-12-31T14:53:00Z,1899-12-31T17:53:00Z,44635,CI,Cuverville Island,Cuverville Island,-64.671,-62.611,NA,NA,-64.670377,-62.63861,VK,Viking Expeditions,NA,7.2,9.752125099739487,1,1,208042_20220315_1458.rsk,NA,NA,NA,NA,NA,NA,NA,NA,WAP,fall,middle
82de9b71a3c330b514ed4e731ca12a0d,Eukaryota;Alveolata;Dinoflagellata;Dinophyceae;Gymnodiniales;Gymnodiniaceae,45,ManifestSample_079,FP_DI_20220316_2,2021-2022,NA,2022,03,16,2022-03-16T00:00:00Z,1899-12-31T10:20:00Z,1899-12-31T13:20:00Z,44636,DI,Danco Island,Danco Island,-64.746,-62.622,NA,NA,-64.742166,-62.623835,VK,Viking Expeditions,NA,11.67,15.806569432494419,1,1,208042_20220316_1035.rsk,NA,NA,NA,NA,NA,NA,NA,NA,WAP,fall,middle
82de9b71a3c330b514ed4e731ca12a0d,Eukaryota;Alveolata;Dinoflagellata;Dinophyceae;Gymnodiniales;Gymnodiniaceae,325,ManifestSample_080,FP_OH_20220316_1,2021-2022,NA,2022,03,16,2022-03-16T00:00:00Z,1899-12-31T16:30:00Z,1899-12-31T19:30:00Z,44636,OH,Orne Harbour,Orne Harbour,-64.638,-62.534,NA,NA,-64.621324,-62.560987,VK,Viking Expeditions,NA,NA,NA,0,1,208042_20220316_1704.rsk,NA,NA,NA,NA,NA,NA,NA,NA,WAP,fall,middle
82de9b71a3c330b514ed4e731ca12a0d,Eukaryota;Alveolata;Dinoflagellata;Dinophyceae;Gymnodiniales;Gymnodiniaceae,786,ManifestSample_081,NA,NA,NA,NA,NA,NA,NA,NA,NA,NA,NA,NA,NA,NA,NA,NA,NA,NA,NA,NA,NA,NA,NA,NA,NA,NA,NA,NA,NA,NA,NA,NA,NA,NA,NA,NA,NA,NA
82de9b71a3c330b514ed4e731ca12a0d,Eukaryota;Alveolata;Dinoflagellata;Dinophyceae;Gymnodiniales;Gymnodiniaceae,718,ManifestSample_082,NA,NA,NA,NA,NA,NA,NA,NA,NA,NA,NA,NA,NA,NA,NA,NA,NA,NA,NA,NA,NA,NA,NA,NA,NA,NA,NA,NA,NA,NA,NA,NA,NA,NA,NA,NA,NA,NA
82de9b71a3c330b514ed4e731ca12a0d,Eukaryota;Alveolata;Dinoflagellata;Dinophyceae;Gymnodiniales;Gymnodiniaceae,252,ManifestSample_083,NA,NA,NA,NA,NA,NA,NA,NA,NA,NA,NA,NA,NA,NA,NA,NA,NA,NA,NA,NA,NA,NA,NA,NA,NA,NA,NA,NA,NA,NA,NA,NA,NA,NA,NA,NA,NA,NA
82de9b71a3c330b514ed4e731ca12a0d,Eukaryota;Alveolata;Dinoflagellata;Dinophyceae;Gymnodiniales;Gymnodiniaceae,41,ManifestSample_086,NA,NA,NA,NA,NA,NA,NA,NA,NA,NA,NA,NA,NA,NA,NA,NA,NA,NA,NA,NA,NA,NA,NA,NA,NA,NA,NA,NA,NA,NA,NA,NA,NA,NA,NA,NA,NA,NA
82de9b71a3c330b514ed4e731ca12a0d,Eukaryota;Alveolata;Dinoflagellata;Dinophyceae;Gymnodiniales;Gymnodiniaceae,425,ManifestSample_087,NA,NA,NA,NA,NA,NA,NA,NA,NA,NA,NA,NA,NA,NA,NA,NA,NA,NA,NA,NA,NA,NA,NA,NA,NA,NA,NA,NA,NA,NA,NA,NA,NA,NA,NA,NA,NA,NA
82de9b71a3c330b514ed4e731ca12a0d,Eukaryota;Alveolata;Dinoflagellata;Dinophyceae;Gymnodiniales;Gymnodiniaceae,66,ManifestSample_089,NA,NA,NA,NA,NA,NA,NA,NA,NA,NA,NA,NA,NA,NA,NA,NA,NA,NA,NA,NA,NA,NA,NA,NA,NA,NA,NA,NA,NA,NA,NA,NA,NA,NA,NA,NA,NA,NA
82de9b71a3c330b514ed4e731ca12a0d,Eukaryota;Alveolata;Dinoflagellata;Dinophyceae;Gymnodiniales;Gymnodiniaceae,16,ManifestSample_090,NA,NA,NA,NA,NA,NA,NA,NA,NA,NA,NA,NA,NA,NA,NA,NA,NA,NA,NA,NA,NA,NA,NA,NA,NA,NA,NA,NA,NA,NA,NA,NA,NA,NA,NA,NA,NA,NA
82de9b71a3c330b514ed4e731ca12a0d,Eukaryota;Alveolata;Dinoflagellata;Dinophyceae;Gymnodiniales;Gymnodiniaceae,411,ManifestSample_115,FP_DI_20191204_1,2019-2020,NA,2019,12,04,2019-12-04T00:00:00Z,1899-12-31T19:40:00Z,1899-12-31T22:40:00Z,43803,DI,Danco Island,Danco Island,-64.746,-62.622,"-64°45,2'","-62°36,8'",-64.7507,-62.6023,HU,Hurtigruten Expeditions,Roald Amundsen,6.15,8.329940189360814,1,0,NA,NA,NA,NA,NA,NA,NA,NA,NA,WAP,summer,middle
82de9b71a3c330b514ed4e731ca12a0d,Eukaryota;Alveolata;Dinoflagellata;Dinophyceae;Gymnodiniales;Gymnodiniaceae,691,ManifestSample_121,FP_HM_20200131_1,2019-2020,NA,2020,01,31,2020-01-31T00:00:00Z,1899-12-31T16:00:00Z,1899-12-31T19:00:00Z,43861,HM,Half-Moon Island,Halfmoon Island,-62.595,-59.974,"-64º36,2'","-59º54,1'",-64.6006,-59.9003,HU,Hurtigruten Expeditions,Roald Amundsen,3.5,4.740616367928917,1,0,NA,NA,NA,NA,NA,NA,NA,NA,NA,WAP,summer,shetlands
82de9b71a3c330b514ed4e731ca12a0d,Eukaryota;Alveolata;Dinoflagellata;Dinophyceae;Gymnodiniales;Gymnodiniaceae,23,ManifestSample_122,FP_BB_20200202_2,2019-2020,NA,2020,02,02,2020-02-02T00:00:00Z,1899-12-31T12:31:00Z,1899-12-31T15:31:00Z,43863,BB,Brown Bluff,Brown Bluff,-63.52,-56.873,"-63°31,2'","-56°51,9'",-63.5172,-56.8527,HU,Hurtigruten Expeditions,Roald Amundsen,4.87,6.596229060518237,1,0,NA,NA,NA,NA,NA,NA,NA,NA,NA,WAP,fall,middle
82de9b71a3c330b514ed4e731ca12a0d,Eukaryota;Alveolata;Dinoflagellata;Dinophyceae;Gymnodiniales;Gymnodiniaceae,7,ManifestSample_124,FP_PT_20200205_1,2019-2020,NA,2020,02,05,2020-02-05T00:00:00Z,1899-12-31T14:55:00Z,1899-12-31T17:55:00Z,43866,PT,Petermann Island,Petermann Island,-65.173,-64.116,"-65°10,19'","-64°8,3'",-65.1721,-64.1419,HU,Hurtigruten Expeditions,Roald Amundsen,2.2,2.979816002698177,1,0,NA,NA,NA,NA,NA,NA,NA,NA,NA,WAP,fall,middle
82de9b71a3c330b514ed4e731ca12a0d,Eukaryota;Alveolata;Dinoflagellata;Dinophyceae;Gymnodiniales;Gymnodiniaceae,13,ManifestSample_126,FP_ST_20200306_1,2019-2020,NA,2020,03,06,2020-03-06T00:00:00Z,1899-12-31T19:00:00Z,1899-12-31T22:00:00Z,43896,ST,Marguerite Bay,Stonington Island,-68.186,-66.997,"-68º10,5'","-66º59,6'",-68.18,-66.9997,HU,Hurtigruten Expeditions,Roald Amundsen,NA,1353.1073575888538,0,0,NA,NA,NA,NA,NA,NA,NA,NA,NA,WAP,fall,southern
82de9b71a3c330b514ed4e731ca12a0d,Eukaryota;Alveolata;Dinoflagellata;Dinophyceae;Gymnodiniales;Gymnodiniaceae,258,ManifestSample_128,FP_HM_20211128_1,2021-2022,NA,2021,11,28,2021-11-28T00:00:00Z,1899-12-31T15:44:00Z,1899-12-31T18:44:00Z,44528,HM,Half-Moon Island,Halfmoon Island,-62.595,-59.974,"-62º35,5'","-59º53,3'",-62.5847,-59.8842,HU,Hurtigruten Expeditions,NA,2.14,2.898548293533681,1,1,208040_20211128_1608.rsk,NA,NA,NA,NA,NA,NA,NA,NA,WAP,summer,shetlands
82de9b71a3c330b514ed4e731ca12a0d,Eukaryota;Alveolata;Dinoflagellata;Dinophyceae;Gymnodiniales;Gymnodiniaceae,41,ManifestSample_129,FP_OH_20211129_1,2021-2022,NA,2021,11,29,2021-11-29T00:00:00Z,1899-12-31T15:20:00Z,1899-12-31T18:20:00Z,44529,OH,Orne Harbour,Orne Harbour,-64.638,-62.534,"-64º37,59'",-62º32.45',-64.6331,-62.5458,HU,Hurtigruten Expeditions,NA,14,18.962465471715667,1,0,NA,NA,NA,NA,NA,NA,NA,NA,NA,WAP,summer,middle
82de9b71a3c330b514ed4e731ca12a0d,Eukaryota;Alveolata;Dinoflagellata;Dinophyceae;Gymnodiniales;Gymnodiniaceae,108,ManifestSample_131,FP_NH_20211217_1,2021-2022,NA,2021,12,17,2021-12-17T00:00:00Z,1899-12-31T16:24:00Z,1899-12-31T19:24:00Z,44547,NH,Neko Harbour,Neko Harbour,-64.8509,-62.54185,"-64º48,3'","-62º39,1'",-64.804722,-62.652222,HU,Hurtigruten Expeditions,NA,8.3,11.242033101088577,1,1,208040_20211217_1628.rsk,NA,NA,NA,NA,NA,NA,NA,NA,WAP,summer,middle
82de9b71a3c330b514ed4e731ca12a0d,Eukaryota;Alveolata;Dinoflagellata;Dinophyceae;Gymnodiniales;Gymnodiniaceae,137,ManifestSample_133,FP_PH_20220222_1,2021-2022,NA,2022,02,22,2022-02-22T00:00:00Z,1899-12-31T15:40:00Z,1899-12-31T18:40:00Z,44614,PH,Base Brown,Paradise Harbour,-64.912,-62.862,"-64º53,0'","-62º52,51'",NA,NA,HU,Hurtigruten Expeditions,NA,13.15,17.811172925218646,1,0,NA,NA,NA,NA,NA,NA,NA,NA,NA,WAP,fall,middle
82de9b71a3c330b514ed4e731ca12a0d,Eukaryota;Alveolata;Dinoflagellata;Dinophyceae;Gymnodiniales;Gymnodiniaceae,209,ManifestSample_136,FP_PH_20220322_1,2021-2022,NA,2022,03,22,2022-03-22T00:00:00Z,1899-12-31T10:30:00Z,1899-12-31T13:30:00Z,44642,PH,Base Brown,Paradise Harbour,-64.912,-62.862,"-64º54,19'","-62º52,50'",-64.894556,-62.869137,HU,Hurtigruten Expeditions,NA,NA,1353.1073575888538,0,1,208040_20220322_1436.rsk,NA,NA,NA,NA,NA,NA,NA,NA,WAP,fall,middle
82de9b71a3c330b514ed4e731ca12a0d,Eukaryota;Alveolata;Dinoflagellata;Dinophyceae;Gymnodiniales;Gymnodiniaceae,95,ManifestSample_143,NA,NA,NA,NA,NA,NA,NA,NA,NA,NA,NA,NA,NA,NA,NA,NA,NA,NA,NA,NA,NA,NA,NA,NA,NA,NA,NA,NA,NA,NA,NA,NA,NA,NA,NA,NA,NA,NA
