Date Analyzed,Sample,"d18O (permil, V-SMOW)",Comments,
4/14/22,Seawater,-0.53,,
4/14/22,1,0.06,,
4/14/22,2,-0.06,,
4/14/22,3,-0.25,,
4/14/22,4,-0.38,,
4/14/22,HOT-4,-0.15,,
4/14/22,5,-0.46,,
4/14/22,LROSS-6,-10.93,,
4/14/22,6,-0.80,,
4/14/22,7,-1.39,,
4/14/22,8,-4.91,,
4/14/22,9,-2.67,,
4/14/22,10,-3.45,,
4/14/22,HOT-4,-0.19,,
4/14/22,11,-6.55,,
4/14/22,12,0.07,,
4/14/22,13,0.09,,
4/14/22,14,-2.15,,
4/14/22,LROSS-6,-10.99,,
4/14/22,15,-2.82,,
4/14/22,16,-5.72,,
4/14/22,17,-2.44,,
4/14/22,18,-3.20,,
4/14/22,7,-1.38,,
4/15/22,Seawater,-0.50,,
4/15/22,19,-6.80,,
4/15/22,20,0.06,,
4/15/22,21,-2.48,,
4/15/22,LROSS-6,-10.97,,
4/15/22,22,-3.25,,
4/15/22,23,-6.19,,
4/15/22,24,-15.88,,
4/15/22,25,-15.90,,
4/15/22,26,-2.22,,
4/15/22,HOT-4,-0.17,,
4/15/22,27,-2.60,,
4/15/22,28,-6.66,,
4/15/22,29,-2.19,,
4/15/22,30,-2.37,,
4/15/22,31,-5.39,,
4/15/22,32,0.04,,
4/15/22,33,-0.15,,
4/15/22,34,-0.31,,
4/15/22,HOT-4,-0.16,,
4/15/22,35,-1.02,,
4/15/22,LROSS-6,-10.96,,
4/15/22,36,-1.64,,
4/15/22,33,-0.13,,
4/16/22,Seawater,-0.52,,
4/16/22,37,-2.02,,
4/16/22,38,-2.13,,
4/16/22,39,-2.83,,
4/16/22,40,-2.85,,
4/16/22,41,-19.07,,
4/16/22,HOT-4,-0.15,,
4/16/22,42,-19.07,,
4/16/22,43,-2.49,,
4/16/22,44,-4.80,,
4/16/22,LROSS-6,-10.97,,
4/16/22,45,-0.44,,
4/16/22,46,-0.97,,
4/16/22,47,-1.43,,
4/16/22,48,-3.51,,
4/16/22,HOT-4,-0.20,,
4/16/22,49,-2.59,,
4/16/22,50,-2.44,,
4/16/22,51,-2.65,,
4/16/22,52,-2.61,,
4/16/22,LROSS-6,-10.97,,
4/16/22,53,-0.78,,
4/16/22,30,-2.35,Previous value -2.37,
4/16/22,42,-19.09,,
4/17/22,Seawater,-0.52,,
4/17/22,54,-0.44,,
4/17/22,55,-0.89,,
4/17/22,LROSS-6,-10.98,,
4/17/22,56,-0.50,,
4/17/22,57,-1.72,,
4/17/22,58,-0.78,,
4/17/22,HOT-4,-0.16,,
4/17/22,59,-0.34,,
4/17/22,60,-0.67,,
4/17/22,61,-0.40,,
4/17/22,62,-0.33,,
4/17/22,63,-0.55,,
4/17/22,64,-0.44,,
4/17/22,LROSS-6,-10.95,,
4/17/22,65,-0.47,,
4/17/22,66,-0.35,,
4/17/22,67,-0.58,,
4/17/22,HOT-4,-0.17,,
4/17/22,68,-0.46,,
4/17/22,69,-0.36,,
4/17/22,70,-0.33,,
4/17/22,31,-5.38,Previous value -5.39,
4/17/22,66,-0.29,,
,,,,
,,,,