sample-id,project_name,seasonyear,month,day,year,date,time_local,sitename_ok,master_latitude_dd,master_longitude_dd,operator,extra_id,vessel,,
ManifestSample_001,Museo de La Plata,,,,,,,Museo de La Plata,,,,Chaetoceros cf socialis,,,
ManifestSample_002,Museo de La Plata,,,,,,,Museo de La Plata,,,,Synedropsis 1 Fragilaria striatula,,,
ManifestSample_003,Museo de La Plata,,,,,,,Museo de La Plata,,,,Synedropsis 2 Synedra sp,,,
ManifestSample_004,Museo de La Plata,,,,,,,Museo de La Plata,,,,Thalassiosira sp 2022,,,
ManifestSample_005,Museo de La Plata,,,,,,,Museo de La Plata,,,,Craspedostauros laevissimus,,,
ManifestSample_006,Museo de La Plata,,,,,,,Museo de La Plata,,,,Plagiotropis Craspedostauros indubitabilis,,,
ManifestSample_007,Museo de La Plata,,,,,,,Museo de La Plata,,,,Nitzschia sp,,,
ManifestSample_008,Museo de La Plata,,,,,,,Museo de La Plata,,,,Chaetoceros solitario,,,
,,,,,,,,,,,,,,,
ManifestSample_009,Museo de La Plata,,,,,,,Museo de La Plata,,,,Chaetoceros solitario cuadrado sp 2,,,
ManifestSample_010,Museo de La Plata,,,,,,,Museo de La Plata,,,,VG-2 st. 1 Eugleno Unidentified Euglenophyte,,,
ManifestSample_011,Museo de La Plata,,,,,,,Museo de La Plata,,,,VG-1 st. 16 Shionodiscus-like (diatom),,,
ManifestSample_012,Museo de La Plata,,,,,,,Museo de La Plata,,,,VG-1 st. 30 Unidentified Prasinophyte,,,
ManifestSample_013,Museo de La Plata,,,,,,,Museo de La Plata,,,,"VG-1 st. 8 Dinos A Small and delicate unidentified dinoflagellates, including Azadinium-like species",,,
ManifestSample_014,Museo de La Plata,,,,,,,Museo de La Plata,,,,VG-1 st. 30 desnudos unidentified naked dinoflagellates,,,
ManifestSample_015,Museo de La Plata,,,,,,,Museo de La Plata,,,,NME6 Unidentified large Cryptophyte,,,
ManifestSample_016,Museo de La Plata,,,,,,,Museo de La Plata,,,,VG-1 st. 16 Crypto chicas unidentified,,,
,,,,,,,,,,,,,,,
ManifestSample_017,Museo de La Plata,,,,,,,Museo de La Plata,,,,VG-2 st.1 Prasino unidentified,,,
ManifestSample_018,Museo de La Plata,,,,,,,Museo de La Plata,,,,VG-1 st. 3 Unidentified cocolitophorid Emiliania-like species,,,
ManifestSample_019,Museo de La Plata,,,,,,,Museo de La Plata,,,,VG-1 st. 8 Az. Chico Small Azadinium-like species (dinoflagellates),,,
ManifestSample_020,Museo de La Plata,,,,,,,Museo de La Plata,,,,H. A Heterocapsa,,,
ManifestSample_021,Museo de La Plata,,,,,,,Museo de La Plata,,,,H. B Heterocapsa,,,
ManifestSample_022,Museo de La Plata,,,,,,,Museo de La Plata,,,,Symb. Suessiales_aff. Symbiodinium,,,
ManifestSample_023,Museo de La Plata,,,,,,,Museo de La Plata,,,,P2C3_47 Suessiales_aff. Symbiodinium,,,
ManifestSample_024,Museo de La Plata,,,,,,,Museo de La Plata,,,,PSD3_47 Suessiales_aff. Symbiodinium,,,
,,,,,,,,,,,,,,,
ManifestSample_025,Museo de La Plata,,,,,,,Museo de La Plata,,,,P3C3_31 Suessiales_aff. Symbiodinium,,,
ManifestSample_026,Museo de La Plata,,,,,,,Museo de La Plata,,,,Luticola charlatii,,,
ManifestSample_027,Museo de La Plata,,,,,,,Museo de La Plata,,,,Luticola sp.,,,
ManifestSample_028,Museo de La Plata,,,,,,,Museo de La Plata,,,,Orthoseira sp.,,,
ManifestSample_029,Museo de La Plata,,,,,,,Museo de La Plata,,,,Luticola sp.,,,
ManifestSample_030,Museo de La Plata,,,,,,,Museo de La Plata,,,,Fragilariopsis 1 unidentified,,,
ManifestSample_031,Museo de La Plata,,,,,,,Museo de La Plata,,,,C4 Synedra sp.,,,
ManifestSample_032,Museo de La Plata,,,,,,,Museo de La Plata,,,,Chaetoceros en cadena,,,
,,,,,,,,,,,,,,,
ManifestSample_033,Museo de La Plata,,,,,,,Museo de La Plata,,,,Nizschia sp,,,
ManifestSample_034,Museo de La Plata,,,,,,,Museo de La Plata,,,,Central 1 Porosira sp,,,
ManifestSample_035,Museo de La Plata,,,,,,,Museo de La Plata,,,,Central 2 Porosira sp,,,
ManifestSample_036,Museo de La Plata,,,,,,,Museo de La Plata,,,,Shionodiscus filtrado diatom,,,
ManifestSample_037,Museo de La Plata,,,,,,,Museo de La Plata,,,,Shionodiscus C1 diatom,,,
ManifestSample_038,Museo de La Plata,,,,,,,Museo de La Plata,,,,Shionodiscus C2,,,
ManifestSample_039,Museo de La Plata,,,,,,,Museo de La Plata,,,,Thalassiosira sp 1 2022,,,
ManifestSample_040,Museo de La Plata,,,,,,,Museo de La Plata,,,,Coscinodiscus sp 2 2022,,,
,,,,,,,,,,,,,,,
ManifestSample_041,Museo de La Plata,,,,,,,Museo de La Plata,,,,B6 Thallasiosira sp small,,,
ManifestSample_042,Museo de La Plata,,,,,,,Museo de La Plata,,,,C3 Pseudo-nitzschia 1 sp forma cadenas,,,
ManifestSample_043,Museo de La Plata,,,,,,,Museo de La Plata,,,,C4 Pseudo-nitzschia 2 sp en cadena mas chica,,,
ManifestSample_044,Museo de La Plata,,,,,,,Museo de La Plata,,,,C6 Pseudo-nitzschia 1 sp forma cadenas creo que la misma que 42,,,
ManifestSample_045,WAP,2019 2020,,,,10-Dec-2019,10:50,Paradise Harbour,-64.912,-62.862,Antarctica21,,,,
ManifestSample_046,WAP,2021 2022,,,,8-Dec-2021,9:15,Neko Harbour,-64.851,-62.542,Polar Latitudes,,,,
ManifestSample_047,WAP,2021 2022,,,,9-Dec-2021,10:00,Neko Harbour,-64.851,-62.542,Antarctica21,,,,
ManifestSample_048,WAP,2021 2022,,,,9-Dec-2021,15:48,Cuverville Island,-64.671,-62.611,Antarctica21,,,,
,,,,,,,,,,,,,,,
ManifestSample_049,WAP,2021 2022,,,,14-Dec-2021,10:05,Neko Harbour,-64.851,-62.542,Antarctica21,,,,
ManifestSample_050,WAP,2021 2022,,,,14-Dec-2021,15:30,Danco Island,-64.746,-62.622,Antarctica21,,,,
ManifestSample_051,WAP,2021 2022,,,,15-Dec-2021,15:00,Fournier Bay,-64.533,-63.150,Antarctica21,,,,
ManifestSample_052,WAP,2021 2022,,,,18-Dec-2021,10:35,Danco Island,-64.746,-62.622,Polar Latitudes,,,,
ManifestSample_053,WAP,2021 2022,,,,18-Dec-2021,16:00,Portal Point,-64.502,-61.756,Antarctica21,,,,
ManifestSample_054,WAP,2021 2022,,,,20-Dec-2021,10:00,Neko Harbour,-64.851,-62.542,Antarctica21,,,,
ManifestSample_055,WAP,2021 2022,,,,20-Dec-2021,15:40,Cuverville Island,-64.671,-62.611,Antarctica21,,,,
ManifestSample_056,WAP,2021 2022,,,,24-Dec-2021,16:06,Orne Harbour,-64.638,-62.534,Antarctica21,,,,
,,,,,,,,,,,,,,,
ManifestSample_057,WAP,2021 2022,,,,25-Dec-2021,9:45,Danco Island,-64.746,-62.622,Antarctica21,,,,
ManifestSample_058,WAP,2021 2022,,,,27-Dec-2021,8:15,Cuverville Island,-64.671,-62.611,Polar Latitudes,,,,
ManifestSample_059,WAP,2021 2022,,,,27-Dec-2021,16:15,Paradise Harbour,-64.912,-62.862,Polar Latitudes,,,,
ManifestSample_060,WAP,2021 2022,,,,28-Dec-2021,20:30,Brown Bluff,-63.520,-56.873,Antarctica21,,,,
ManifestSample_061,WAP,2021 2022,,,,29-Dec-2021,9:35,Whalers Bay,-62.983,-60.562,Polar Latitudes,,,,
ManifestSample_062,WAP,2021 2022,,,,29-Dec-2021,10:05,Heroina Island,-63.423,-54.692,Antarctica21,,,,
ManifestSample_063,WAP,2021 2022,,,,31-Dec-2021,15:35,Kinnes Cove,-63.316,-56.466,Antarctica21,,,,
ManifestSample_064,WAP,2021 2022,,,,2-Jan-2022,15:09,Mikkelsen Harbour,-63.896,-60.776,Antarctica21,,,,
,,,,,,,,,,,,,,,
ManifestSample_065,WAP,2021 2022,,,,3-Jan-2022,9:00,Fournier Bay,-64.533,-63.150,Antarctica21,,,,
ManifestSample_066,WAP,2021 2022,,,,3-Jan-2022,15:15,Orne Harbour,-64.638,-62.534,Antarctica21,,,,
ManifestSample_067,WAP,2021 2022,,,,1-Apr-2022,9:45,Cuverville Island,-64.671,-62.611,Antarctica21,,,,
ManifestSample_068,WAP,2021 2022,,,,4-Jan-2022,15:00,Danco Island,-64.746,-62.622,Antarctica21,,,,
ManifestSample_069,WAP,2021 2022,,,,9-Jan-2022,15:30,Petermann Island,-65.173,-64.116,Quixote Expeditions,,,,
ManifestSample_070,WAP,2021 2022,,,,22-Jan-2022,12:15,Danco Island,-64.746,-62.622,Quixote Expeditions,,,,
ManifestSample_071,WAP,2021 2022,,,,25-Jan-2022,12:10,Mikkelsen Harbour,-63.896,-60.776,Quixote Expeditions,,,,
ManifestSample_072,WAP,2021 2022,,,,10-Feb-2022,18:40,Maxwell Bay,-62.223,-58.859,Quixote Expeditions,,,,
,,,,,,,,,,,,,,,
ManifestSample_073,WAP,2021 2022,,,,11-Mar-2022,14:40,Fournier Bay,-64.533,-63.150,,,,,
ManifestSample_074,WAP,2021 2022,,,,12-Mar-2022,9:00,Damoy Point,-64.820,-63.520,Viking Octantis,,,,
ManifestSample_075,WAP,2021 2022,,,,13-Mar-2022,11:03,Detaille Island,-66.870,-66.790,Viking Octantis,,,,
ManifestSample_076,WAP,2021 2022,,,,14-Mar-2022,14:10,Pleaneau Island,-65.089,-64.046,Viking Octantis,,,,
ManifestSample_077,WAP,2021 2022,,,,15-Mar-2022,8:45,Paradise Harbour,-64.912,-62.862,Viking Octantis,,,,
ManifestSample_078,WAP,2021 2022,,,,15-Mar-2022,14:53,Cuverville Island,-64.671,-62.611,Viking Octantis,,,,
ManifestSample_079,WAP,2021 2022,,,,16-Mar-2022,10:20,Danco Island,-64.746,-62.622,Viking Octantis,,,,
ManifestSample_080,WAP,2021 2022,,,,16-Mar-2022,,Orne Harbour,-64.638,-62.534,Viking Octantis,,,,
,,,,,,,,,,,,,,,
ManifestSample_081,WAP,2021 2022,,,,16-Mar-2022,12:20,Gerlache Front Ferrybox,,,Viking Octantis,,,,
ManifestSample_082,WAP,2021 2022,,,,16-Mar-2022,12:48,Gerlache Front Ferrybox,,,Viking Octantis,,,,
ManifestSample_083,WAP,2021 2022,,,,16-Mar-2022,18:40,Gerlache Front Ferrybox,,,Viking Octantis,,,,
ManifestSample_084,Argentine Sea,,,,,21-Mar-2022,20:24,Argentina Sea 2022,,,Viking Octantis,Argentine 1,,,
ManifestSample_085,Argentine Sea,,,,,21-Mar-2022,23:05,Argentina Sea 2022,,,Viking Octantis,Argentine 2,,,
ManifestSample_086,Argentine Sea,,,,,22-Mar-2022,8:06,Argentina Sea 2022,,,Viking Octantis,Argentine 3,,,
ManifestSample_087,Argentine Sea,,,,,22-Mar-2022,11:50,Argentina Sea 2022,,,Viking Octantis,Argentine 4,,,
ManifestSample_088,Argentine Sea,,,,,22-Mar-2022,18:10,Argentina Sea 2022,,,Viking Octantis,Argentine 5,,,
,,,,,,,,,,,,,,,
ManifestSample_089,Argentine Sea,,,,,22-Mar-2022,22:48,Argentina Sea 2022,,,Viking Octantis,Argentine 6,,,
ManifestSample_090,Argentine Sea,,,,,23-Mar-2022,8:40,Argentina Sea 2022,,,Viking Octantis,Argentine 7,,,
ManifestSample_091,Argentine Sea,,,,,23-Mar-2022,17:00,Argentina Sea 2022,,,Viking Octantis,Argentine 8,,,
ManifestSample_092,Argentine Sea,,,,,23-Mar-2022,21:35,Argentina Sea 2022,,,Viking Octantis,Argentine 9,,,
ManifestSample_093,HITI,,,,,24-Sep-2019,17:00,,,,,,,,
ManifestSample_094,HITI,,,,,1-Oct-2019,,,,,,,,,
ManifestSample_095,HITI,,,,,8-Oct-2019,,,,,,,,,
,,,,,,,,,,,,,,,
ManifestSample_096,HITI,,,,,15-Oct-2019,,,,,,,,,
ManifestSample_097,HITI,,,,,23-Oct-2019,,,,,,,,,
ManifestSample_098,HITI,,,,,25-Oct-2019,,,,,,,,,
ManifestSample_099,HITI,,,,,4-Nov-2019,,,,,,,,,
ManifestSample_100,HITI,,,,,16-Nov-2019,,,,,,,,,
ManifestSample_101,HITI,,,,,28-Dec-2019,,,,,,,,,
ManifestSample_102,HITI,,,,,6-Dec-2020,,,,,,,,,
ManifestSample_103,Arctic Hurtigruten,,,,,2-Jun-2018,,Rawfjorden,,,,,,,
,,,,,,,,,,,,,,,
ManifestSample_104,Arctic Hurtigruten,,,,,2-Jun-2018,,Smeerenburgbreen,,,,,,,
ManifestSample_105,Arctic Hurtigruten,,,,,2-Jun-2018,,Hornsund,,,,,,,
ManifestSample_106,Arctic Hurtigruten,,,,,26-Jun-2018,,,,,,,Ms Spitsbergen ,,
ManifestSample_107,Arctic Hurtigruten,,,,,29-Jun-2018,,Gnulodden,,,,,,,
ManifestSample_108,Arctic Hurtigruten,,,,,7-Jul-2018,,Palanderbukta,,,,,,,
ManifestSample_109,Arctic Hurtigruten,,,,,15-Jul-2018,,Burgerbukta ,,,,,,,
ManifestSample_110,Arctic Hurtigruten,,,,,23-Jul-2018,,Palanderbukta,,,,,,,
ManifestSample_111,Arctic Hurtigruten,,,,,29-Jul-2018,,Glacier Smeerenburg,,,Hurtigruten,,MS Spitsbergen,,
,,,,,,,,,,,,,,,
ManifestSample_112,Arctic Hurtigruten,,,,,4-Aug-2018,,Burgerbukta ,,,Hurtigruten,,MS Spitsbergen,,
ManifestSample_113,Arctic Hurtigruten,,,,,5-Aug-2018,,Trugghamnma,,,Hurtigruten,,MS Spitsbergen,,
ManifestSample_114,Arctic Hurtigruten,,,,,19-Jul-2018,,Smeerenburgbreen,,,Hurtigruten,,MS Spitsbergen,,
ManifestSample_115,WAP,,,,,4-Dec-2019,,Danco Island,-64.746,-62.622,,,,,
ManifestSample_116,WAP,,,,,21-Dec-2019,,Danco Island,-64.746,-62.622,,,,,
ManifestSample_117,WAP,,,,,1-Jan-2020,14h23,Danco Island,-64.746,-62.622,,,,,
ManifestSample_118,WAP,,,,,2-Jan-2020,17:45,Orne Harbour,-64.638,-62.534,,,,,
ManifestSample_119,WAP,,,,,16-Jan-2020,14h25,Halfmoon Island,-62.595,-59.974,,,,,
,,,,,,,,,,,,,,,
ManifestSample_120,WAP,,,,,19-Jan-2020,15h45,Orne Harbour,-64.638,-62.534,,,,,
ManifestSample_121,WAP,,,,,31-Jan-2020,,Halfmoon Island,-62.595,-59.974,,,,,
ManifestSample_122,WAP,,,,,2-Feb-2020,13:18,Brown Bluff,-63.520,-56.873,,,,,
ManifestSample_123,WAP,,,,,4-Feb-2020,,Danco Island,-64.746,-62.622,,,,,
ManifestSample_124,WAP,,,,,5-Feb-2020,,Petermann Island,-65.173,-64.116,,,,,
ManifestSample_125,WAP,,,,,5-Feb-2020,,Petermann Island,-65.173,-64.116,,,,,
ManifestSample_126,WAP,,,,,6-Mar-2020,,Stonington Island,-68.186,-66.997,,,,,
ManifestSample_127,WAP,,,,,7-Mar-2020,12:30,Horshoe Island,-67.836,-67.189,,,,,
,,,,,,,,,,,,,,,
ManifestSample_128,WAP,,,,,28-Nov-2021,,Horshoe Island,-67.836,-67.189,,,,,
ManifestSample_129,WAP,,,,,29-Nov-2021,15:30,Orne Harbour,-64.638,-62.534,,,,,
ManifestSample_130,WAP,,,,,16-Dec-2021,,Brown Bluff,-63.520,-56.873,,,,,
ManifestSample_131,WAP,,,,,17-Dec-2021,,Neko Harbour,-64.851,-62.542,,,,,
ManifestSample_132,WAP,,,,,20-Jan-2022,,Petermann Island,-65.173,-64.116,,,,,
ManifestSample_133,WAP,,,,,22-Feb-2022,,Paradise Harbour,-64.912,-62.862,,,,,
ManifestSample_134,WAP,,,,,24-Feb-2022,,Cuverville Island,-64.671,-62.611,,,,,
ManifestSample_135,WAP,,,,,8-Mar-2022,,Petermann Island,-65.173,-64.116,,,,,
,,,,,,,,,,,,,,,
ManifestSample_136,WAP,,,,,22-Mar-2022,,Paradise Harbour,-64.912,-62.862,,,,,
ManifestSample_137,WAP,,,,,23-Mar-2022,,Cuverville Island,-64.671,-62.611,,,,,
ManifestSample_138,Falkland Islands,,,,,8-Dec-2021,,West Point,-51.335,-60.677,,,,,
ManifestSample_139,Falkland Islands,,,,,23-Dec-2021,,Carcass Island,-50.528,-59.323,,,,,
ManifestSample_140,Falkland Islands,,,,,24-Dec-2021,,Sanders Island,-51.302,-60.235,,,,,
ManifestSample_141,Falkland Islands,,,,,24-Dec-2021,,Sanders Island,-51.302,-60.235,,,,,
ManifestSample_142,Falkland Islands,,,,,25-Dec-2021,,New Island,-51.732,-61.273,,,,,
ManifestSample_143,Falkland Islands,,,,,26-Jul-2020,,Burgerbukta ,,,,,,,
,,,,,,,,,,,,,,,
ManifestSample_144,Greenland Sermilik,SF 2019,,,,,,CTD 2,,,,SURF,,,
ManifestSample_145,Greenland Sermilik,SF 2019,,,,,,CTD 3,,,,SURF,,,
ManifestSample_146,Greenland Sermilik,SF 2019,,,,,,CTD 3,,,,10m,,,
ManifestSample_147,Greenland Sermilik,SF 2019,,,,,,CTD 4,,,,B26,,,
ManifestSample_148,Greenland Sermilik,SF 2019,,,,,,CTD 4,,,,B28,,,
ManifestSample_149,Greenland Sermilik,SF 2019,,,,,,CTD 5,,,,SURF,,,
ManifestSample_150,Greenland Sermilik,SF 2019,,,,,,CTD 5,,,,B26,,,
ManifestSample_151,Greenland Sermilik,SF 2019,,,,,,CTD 6,,,,SURF,,,
,,,,,,,,,,,,,,,
ManifestSample_152,Greenland Sermilik,SF 2019,,,,,,CTD 6,,,,Chl max,,,
ManifestSample_153,Greenland Sermilik,SF 2019,,,,,,CTD 7,,,,SURF,,,
ManifestSample_154,Greenland Sermilik,SF 2019,,,,,,CTD 7,,,,B26,,,
ManifestSample_155,Greenland Sermilik,SF 2019,,,,,,CTD 8,,,,SURF,,,
ManifestSample_156,Greenland Sermilik,SF 2019,,,,,,CTD 8,,,,B25,,,
ManifestSample_157,Greenland Sermilik,SF 2019,,,,,,CTD 9,,,,SURF,,,
ManifestSample_158,Greenland Sermilik,SF 2019,,,,,,CTD 9,,,,B25,,,
ManifestSample_159,Greenland Sermilik,SF 2019,,,,,,CTD 10,,,,SURF,,,
,,,,,,,,,,,,,,,
ManifestSample_160,Greenland Sermilik,SF 2019,,,,,,CTD 10,,,,B26,,,
ManifestSample_161,Greenland Sermilik,SF 2019,,,,,,CTD 11,,,,SURF,,,
ManifestSample_162,Greenland Sermilik,SF 2019,,,,,,CTD 11,,,,B25,,,
ManifestSample_163,Greenland Sermilik,SF 2019,,,,,,CTD12,,,,SURF,,,
ManifestSample_164,Greenland Sermilik,SF 2019,,,,,,CTD12,,,,B25,,,
ManifestSample_165,Greenland Sermilik,SF 2019,,,,,,CTD 13,,,,SURF,,,
ManifestSample_166,Greenland Sermilik,SF 2019,,,,,,CTD 13,,,,B26,,,
ManifestSample_167,Greenland Sermilik,SF 2019,,,,,,CTD 14,,,,SURF,,,
,,,,,,,,,,,,,,,
ManifestSample_168,Greenland Sermilik,SF 2019,,,,,,CTD 14,,,,B26,,,
ManifestSample_169,Greenland Sermilik,SF 2019,,,,,,CTD 15,,,,SURF,,,
ManifestSample_170,Greenland Sermilik,SF 2019,,,,,,CTD 15,,,,B26,,,
ManifestSample_171,Greenland Sermilik,SF 2019,,,,,,CTD 16,,,,SURF,,,
ManifestSample_172,Greenland Sermilik,SF 2019,,,,,,CTD 16,,,,B26,,,
ManifestSample_173,Greenland Sermilik,SF 2019,,,,,,CTD 17,,,,SURF,,,
ManifestSample_174,Greenland Sermilik,SF 2019,,,,,,CTD 17,,,,B24,,,
ManifestSample_175,Greenland Sermilik,SF 2019,,,,,,CTD 18,,,,SURF,,,
,,,,,,,,,,,,,,,
ManifestSample_176,Greenland Sermilik,SF 2019,,,,,,CTD 18,,,,B25,,,
ManifestSample_177,Greenland Sermilik,SF 2019,,,,,,CTD 21,,,,SURF,,,
ManifestSample_178,Greenland Sermilik,SF 2019,,,,,,CTD 21,,,,B25,,,
ManifestSample_179,Greenland Sermilik,SF 2019,,,,,,CTD 22 ,,,,SURF,,,
ManifestSample_180,Greenland Sermilik,SF 2019,,,,,,CTD 22 ,,,,B25,,,
ManifestSample_181,Greenland Sermilik,SF 2019,,,,,,CTD 24,,,,SURF,,,
ManifestSample_182,Greenland Sermilik,SF 2019,,,,,,CTD 24,,,,B26,,,
ManifestSample_183,Greenland Sermilik,SF 2019,,,,,,CTD 26,,,,SURF,,,
,,,,,,,,,,,,,,,
ManifestSample_184,Greenland Sermilik,SF 2019,,,,,,CTD 26,,,,B26,,,
ManifestSample_185,Greenland Sermilik,SF 2019,,,,,,CTD 27,,,,SURF,,,
ManifestSample_186,Greenland Sermilik,SF 2019,,,,,,CTD 27,,,,B27,,,
ManifestSample_187,Greenland Sermilik,SF 2019,,,,,,CTD 28,,,,SURF,,,
ManifestSample_188,Greenland Sermilik,SF 2019,,,,,,CTD 28,,,,B26,,,
ManifestSample_189,Greenland Sermilik,SF 2019,,,,,,CTD 29,,,,SURF,,,
ManifestSample_190,Greenland Sermilik,SF 2019,,,,,,CTD 29,,,,B27,,,
,,,,,,,,,,,,,,,
,,,,,,,,,,,,,,,
,,,,,,,,,,,,,,,
,,,,,,,,,,,,,,,
,,,,,,,,,,,,,,,
,,,,,,,,,,,,,,,
,,,,,,,,,,,,,,,
,,,,,,,,,,,,,,,
,,,,,,,,,,,,,,,
,,,,,,,,,,,,,,,
,,,,,,,,,,,,,,,
,,,,,,,,,,,,,,,
,,,,,,,,,,,,,,,
,,,,,,,,,,,,,,,
,,,,,,,,,,,,,,,
,,,,,,,,,,,,,,,
,,,,,,,,,,,,,,,
,,,,,,,,,,,,,,,
,,,,,,,,,,,,,,,
,,,,,,,,,,,,,,,
,,,,,,,,,,,,,,,
,,,,,,,,,,,,,,,
,,,,,,,,,,,,,,,
,,,,,,,,,,,,,,,
,,,,,,,,,,,,,,,
,,,,,,,,,,,,,,,
,,,,,,,,,,,,,,,
,,,,,,,,,,,,,,,
,,,,,,,,,,,,,,,
,,,,,,,,,,,,,,,
,,,,,,,,,,,,,,,
,,,,,,,,,,,,,,,
,,,,,,,,,,,,,,,
,,,,,,,,,,,,,,,
,,,,,,,,,,,,,,,
,,,,,,,,,,,,,,,
,,,,,,,,,,,,,,,
,,,,,,,,,,,,,,,
,,,,,,,,,,,,,,,
,,,,,,,,,,,,,,,
,,,,,,,,,,,,,,,
,,,,,,,,,,,,,,,
,,,,,,,,,,,,,,,
,,,,,,,,,,,,,,,
,,,,,,,,,,,,,,,
,,,,,,,,,,,,,,,
,,,,,,,,,,,,,,,
,,,,,,,,,,,,,,,
,,,,,,,,,,,,,,,
,,,,,,,,,,,,,,,
,,,,,,,,,,,,,,,
,,,,,,,,,,,,,,,
,,,,,,,,,,,,,,,
,,,,,,,,,,,,,,,
,,,,,,,,,,,,,,,
,,,,,,,,,,,,,,,
,,,,,,,,,,,,,,,
,,,,,,,,,,,,,,,
,,,,,,,,,,,,,,,
,,,,,,,,,,,,,,,
,,,,,,,,,,,,,,,
,,,,,,,,,,,,,,,
,,,,,,,,,,,,,,,
,,,,,,,,,,,,,,,
,,,,,,,,,,,,,,,
,,,,,,,,,,,,,,,
,,,,,,,,,,,,,,,
,,,,,,,,,,,,,,,
,,,,,,,,,,,,,,,
,,,,,,,,,,,,,,,
,,,,,,,,,,,,,,,
,,,,,,,,,,,,,,,
,,,,,,,,,,,,,,,
,,,,,,,,,,,,,,,
,,,,,,,,,,,,,,,
,,,,,,,,,,,,,,,
,,,,,,,,,,,,,,,
,,,,,,,,,,,,,,,
,,,,,,,,,,,,,,,
,,,,,,,,,,,,,,,
,,,,,,,,,,,,,,,
,,,,,,,,,,,,,,,
,,,,,,,,,,,,,,,
,,,,,,,,,,,,,,,
,,,,,,,,,,,,,,,
,,,,,,,,,,,,,,,
,,,,,,,,,,,,,,,
,,,,,,,,,,,,,,,
,,,,,,,,,,,,,,,
,,,,,,,,,,,,,,,
,,,,,,,,,,,,,,,
,,,,,,,,,,,,,,,
,,,,,,,,,,,,,,,
,,,,,,,,,,,,,,,
,,,,,,,,,,,,,,,
,,,,,,,,,,,,,,,
,,,,,,,,,,,,,,,
,,,,,,,,,,,,,,,
,,,,,,,,,,,,,,,
,,,,,,,,,,,,,,,
,,,,,,,,,,,,,,,
,,,,,,,,,,,,,,,
,,,,,,,,,,,,,,,
,,,,,,,,,,,,,,,
,,,,,,,,,,,,,,,
,,,,,,,,,,,,,,,
,,,,,,,,,,,,,,,
,,,,,,,,,,,,,,,
,,,,,,,,,,,,,,,
,,,,,,,,,,,,,,,
,,,,,,,,,,,,,,,
,,,,,,,,,,,,,,,
,,,,,,,,,,,,,,,
,,,,,,,,,,,,,,,
,,,,,,,,,,,,,,,
,,,,,,,,,,,,,,,
,,,,,,,,,,,,,,,
,,,,,,,,,,,,,,,
,,,,,,,,,,,,,,,
,,,,,,,,,,,,,,,
,,,,,,,,,,,,,,,
,,,,,,,,,,,,,,,
,,,,,,,,,,,,,,,
,,,,,,,,,,,,,,,
,,,,,,,,,,,,,,,
,,,,,,,,,,,,,,,
,,,,,,,,,,,,,,,
,,,,,,,,,,,,,,,
,,,,,,,,,,,,,,,
,,,,,,,,,,,,,,,
,,,,,,,,,,,,,,,
,,,,,,,,,,,,,,,
,,,,,,,,,,,,,,,
,,,,,,,,,,,,,,,
,,,,,,,,,,,,,,,
,,,,,,,,,,,,,,,
,,,,,,,,,,,,,,,
,,,,,,,,,,,,,,,
,,,,,,,,,,,,,,,
,,,,,,,,,,,,,,,
,,,,,,,,,,,,,,,
,,,,,,,,,,,,,,,
,,,,,,,,,,,,,,,
,,,,,,,,,,,,,,,
,,,,,,,,,,,,,,,
,,,,,,,,,,,,,,,
,,,,,,,,,,,,,,,
,,,,,,,,,,,,,,,
,,,,,,,,,,,,,,,
,,,,,,,,,,,,,,,
,,,,,,,,,,,,,,,
,,,,,,,,,,,,,,,
,,,,,,,,,,,,,,,
,,,,,,,,,,,,,,,
,,,,,,,,,,,,,,,
,,,,,,,,,,,,,,,
,,,,,,,,,,,,,,,
,,,,,,,,,,,,,,,
,,,,,,,,,,,,,,,
,,,,,,,,,,,,,,,
,,,,,,,,,,,,,,,
,,,,,,,,,,,,,,,
,,,,,,,,,,,,,,,
,,,,,,,,,,,,,,,
,,,,,,,,,,,,,,,
,,,,,,,,,,,,,,,
,,,,,,,,,,,,,,,
,,,,,,,,,,,,,,,
,,,,,,,,,,,,,,,
,,,,,,,,,,,,,,,
,,,,,,,,,,,,,,,
,,,,,,,,,,,,,,,
,,,,,,,,,,,,,,,
,,,,,,,,,,,,,,,
,,,,,,,,,,,,,,,
,,,,,,,,,,,,,,,
,,,,,,,,,,,,,,,
,,,,,,,,,,,,,,,
,,,,,,,,,,,,,,,
,,,,,,,,,,,,,,,
,,,,,,,,,,,,,,,
,,,,,,,,,,,,,,,
,,,,,,,,,,,,,,,
,,,,,,,,,,,,,,,
,,,,,,,,,,,,,,,
,,,,,,,,,,,,,,,
,,,,,,,,,,,,,,,
,,,,,,,,,,,,,,,
,,,,,,,,,,,,,,,
,,,,,,,,,,,,,,,
,,,,,,,,,,,,,,,
,,,,,,,,,,,,,,,
,,,,,,,,,,,,,,,
,,,,,,,,,,,,,,,
,,,,,,,,,,,,,,,
,,,,,,,,,,,,,,,
,,,,,,,,,,,,,,,
,,,,,,,,,,,,,,,
,,,,,,,,,,,,,,,
,,,,,,,,,,,,,,,
,,,,,,,,,,,,,,,
,,,,,,,,,,,,,,,
,,,,,,,,,,,,,,,
,,,,,,,,,,,,,,,
,,,,,,,,,,,,,,,
,,,,,,,,,,,,,,,
,,,,,,,,,,,,,,,
,,,,,,,,,,,,,,,
,,,,,,,,,,,,,,,
,,,,,,,,,,,,,,,
,,,,,,,,,,,,,,,
,,,,,,,,,,,,,,,
,,,,,,,,,,,,,,,